-- phpMyAdmin SQL Dump
-- version 5.2.1
-- https://www.phpmyadmin.net/
--
-- Host: 127.0.0.1
-- Generation Time: May 27, 2024 at 08:22 AM
-- Server version: 10.4.32-MariaDB
-- PHP Version: 8.2.12

SET SQL_MODE = "NO_AUTO_VALUE_ON_ZERO";
START TRANSACTION;
SET time_zone = "+00:00";


/*!40101 SET @OLD_CHARACTER_SET_CLIENT=@@CHARACTER_SET_CLIENT */;
/*!40101 SET @OLD_CHARACTER_SET_RESULTS=@@CHARACTER_SET_RESULTS */;
/*!40101 SET @OLD_COLLATION_CONNECTION=@@COLLATION_CONNECTION */;
/*!40101 SET NAMES utf8mb4 */;

--
-- Database: `hms`
--

-- --------------------------------------------------------

--
-- Table structure for table `appointment`
--

CREATE TABLE `appointment` (
  `Appoint_ID` int(11) NOT NULL,
  `Scheduled_On` date NOT NULL,
  `Date` date NOT NULL,
  `Time` time NOT NULL,
  `Doctor_ID` int(11) NOT NULL,
  `Patient_ID` int(11) NOT NULL
) ENGINE=InnoDB DEFAULT CHARSET=latin1 COLLATE=latin1_swedish_ci;

--
-- Dumping data for table `appointment`
--

INSERT INTO `appointment` (`Appoint_ID`, `Scheduled_On`, `Date`, `Time`, `Doctor_ID`, `Patient_ID`) VALUES
(67, '2024-05-03', '2024-05-22', '14:16:00', 1, 7),
(68, '2024-05-14', '2024-05-30', '14:19:00', 1, 7),
(69, '2024-05-07', '2024-05-15', '15:19:00', 1, 7);

-- --------------------------------------------------------

--
-- Table structure for table `bill`
--

CREATE TABLE `bill` (
  `Payment_ID` int(11) NOT NULL,
  `DATE` date NOT NULL,
  `Other_charges` decimal(10,2) DEFAULT NULL,
  `Total` decimal(10,2) NOT NULL,
  `Patient_ID` int(11) NOT NULL,
  `Room_ID` int(11) NOT NULL,
  `Medicine_ID` int(11) NOT NULL
) ENGINE=InnoDB DEFAULT CHARSET=latin1 COLLATE=latin1_swedish_ci;

--
-- Dumping data for table `bill`
--

INSERT INTO `bill` (`Payment_ID`, `DATE`, `Other_charges`, `Total`, `Patient_ID`, `Room_ID`, `Medicine_ID`) VALUES
(9, '2024-05-10', 12.00, 213.23, 6, 1, 90);

-- --------------------------------------------------------

--
-- Table structure for table `department`
--

CREATE TABLE `department` (
  `Dept_ID` int(11) NOT NULL,
  `Dept_head` varchar(100) DEFAULT NULL,
  `Dept_name` varchar(100) NOT NULL,
  `Emp_Count` int(11) DEFAULT NULL
) ENGINE=InnoDB DEFAULT CHARSET=utf8mb4 COLLATE=utf8mb4_general_ci;

--
-- Dumping data for table `department`
--

INSERT INTO `department` (`Dept_ID`, `Dept_head`, `Dept_name`, `Emp_Count`) VALUES
(2, 'UBT', 'MBE', 20),
(3, 'UBT', 'SHKI', 40);

-- --------------------------------------------------------

--
-- Table structure for table `doctor`
--

CREATE TABLE `doctor` (
  `Doctor_ID` int(11) NOT NULL,
  `Qualifications` varchar(255) NOT NULL,
  `Emp_ID` int(11) NOT NULL,
  `Specialization` varchar(100) DEFAULT NULL,
  `user_id` int(11) NOT NULL
) ENGINE=InnoDB DEFAULT CHARSET=utf8mb4 COLLATE=utf8mb4_general_ci;

--
-- Dumping data for table `doctor`
--

INSERT INTO `doctor` (`Doctor_ID`, `Qualifications`, `Emp_ID`, `Specialization`, `user_id`) VALUES
(1, 'test', 3, 'test', 10);

-- --------------------------------------------------------

--
-- Table structure for table `emergency_contact`
--

CREATE TABLE `emergency_contact` (
  `Contact_ID` int(11) NOT NULL,
  `Contact_Name` varchar(100) NOT NULL,
  `Phone` varchar(20) NOT NULL,
  `Relation` varchar(50) NOT NULL,
  `Patient_ID` int(11) NOT NULL
) ENGINE=InnoDB DEFAULT CHARSET=utf8mb4 COLLATE=utf8mb4_general_ci;

--
-- Dumping data for table `emergency_contact`
--

INSERT INTO `emergency_contact` (`Contact_ID`, `Contact_Name`, `Phone`, `Relation`, `Patient_ID`) VALUES
(26, 'Lind', '049438421', 'Brother', 6),
(27, 'Filan', '049123456', 'Mother', 7),
(28, 'UBT', '049999999', 'Close family Member', 7),
(29, 'Bledar', '121212121', 'Sister', 7),
(30, 'Lindi', '049438422', 'Mother', 7),
(31, 'Fjolla', '049111111', 'Sister', 6),
(32, 'Egzona', '049334455', 'Sister', 6),
(33, 'Alton', '044321321', 'Friend', 7);

-- --------------------------------------------------------

--
-- Table structure for table `insurance`
--

CREATE TABLE `insurance` (
  `Policy_Number` int(11) NOT NULL,
  `Patient_ID` int(11) NOT NULL,
  `Ins_Code` varchar(10) NOT NULL,
  `End_Date` date NOT NULL,
  `Provider` varchar(100) NOT NULL,
  `Plan` varchar(100) NOT NULL,
  `Co_Pay` varchar(100) NOT NULL,
  `Coverage` varchar(100) NOT NULL,
  `Maternity` varchar(100) NOT NULL,
  `Dental` varchar(100) NOT NULL,
  `Optical` varchar(100) NOT NULL
) ENGINE=InnoDB DEFAULT CHARSET=utf8mb4 COLLATE=utf8mb4_general_ci;

--
-- Dumping data for table `insurance`
--

INSERT INTO `insurance` (`Policy_Number`, `Patient_ID`, `Ins_Code`, `End_Date`, `Provider`, `Plan`, `Co_Pay`, `Coverage`, `Maternity`, `Dental`, `Optical`) VALUES
(71, 7, '1172711835', '2024-05-04', 'No', 'Yes', 'Yes', '50%', 'Yes', 'No', 'No'),
(72, 6, '111111', '2024-05-04', 'Yes', 'No', 'Yes', '25%', 'No', 'No', 'Yes'),
(73, 7, '121212', '2024-05-12', 'Yes', 'Yes', 'Yes', '25%', 'No', 'No', 'No'),
(74, 7, '123456', '2024-05-02', 'Yes', 'Yes', 'Yes', '50%', 'Yes', 'No', 'Yes'),
(75, 6, '123465', '2024-05-24', 'Yes', 'Yes', 'Yes', '75%', 'No', 'No', 'No'),
(76, 7, '9988998', '2024-05-10', 'Yes', 'No', 'No', '50%', 'No', 'No', 'No'),
(77, 7, '7777777', '2024-05-11', 'Yes', 'Yes', 'No', '50%', 'No', 'No', 'Yes'),
(78, 6, '11111111', '2024-05-08', 'Yes', 'No', 'Yes', '50%', 'No', 'No', 'Yes');

-- --------------------------------------------------------

--
-- Table structure for table `lab_screening`
--

CREATE TABLE `lab_screening` (
  `Lab_ID` int(11) NOT NULL,
  `Patient_ID` int(11) NOT NULL,
  `Technician_ID` int(11) DEFAULT NULL,
  `Doctor_ID` int(11) DEFAULT NULL,
  `Test_Cost` decimal(10,2) DEFAULT NULL,
  `Date` date DEFAULT NULL
) ENGINE=InnoDB DEFAULT CHARSET=utf8mb4 COLLATE=utf8mb4_general_ci;

-- --------------------------------------------------------

--
-- Table structure for table `medical_history`
--

CREATE TABLE `medical_history` (
  `Record_ID` int(11) NOT NULL,
  `Patient_ID` int(11) NOT NULL,
  `Allergies` varchar(255) DEFAULT NULL,
  `Pre_Conditions` varchar(255) DEFAULT NULL
) ENGINE=InnoDB DEFAULT CHARSET=utf8mb4 COLLATE=utf8mb4_general_ci;

-- --------------------------------------------------------

--
-- Table structure for table `medicine`
--

CREATE TABLE `medicine` (
  `Medicine_ID` int(11) NOT NULL,
  `M_name` varchar(100) NOT NULL,
  `M_Quantity` int(11) NOT NULL,
  `M_Cost` decimal(10,2) NOT NULL
) ENGINE=InnoDB DEFAULT CHARSET=utf8mb4 COLLATE=utf8mb4_general_ci;

--
-- Dumping data for table `medicine`
--

INSERT INTO `medicine` (`Medicine_ID`, `M_name`, `M_Quantity`, `M_Cost`) VALUES
(86, 'Aspirin', 12, 11.20),
(87, 'Morphine', 21, 11.21),
(88, 'Smallpox vaccine', 12, 221.00),
(89, 'Dalleron', 1002, 11110.00),
(90, 'Paracetamol', 1, 1.23),
(91, 'Amoxicillin', 44, 221.00),
(92, 'Apixaban', 21, 122.00),
(93, 'Vitamin C', 2, 12.00),
(94, 'Vitamin D', 991, 45.00);

-- --------------------------------------------------------

--
-- Table structure for table `nurse`
--

CREATE TABLE `nurse` (
  `Nurse_ID` int(11) NOT NULL,
  `Patient_ID` int(11) NOT NULL,
  `Emp_ID` int(11) NOT NULL
) ENGINE=InnoDB DEFAULT CHARSET=utf8mb4 COLLATE=utf8mb4_general_ci;

-- --------------------------------------------------------

--
-- Table structure for table `patient`
--

CREATE TABLE `patient` (
  `Patient_ID` int(11) NOT NULL,
  `Personal_Number` int(11) NOT NULL,
  `Patient_Fname` varchar(50) NOT NULL,
  `Patient_Lname` varchar(50) NOT NULL,
  `Birth_Date` date DEFAULT NULL,
  `Gender` varchar(10) DEFAULT NULL,
  `Blood_type` varchar(10) DEFAULT NULL,
  `Conditionn` varchar(255) DEFAULT NULL,
  `Admission_Date` date NOT NULL,
  `Discharge_Date` date DEFAULT NULL,
  `Email` varchar(100) DEFAULT NULL,
  `Phone` varchar(20) DEFAULT NULL
) ENGINE=InnoDB DEFAULT CHARSET=utf8mb4 COLLATE=utf8mb4_general_ci;

--
-- Dumping data for table `patient`
--

INSERT INTO `patient` (`Patient_ID`, `Personal_Number`, `Patient_Fname`, `Patient_Lname`, `Birth_Date`, `Gender`, `Blood_type`, `Conditionn`, `Admission_Date`, `Discharge_Date`, `Email`, `Phone`) VALUES
(6, 0, 'Filan', 'Fisteku', NULL, 'Other', 'A+', '1', '2024-05-02', '2024-05-01', 'filan@gmail.com', '121212122'),
(7, 1247385041, 'Filane', 'Egzona', '2020-01-07', 'Male', 'O+', '11111', '2024-05-08', '2024-05-01', 'filane@gmail.com', '111111111');

-- --------------------------------------------------------

--
-- Table structure for table `payroll`
--

CREATE TABLE `payroll` (
  `Account_no` int(11) NOT NULL,
  `Salary` decimal(10,2) NOT NULL,
  `Bonus` decimal(10,2) DEFAULT NULL,
  `Emp_ID` int(11) NOT NULL,
  `IBAN` varchar(50) DEFAULT NULL
) ENGINE=InnoDB DEFAULT CHARSET=utf8mb4 COLLATE=utf8mb4_general_ci;

-- --------------------------------------------------------

--
-- Table structure for table `prescription`
--

CREATE TABLE `prescription` (
  `Prescription_ID` int(11) NOT NULL,
  `Patient_ID` int(11) NOT NULL,
  `Date` date NOT NULL,
  `Dosage` varchar(100) NOT NULL,
  `Doctor_ID` int(11) NOT NULL,
  `Medicine_ID` int(11) NOT NULL
) ENGINE=InnoDB DEFAULT CHARSET=latin1 COLLATE=latin1_swedish_ci;

-- --------------------------------------------------------

--
-- Table structure for table `rating`
--

CREATE TABLE `rating` (
  `Rating_ID` int(11) NOT NULL,
  `Emp_ID` int(11) NOT NULL,
  `Rating` tinyint(4) NOT NULL,
  `Comments` text DEFAULT NULL,
  `Date` date NOT NULL
) ENGINE=InnoDB DEFAULT CHARSET=utf8mb4 COLLATE=utf8mb4_general_ci;

--
-- Dumping data for table `rating`
--

INSERT INTO `rating` (`Rating_ID`, `Emp_ID`, `Rating`, `Comments`, `Date`) VALUES
(10, 2, 5, 'Mire', '2024-05-15'),
(11, 3, 3, 'Mire', '2024-05-15'),
(12, 3, 2, 'Mire', '2024-05-27'),
(13, 2, 2, '2', '2024-05-15'),
(14, 2, 1, 'Dobet', '2024-05-27'),
(15, 2, 2, 'Mire', '2024-05-27'),
(16, 2, 1, 'Dobet', '2024-05-27'),
(17, 2, 2, 'Dobet', '2024-05-27'),
(18, 2, 2, 'Dobet', '2024-05-27'),
(19, 2, 1, 'Dobet', '2024-05-27'),
(21, 3, 4, 'Shume mire', '2024-05-15'),
(22, 2, 4, 'Super mire', '2024-05-15'),
(26, 2, 2, 'Shume mire', '2024-05-27');

-- --------------------------------------------------------

--
-- Table structure for table `reports`
--

CREATE TABLE `reports` (
  `Report_ID` int(11) NOT NULL,
  `personal_number` int(11) NOT NULL,
  `report` longblob NOT NULL,
  `created_at` timestamp NULL DEFAULT current_timestamp()
) ENGINE=InnoDB DEFAULT CHARSET=latin1 COLLATE=latin1_swedish_ci;

--
-- Dumping data for table `reports`
--

INSERT INTO `reports` (`Report_ID`, `personal_number`, `report`, `created_at`) VALUES
(3, 1247385041, 0x255044462d312e340a312030206f626a0a3c3c0a2f5469746c652028feff290a2f43726561746f722028feff290a2f50726f64756365722028feff0051007400200035002e0035002e0031290a2f4372656174696f6e446174652028443a3230323430353237303631333036290a3e3e0a656e646f626a0a322030206f626a0a3c3c0a2f54797065202f436174616c6f670a2f50616765732033203020520a3e3e0a656e646f626a0a342030206f626a0a3c3c0a2f54797065202f4578744753746174650a2f534120747275650a2f534d20302e30320a2f636120312e300a2f434120312e300a2f4149532066616c73650a2f534d61736b202f4e6f6e653e3e0a656e646f626a0a352030206f626a0a5b2f5061747465726e202f4465766963655247425d0a656e646f626a0a372030206f626a0a3c3c0a2f636120302e313439303139363037200a2f43412031200a3e3e0a656e646f626a0a382030206f626a0a3c3c0a2f54797065202f584f626a6563740a2f53756274797065202f496d6167650a2f576964746820310a2f4865696768742032300a2f42697473506572436f6d706f6e656e7420380a2f436f6c6f725370616365202f446576696365477261790a2f4c656e6774682039203020520a2f46696c746572202f466c6174654465636f64650a3e3e0a73747265616d0a789c636064646261e5e0e6131491909653505256555503000967017a656e6473747265616d0a656e646f626a0a392030206f626a0a32380a656e646f626a0a31302030206f626a0a3c3c0a2f54797065202f584f626a6563740a2f53756274797065202f496d6167650a2f576964746820310a2f4865696768742032300a2f42697473506572436f6d706f6e656e7420380a2f436f6c6f725370616365202f4465766963655247420a2f534d61736b2038203020520a2f4c656e677468203131203020520a2f46696c746572202f4443544465636f64650a3e3e0a73747265616d0affd8ffe000104a46494600010101006000600000ffdb0043000201010201010202020202020202030503030303030604040305070607070706070708090b0908080a0807070a0d0a0a0b0c0c0c0c07090e0f0d0c0e0b0c0c0cffdb004301020202030303060303060c0807080c0c0c0c0c0c0c0c0c0c0c0c0c0c0c0c0c0c0c0c0c0c0c0c0c0c0c0c0c0c0c0c0c0c0c0c0c0c0c0c0c0c0c0c0c0c0c0c0c0cffc00011080014000103012200021101031101ffc4001f0000010501010101010100000000000000000102030405060708090a0bffc400b5100002010303020403050504040000017d01020300041105122131410613516107227114328191a1082342b1c11552d1f02433627282090a161718191a25262728292a3435363738393a434445464748494a535455565758595a636465666768696a737475767778797a838485868788898a92939495969798999aa2a3a4a5a6a7a8a9aab2b3b4b5b6b7b8b9bac2c3c4c5c6c7c8c9cad2d3d4d5d6d7d8d9dae1e2e3e4e5e6e7e8e9eaf1f2f3f4f5f6f7f8f9faffc4001f0100030101010101010101010000000000000102030405060708090a0bffc400b51100020102040403040705040400010277000102031104052131061241510761711322328108144291a1b1c109233352f0156272d10a162434e125f11718191a262728292a35363738393a434445464748494a535455565758595a636465666768696a737475767778797a82838485868788898a92939495969798999aa2a3a4a5a6a7a8a9aab2b3b4b5b6b7b8b9bac2c3c4c5c6c7c8c9cad2d3d4d5d6d7d8d9dae2e3e4e5e6e7e8e9eaf2f3f4f5f6f7f8f9faffda000c03010002110311003f00fe7fe8a28a0028a28a00ffd9656e6473747265616d0a656e646f626a0a31312030206f626a0a3633350a656e646f626a0a31322030206f626a0a3c3c0a2f54797065202f584f626a6563740a2f53756274797065202f496d6167650a2f576964746820310a2f4865696768742032300a2f42697473506572436f6d706f6e656e7420380a2f436f6c6f725370616365202f446576696365477261790a2f4c656e677468203133203020520a2f46696c746572202f466c6174654465636f64650a3e3e0a73747265616d0a789c5353555556529093961011e4e3e6606561626464000015ae017a656e6473747265616d0a656e646f626a0a31332030206f626a0a32380a656e646f626a0a31342030206f626a0a3c3c0a2f54797065202f584f626a6563740a2f53756274797065202f496d6167650a2f576964746820310a2f4865696768742032300a2f42697473506572436f6d706f6e656e7420380a2f436f6c6f725370616365202f4465766963655247420a2f534d61736b203132203020520a2f4c656e677468203135203020520a2f46696c746572202f4443544465636f64650a3e3e0a73747265616d0affd8ffe000104a46494600010101006000600000ffdb0043000201010201010202020202020202030503030303030604040305070607070706070708090b0908080a0807070a0d0a0a0b0c0c0c0c07090e0f0d0c0e0b0c0c0cffdb004301020202030303060303060c0807080c0c0c0c0c0c0c0c0c0c0c0c0c0c0c0c0c0c0c0c0c0c0c0c0c0c0c0c0c0c0c0c0c0c0c0c0c0c0c0c0c0c0c0c0c0c0c0c0c0cffc00011080014000103012200021101031101ffc4001f0000010501010101010100000000000000000102030405060708090a0bffc400b5100002010303020403050504040000017d01020300041105122131410613516107227114328191a1082342b1c11552d1f02433627282090a161718191a25262728292a3435363738393a434445464748494a535455565758595a636465666768696a737475767778797a838485868788898a92939495969798999aa2a3a4a5a6a7a8a9aab2b3b4b5b6b7b8b9bac2c3c4c5c6c7c8c9cad2d3d4d5d6d7d8d9dae1e2e3e4e5e6e7e8e9eaf1f2f3f4f5f6f7f8f9faffc4001f0100030101010101010101010000000000000102030405060708090a0bffc400b51100020102040403040705040400010277000102031104052131061241510761711322328108144291a1b1c109233352f0156272d10a162434e125f11718191a262728292a35363738393a434445464748494a535455565758595a636465666768696a737475767778797a82838485868788898a92939495969798999aa2a3a4a5a6a7a8a9aab2b3b4b5b6b7b8b9bac2c3c4c5c6c7c8c9cad2d3d4d5d6d7d8d9dae2e3e4e5e6e7e8e9eaf2f3f4f5f6f7f8f9faffda000c03010002110311003f00fe7fe8a28a0028a28a00ffd9656e6473747265616d0a656e646f626a0a31352030206f626a0a3633350a656e646f626a0a31362030206f626a0a3c3c0a2f54797065202f584f626a6563740a2f53756274797065202f496d6167650a2f57696474682032300a2f48656967687420310a2f42697473506572436f6d706f6e656e7420380a2f436f6c6f725370616365202f446576696365477261790a2f4c656e677468203137203020520a2f46696c746572202f466c6174654465636f64650a3e3e0a73747265616d0a789c636060646266e5e0e21314919096535052565555030009370177656e6473747265616d0a656e646f626a0a31372030206f626a0a32380a656e646f626a0a31382030206f626a0a3c3c0a2f54797065202f584f626a6563740a2f53756274797065202f496d6167650a2f57696474682032300a2f48656967687420310a2f42697473506572436f6d706f6e656e7420380a2f436f6c6f725370616365202f4465766963655247420a2f534d61736b203136203020520a2f4c656e677468203139203020520a2f46696c746572202f4443544465636f64650a3e3e0a73747265616d0affd8ffe000104a46494600010101006000600000ffdb0043000201010201010202020202020202030503030303030604040305070607070706070708090b0908080a0807070a0d0a0a0b0c0c0c0c07090e0f0d0c0e0b0c0c0cffdb004301020202030303060303060c0807080c0c0c0c0c0c0c0c0c0c0c0c0c0c0c0c0c0c0c0c0c0c0c0c0c0c0c0c0c0c0c0c0c0c0c0c0c0c0c0c0c0c0c0c0c0c0c0c0c0cffc00011080001001403012200021101031101ffc4001f0000010501010101010100000000000000000102030405060708090a0bffc400b5100002010303020403050504040000017d01020300041105122131410613516107227114328191a1082342b1c11552d1f02433627282090a161718191a25262728292a3435363738393a434445464748494a535455565758595a636465666768696a737475767778797a838485868788898a92939495969798999aa2a3a4a5a6a7a8a9aab2b3b4b5b6b7b8b9bac2c3c4c5c6c7c8c9cad2d3d4d5d6d7d8d9dae1e2e3e4e5e6e7e8e9eaf1f2f3f4f5f6f7f8f9faffc4001f0100030101010101010101010000000000000102030405060708090a0bffc400b51100020102040403040705040400010277000102031104052131061241510761711322328108144291a1b1c109233352f0156272d10a162434e125f11718191a262728292a35363738393a434445464748494a535455565758595a636465666768696a737475767778797a82838485868788898a92939495969798999aa2a3a4a5a6a7a8a9aab2b3b4b5b6b7b8b9bac2c3c4c5c6c7c8c9cad2d3d4d5d6d7d8d9dae2e3e4e5e6e7e8e9eaf2f3f4f5f6f7f8f9faffda000c03010002110311003f00fe7fe8a28a0028a28a00ffd9656e6473747265616d0a656e646f626a0a31392030206f626a0a3633350a656e646f626a0a32302030206f626a0a3c3c0a2f54797065202f584f626a6563740a2f53756274797065202f496d6167650a2f57696474682032300a2f48656967687420310a2f42697473506572436f6d706f6e656e7420380a2f436f6c6f725370616365202f446576696365477261790a2f4c656e677468203231203020520a2f46696c746572202f466c6174654465636f64650a3e3e0a73747265616d0a789c5353555556529093961011e4e3e26065666264600000159f0177656e6473747265616d0a656e646f626a0a32312030206f626a0a32380a656e646f626a0a32322030206f626a0a3c3c0a2f54797065202f584f626a6563740a2f53756274797065202f496d6167650a2f57696474682032300a2f48656967687420310a2f42697473506572436f6d706f6e656e7420380a2f436f6c6f725370616365202f4465766963655247420a2f534d61736b203230203020520a2f4c656e677468203233203020520a2f46696c746572202f4443544465636f64650a3e3e0a73747265616d0affd8ffe000104a46494600010101006000600000ffdb0043000201010201010202020202020202030503030303030604040305070607070706070708090b0908080a0807070a0d0a0a0b0c0c0c0c07090e0f0d0c0e0b0c0c0cffdb004301020202030303060303060c0807080c0c0c0c0c0c0c0c0c0c0c0c0c0c0c0c0c0c0c0c0c0c0c0c0c0c0c0c0c0c0c0c0c0c0c0c0c0c0c0c0c0c0c0c0c0c0c0c0c0cffc00011080001001403012200021101031101ffc4001f0000010501010101010100000000000000000102030405060708090a0bffc400b5100002010303020403050504040000017d01020300041105122131410613516107227114328191a1082342b1c11552d1f02433627282090a161718191a25262728292a3435363738393a434445464748494a535455565758595a636465666768696a737475767778797a838485868788898a92939495969798999aa2a3a4a5a6a7a8a9aab2b3b4b5b6b7b8b9bac2c3c4c5c6c7c8c9cad2d3d4d5d6d7d8d9dae1e2e3e4e5e6e7e8e9eaf1f2f3f4f5f6f7f8f9faffc4001f0100030101010101010101010000000000000102030405060708090a0bffc400b51100020102040403040705040400010277000102031104052131061241510761711322328108144291a1b1c109233352f0156272d10a162434e125f11718191a262728292a35363738393a434445464748494a535455565758595a636465666768696a737475767778797a82838485868788898a92939495969798999aa2a3a4a5a6a7a8a9aab2b3b4b5b6b7b8b9bac2c3c4c5c6c7c8c9cad2d3d4d5d6d7d8d9dae2e3e4e5e6e7e8e9eaf2f3f4f5f6f7f8f9faffda000c03010002110311003f00fe7fe8a28a0028a28a00ffd9656e6473747265616d0a656e646f626a0a32332030206f626a0a3633350a656e646f626a0a32342030206f626a0a3c3c0a2f54797065202f584f626a6563740a2f53756274797065202f496d6167650a2f57696474682032300a2f4865696768742032300a2f42697473506572436f6d706f6e656e7420380a2f436f6c6f725370616365202f446576696365477261790a2f4c656e677468203235203020520a2f46696c746572202f466c6174654465636f64650a3e3e0a73747265616d0a789c85cbdd164420148661638a4a2122241a3ff77f8bb313cb389af76c3febdb51f4bf17f4bc420f884337c5f13b842ef282103eba080427490a11122cf6022765be1fa22ce35c08919f861342332ef2a294527a8319ac320150d54aa97396122059abb6d5ba3b0ce19471a04677fd60ccf90ab3b26ebade8cd64ec152ca73a9746fec343b7718062baaa63376769f65398dc16bdb8f13d0badea6f46067a06d0b4698900a5e1dd0be5f967b9b827d01558e0e7b656e6473747265616d0a656e646f626a0a32352030206f626a0a3138300a656e646f626a0a32362030206f626a0a3c3c0a2f54797065202f584f626a6563740a2f53756274797065202f496d6167650a2f57696474682032300a2f4865696768742032300a2f42697473506572436f6d706f6e656e7420380a2f436f6c6f725370616365202f4465766963655247420a2f534d61736b203234203020520a2f4c656e677468203237203020520a2f46696c746572202f4443544465636f64650a3e3e0a73747265616d0affd8ffe000104a46494600010101006000600000ffdb0043000201010201010202020202020202030503030303030604040305070607070706070708090b0908080a0807070a0d0a0a0b0c0c0c0c07090e0f0d0c0e0b0c0c0cffdb004301020202030303060303060c0807080c0c0c0c0c0c0c0c0c0c0c0c0c0c0c0c0c0c0c0c0c0c0c0c0c0c0c0c0c0c0c0c0c0c0c0c0c0c0c0c0c0c0c0c0c0c0c0c0c0cffc00011080014001403012200021101031101ffc4001f0000010501010101010100000000000000000102030405060708090a0bffc400b5100002010303020403050504040000017d01020300041105122131410613516107227114328191a1082342b1c11552d1f02433627282090a161718191a25262728292a3435363738393a434445464748494a535455565758595a636465666768696a737475767778797a838485868788898a92939495969798999aa2a3a4a5a6a7a8a9aab2b3b4b5b6b7b8b9bac2c3c4c5c6c7c8c9cad2d3d4d5d6d7d8d9dae1e2e3e4e5e6e7e8e9eaf1f2f3f4f5f6f7f8f9faffc4001f0100030101010101010101010000000000000102030405060708090a0bffc400b51100020102040403040705040400010277000102031104052131061241510761711322328108144291a1b1c109233352f0156272d10a162434e125f11718191a262728292a35363738393a434445464748494a535455565758595a636465666768696a737475767778797a82838485868788898a92939495969798999aa2a3a4a5a6a7a8a9aab2b3b4b5b6b7b8b9bac2c3c4c5c6c7c8c9cad2d3d4d5d6d7d8d9dae2e3e4e5e6e7e8e9eaf2f3f4f5f6f7f8f9faffda000c03010002110311003f00fe7fe8a28a0028a28a0028a28a0028a28a00ffd9656e6473747265616d0a656e646f626a0a32372030206f626a0a3634330a656e646f626a0a32382030206f626a0a3c3c0a2f54797065202f584f626a6563740a2f53756274797065202f496d6167650a2f57696474682032300a2f4865696768742032300a2f42697473506572436f6d706f6e656e7420380a2f436f6c6f725370616365202f446576696365477261790a2f4c656e677468203239203020520a2f46696c746572202f466c6174654465636f64650a3e3e0a73747265616d0a789c6dcbeb16433010465155218904210411d4e5fd5fb1934b175dedf9b9e79b28faed01fd33df65b1ef8b93a7cfb337e44a92a0ce30cea034455603521b8183d5d85bc139672ca7e4864288aa2c38cb094e513029655303f31c967608d62bd575b21180380b43adc7a1572d20a3194a9ccdc64c7ae8dba68261785ed765367a5052148c64deb6edb52e46f76d5d822167fb0e384f4307cf34d871002e6654f2b2f3045ce1590a4ef1dd666bc5c7ded0b80e7b656e6473747265616d0a656e646f626a0a32392030206f626a0a3137390a656e646f626a0a33302030206f626a0a3c3c0a2f54797065202f584f626a6563740a2f53756274797065202f496d6167650a2f57696474682032300a2f4865696768742032300a2f42697473506572436f6d706f6e656e7420380a2f436f6c6f725370616365202f4465766963655247420a2f534d61736b203238203020520a2f4c656e677468203331203020520a2f46696c746572202f4443544465636f64650a3e3e0a73747265616d0affd8ffe000104a46494600010101006000600000ffdb0043000201010201010202020202020202030503030303030604040305070607070706070708090b0908080a0807070a0d0a0a0b0c0c0c0c07090e0f0d0c0e0b0c0c0cffdb004301020202030303060303060c0807080c0c0c0c0c0c0c0c0c0c0c0c0c0c0c0c0c0c0c0c0c0c0c0c0c0c0c0c0c0c0c0c0c0c0c0c0c0c0c0c0c0c0c0c0c0c0c0c0c0cffc00011080014001403012200021101031101ffc4001f0000010501010101010100000000000000000102030405060708090a0bffc400b5100002010303020403050504040000017d01020300041105122131410613516107227114328191a1082342b1c11552d1f02433627282090a161718191a25262728292a3435363738393a434445464748494a535455565758595a636465666768696a737475767778797a838485868788898a92939495969798999aa2a3a4a5a6a7a8a9aab2b3b4b5b6b7b8b9bac2c3c4c5c6c7c8c9cad2d3d4d5d6d7d8d9dae1e2e3e4e5e6e7e8e9eaf1f2f3f4f5f6f7f8f9faffc4001f0100030101010101010101010000000000000102030405060708090a0bffc400b51100020102040403040705040400010277000102031104052131061241510761711322328108144291a1b1c109233352f0156272d10a162434e125f11718191a262728292a35363738393a434445464748494a535455565758595a636465666768696a737475767778797a82838485868788898a92939495969798999aa2a3a4a5a6a7a8a9aab2b3b4b5b6b7b8b9bac2c3c4c5c6c7c8c9cad2d3d4d5d6d7d8d9dae2e3e4e5e6e7e8e9eaf2f3f4f5f6f7f8f9faffda000c03010002110311003f00fe7fe8a28a0028a28a0028a28a0028a28a00ffd9656e6473747265616d0a656e646f626a0a33312030206f626a0a3634330a656e646f626a0a33322030206f626a0a3c3c0a2f54797065202f584f626a6563740a2f53756274797065202f496d6167650a2f57696474682032300a2f4865696768742032300a2f42697473506572436f6d706f6e656e7420380a2f436f6c6f725370616365202f446576696365477261790a2f4c656e677468203333203020520a2f46696c746572202f466c6174654465636f64650a3e3e0a73747265616d0a789c75cd491683201045d1c2d8a0824a44d1206a1af7bfc57cd07483bc59dd5305dbf6b8dfd6d90e5a55054f4e1123da82396ff2650fd0757117a31b5964bbdd41eb3c8d7dfbb11b68c16977ae457ed8ba2eb3b3a3c117b038d8ecdc64c7a1c369c9d3ddacbd8c83e95a550b3c17470c3618d3f71a84b5f01c4c6bdd9e5503cab3e3949402545294394f8f35aaa494429405b692f8b0c297f3ec8b88630478f1142c09c55e5e4418424176a2688fb10f117b47ef7ea7ff3d015bf60e7b656e6473747265616d0a656e646f626a0a33332030206f626a0a3138390a656e646f626a0a33342030206f626a0a3c3c0a2f54797065202f584f626a6563740a2f53756274797065202f496d6167650a2f57696474682032300a2f4865696768742032300a2f42697473506572436f6d706f6e656e7420380a2f436f6c6f725370616365202f4465766963655247420a2f534d61736b203332203020520a2f4c656e677468203335203020520a2f46696c746572202f4443544465636f64650a3e3e0a73747265616d0affd8ffe000104a46494600010101006000600000ffdb0043000201010201010202020202020202030503030303030604040305070607070706070708090b0908080a0807070a0d0a0a0b0c0c0c0c07090e0f0d0c0e0b0c0c0cffdb004301020202030303060303060c0807080c0c0c0c0c0c0c0c0c0c0c0c0c0c0c0c0c0c0c0c0c0c0c0c0c0c0c0c0c0c0c0c0c0c0c0c0c0c0c0c0c0c0c0c0c0c0c0c0c0cffc00011080014001403012200021101031101ffc4001f0000010501010101010100000000000000000102030405060708090a0bffc400b5100002010303020403050504040000017d01020300041105122131410613516107227114328191a1082342b1c11552d1f02433627282090a161718191a25262728292a3435363738393a434445464748494a535455565758595a636465666768696a737475767778797a838485868788898a92939495969798999aa2a3a4a5a6a7a8a9aab2b3b4b5b6b7b8b9bac2c3c4c5c6c7c8c9cad2d3d4d5d6d7d8d9dae1e2e3e4e5e6e7e8e9eaf1f2f3f4f5f6f7f8f9faffc4001f0100030101010101010101010000000000000102030405060708090a0bffc400b51100020102040403040705040400010277000102031104052131061241510761711322328108144291a1b1c109233352f0156272d10a162434e125f11718191a262728292a35363738393a434445464748494a535455565758595a636465666768696a737475767778797a82838485868788898a92939495969798999aa2a3a4a5a6a7a8a9aab2b3b4b5b6b7b8b9bac2c3c4c5c6c7c8c9cad2d3d4d5d6d7d8d9dae2e3e4e5e6e7e8e9eaf2f3f4f5f6f7f8f9faffda000c03010002110311003f00fe7fe8a28a0028a28a0028a28a0028a28a00ffd9656e6473747265616d0a656e646f626a0a33352030206f626a0a3634330a656e646f626a0a33362030206f626a0a3c3c0a2f54797065202f584f626a6563740a2f53756274797065202f496d6167650a2f57696474682032300a2f4865696768742032300a2f42697473506572436f6d706f6e656e7420380a2f436f6c6f725370616365202f446576696365477261790a2f4c656e677468203337203020520a2f46696c746572202f466c6174654465636f64650a3e3e0a73747265616d0a789c6dcdd11682201045d1b130514125513442cdeaff7fb10b91b65a9dc7cdcc40941c8e292f2aa5073b2debfdf17c5234e9cd7d5b56c8469b8b9b6fc0c76e6d3f5ea705788f968bfadc617906aec1180c9f98d1ba695e96b79d7889e56e18edd5b909961c180e8a5ab59d19c68bb5c170108340ddf7c60c1497b31cd8a873abb5a63878e279296405562a1a4b3159944248292bfac28ce785ef6d40af603c70faa0579686e88341438c76f41ca2ad648b7efa67be17e0bd0e7b656e6473747265616d0a656e646f626a0a33372030206f626a0a3138360a656e646f626a0a33382030206f626a0a3c3c0a2f54797065202f584f626a6563740a2f53756274797065202f496d6167650a2f57696474682032300a2f4865696768742032300a2f42697473506572436f6d706f6e656e7420380a2f436f6c6f725370616365202f4465766963655247420a2f534d61736b203336203020520a2f4c656e677468203339203020520a2f46696c746572202f4443544465636f64650a3e3e0a73747265616d0affd8ffe000104a46494600010101006000600000ffdb0043000201010201010202020202020202030503030303030604040305070607070706070708090b0908080a0807070a0d0a0a0b0c0c0c0c07090e0f0d0c0e0b0c0c0cffdb004301020202030303060303060c0807080c0c0c0c0c0c0c0c0c0c0c0c0c0c0c0c0c0c0c0c0c0c0c0c0c0c0c0c0c0c0c0c0c0c0c0c0c0c0c0c0c0c0c0c0c0c0c0c0c0cffc00011080014001403012200021101031101ffc4001f0000010501010101010100000000000000000102030405060708090a0bffc400b5100002010303020403050504040000017d01020300041105122131410613516107227114328191a1082342b1c11552d1f02433627282090a161718191a25262728292a3435363738393a434445464748494a535455565758595a636465666768696a737475767778797a838485868788898a92939495969798999aa2a3a4a5a6a7a8a9aab2b3b4b5b6b7b8b9bac2c3c4c5c6c7c8c9cad2d3d4d5d6d7d8d9dae1e2e3e4e5e6e7e8e9eaf1f2f3f4f5f6f7f8f9faffc4001f0100030101010101010101010000000000000102030405060708090a0bffc400b51100020102040403040705040400010277000102031104052131061241510761711322328108144291a1b1c109233352f0156272d10a162434e125f11718191a262728292a35363738393a434445464748494a535455565758595a636465666768696a737475767778797a82838485868788898a92939495969798999aa2a3a4a5a6a7a8a9aab2b3b4b5b6b7b8b9bac2c3c4c5c6c7c8c9cad2d3d4d5d6d7d8d9dae2e3e4e5e6e7e8e9eaf2f3f4f5f6f7f8f9faffda000c03010002110311003f00fe7fe8a28a0028a28a0028a28a0028a28a00ffd9656e6473747265616d0a656e646f626a0a33392030206f626a0a3634330a656e646f626a0a34302030206f626a0a3c3c0a2f54797065202f584f626a6563740a2f53756274797065202f496d6167650a2f5769647468203331320a2f486569676874203330370a2f42697473506572436f6d706f6e656e7420380a2f436f6c6f725370616365202f4465766963655247420a2f4c656e677468203431203020520a2f46696c746572202f4443544465636f64650a3e3e0a73747265616d0affd8ffe000104a46494600010101006000600000ffdb0043000201010201010202020202020202030503030303030604040305070607070706070708090b0908080a0807070a0d0a0a0b0c0c0c0c07090e0f0d0c0e0b0c0c0cffdb004301020202030303060303060c0807080c0c0c0c0c0c0c0c0c0c0c0c0c0c0c0c0c0c0c0c0c0c0c0c0c0c0c0c0c0c0c0c0c0c0c0c0c0c0c0c0c0c0c0c0c0c0c0c0c0cffc00011080133013803012200021101031101ffc4001f0000010501010101010100000000000000000102030405060708090a0bffc400b5100002010303020403050504040000017d01020300041105122131410613516107227114328191a1082342b1c11552d1f02433627282090a161718191a25262728292a3435363738393a434445464748494a535455565758595a636465666768696a737475767778797a838485868788898a92939495969798999aa2a3a4a5a6a7a8a9aab2b3b4b5b6b7b8b9bac2c3c4c5c6c7c8c9cad2d3d4d5d6d7d8d9dae1e2e3e4e5e6e7e8e9eaf1f2f3f4f5f6f7f8f9faffc4001f0100030101010101010101010000000000000102030405060708090a0bffc400b51100020102040403040705040400010277000102031104052131061241510761711322328108144291a1b1c109233352f0156272d10a162434e125f11718191a262728292a35363738393a434445464748494a535455565758595a636465666768696a737475767778797a82838485868788898a92939495969798999aa2a3a4a5a6a7a8a9aab2b3b4b5b6b7b8b9bac2c3c4c5c6c7c8c9cad2d3d4d5d6d7d8d9dae2e3e4e5e6e7e8e9eaf2f3f4f5f6f7f8f9faffda000c03010002110311003f00fdfca28a2800a28a2800a28a2800a28a2800a28a2800a28a2800a28a2800a28a2800a28a2800a28a2800a28a2800a28a2800a28a2800a28a2800a28a2800a28a2800a28a2800a28a2800a28a2800a28a2800a28a2800a28a2800a28a2800a28a2800a28a2800a28a2800a2b37c5be31d23c03e1eb9d5f5dd534ed174ab25df71797d7296f6f02fab3b90aa3ea6aa7c34f899a17c61f04d9788fc35a8c5ab689a96f36b771a32a4e11d90b2ee0095dca707186182090412aeaf6ea67ed61cfecb99735af6babdbbdb7b79d8dda09c0af21fdbbfe20f89fe117eca9e2bf177842e5adb57f0a4706b0e0431cc27b482e2392ee221d4801ad9661918233904119ad7f1f7ed7ff0b7e166996d75e22f1ff853485bd8926b786e3518c5cdc2b80ca52107cc7c820e1549e6a1d58a6d3d0e5a998d0a75654aac94795295db4959b6b76d6cd59faa3bfd2f55b5d734f8aeecae6def2d671ba39a090491c83d430c823e9562be62ff00825378eb4cd73e02788fc31a44d34ba6780bc5faae93a699eda5b595f4f92737966e629555d4182e914654709c71cd7d3b4529f3c14bb865b8d58bc2d3c4afb4afa6aafaa6afd754ff0000a28a2b43b82b2bc6de3bd13e1af866eb5af116afa6685a4592eeb8bdd42e52dade11eacee428fceb56be68bdf0ad87ed21ff000510d7f4df155bc5a9681f07fc3fa5de68da3dd0125acda8ea0f745f5068cf0ef1476eb1216042177230c7359d49b8a496ef43871f8a9d18c23492739c9455f6bb4ddddb5b249bb2d5e896f75e97f097f6cdf851f1db5f3a4f843e2178535ed570596cadb508cdcc8a064b2464867500672a08f7af4caf3afda57f674f0cfed11f0caf34ad72dadedaead6269f4ad623022bcd06e506e8aeade618689e3601b2a464020e4120e7fec39f17355f8f1fb217c3bf17ebaa06b3aee876f3deb05da26976ed6940ec1ca9703fdaa5194b9b925ea6587c4d78e23eab89b36e3cc9c6e9349a4d34db69a6d7569a7d1a68f55a2b91f8f9f18b4dfd9f3e0af8a3c6dab7cd61e18d366bf9230db5ae191494894ff79df6a0f7615aff000ff5ebff0015780f44d5354d2db43d4f52b082eaef4e69bce6b095e356784bed5dc51895ced19c74157ccafcbd4ed55e9fb5f617f7ad7b795edf99af453219d2e1498dd1c2b15254e7041c11f5078a7d51b0514514005145140051451400514514005145140051451400514514005145140051451400514514005145725f1dfe25ddfc1af841aff8aacb40bff144da05a9bc6d32c9d52e2e62420c9e5eee0b2c7b982f56db81c9149b495d99d5ab1a709549ec936fae8b57b5d9d6d54f105a5ddfe837b069f78ba7dfcf6f2476d74d08985b4a548490a1203856c1da48ce319154be1ef8ff0048f8a9e06d23c49a05f43a968bae5a477b657311f96689d4329f5070790790720f22b628d1ad071946a439a2ee9add766b74d7ae8cf88bf6b8fd9763f8176be0df8cfe29d7fc43f156e3c05afc375e274f11f977365fd973836f3cd6d60882de06b769127531a6e0236dced8cd7db3693c5756b14b03c724122068de320a329190411c118aa5e2ef0a69fe3bf0a6a7a1ead6d1dee97ac5a4b63796f20cacf0c8851d0fb15623f1af3afd8bbc03e2ef849fb3fe97e0ff00193a5cdf784a69f47d3ef84eb2b6a5a6c32b2594ef8fbae6dc46194f39524f5ac614f926f9568ff35fe68f1f0982583c6c9518fb9515dbd5da71d356db7ef45a7ab7ac5ed73d07c73e10b3f885e09d6340d453ccd3f5cb19b4fb95fef452c6d1b8ff00be58d7ce7ff04a4f863e13f0f7ec99e18b8b4f08f86746f16e88d75e1fd76eed34c861bb9ef2c6e65b495e590287677f28392c493bebea1a4540830000324f03b9ab74d39a9f63b2ae5f09e2e18b695e31947549eed3567d2cd74dee791fc3ef83badf80ff006c8f88be29863b76f09f8f346d26695fcd1e6c7aa5a79f6ee3675dad6c6dfe6f58c0ed5eb7321962655768cb02032e32bee3391f98a7515518a8ab237c3e1a1462e10d9b94be727776f2bdfef679afec7fa4f8bb44fd9c3c316fe3ad4753d57c52b14af7973a8a225db869e46884a14050eb118d4e0755f5af4aa28a231e5491586a2a8d28d24dbe5495deadd95aedf70af1df8eff00b3b6bdaefc4dd33e23fc3bd734ff000f78fb4bb13a55c26a56ed71a5f882c0bf982d6e95087529212f1cb19dc859c6183115ec545138292b3271585a78887b3a9dd34d3b34d6cd35b35fe7ba6d3f9bfc71e00fda03f68af0f5c784bc472fc3ef86de17d56336bacea3e1dd52eb56d5ef2dd86258ad7cdb7823b7f31495f31bcc640c485ce0d7bef833c1fa6fc3df08695a068d691d8691a25a4561656d1fddb78624088833d82a81f8569d1530a6a2efbbf331c2e021466eab94a526ad793bbb2d6cb4492beba2d5eadbe9f39fedc96e7e277c56f823f0ba721745f18f89e4d63580df76eedb4980deadab0ee249c4048f48dabd7fe3d7c5fd3be007c17f1478d755e6c7c33a6cd7ee99c19d91494897fda77da83dd85677ed05fb3d697fb41f87b4e86eaff54d0b5af0fdeaea7a1eb9a5c8b1df68f74aac9e6465832b2b23323c6eac8eac411d08f399bf63df1b7c4ed7b468fe29fc545f1b785341be87528b42b0f0d45a3c7aa5cc2c1e07be759643322380fe522c68ccaa482005ace4a6a527157becfb69d7f33cdad0c651ad5e5469f34aa72f2caead1b47952926d3b45b72d13e6bdb46751fb0efc21d47e0dfecdda1daebff003f8b75e69bc43e24948c34ba9dec86e2e33fee349e58ff006635af5a9a64b685e491d638e352cccc70aa072493d853abe66fdb77e2237c5af88be1afd9d7c3fac47a6eb1f10a092fbc4d751dc2c771a6f87e23fbf58f27266b9c18500070a6562005cd5b6a94125e8bccebab529e5b828c60afca9462afaca4f48abf793d5bff0013e87d1fa26b765e25d22db50d3af2d750b0bd8d66b7b9b69565867461957475243291c820e0d5aaf94fe34fc2eb4ff8276f84e5f88ff0cee26d0fc1da4dddaffc247e0a3219349bfb79a78e079ed118936b76be6061e5909295c32127757d594e136db8c959a36c1e2e75252a35e3cb52366d2774d3bd9a7a3b3b3566934d6bd1b28a28ad0ef0a28a2800a28a2800a28a2800a28a2800a28a2800a28a2800a28a2800a28af25fdbaf42f12ebffb22f8f63f076abab68fe25b4d31afec6e34cb96b6bb76b7659cc31c8bca9956368b23fe7a54ce5cb172ec73e2abba34275945cb953765bbb26ecbcdd8f5aa2be3ed4be3d7c4afd98be0768ff1163f14e87f18be1a6af696b77630eb0174af14ba5caa9821825810c17d33060046628e473c6e279af6cf817fb5ff0086be38f88e6f0e8d3fc51e12f18da5b7db2e7c3be23d265b0be8a10554c8a48314a99603744ee391d3359c6bc5be57a3febe47061b3bc355a8a8cef09b49a52eb7d55a4af177e9669bfe53c8347f1de91ff04d2f8d1aaf86bc4b7a9a3fc18f1d3dceb7e17bd9158c1e1ed4b996f34ac283849be69e0400658cb1a8638af58f831f15fc7ff1b3c683593e154f067c36481c5aaeb913aebfadb9c6c9840182d9c2392165dd2bf1948ebd4756d02c35e36a6facad2f7ec53add5bf9f0ac9f6799721644c83b5c64e1872326add11a4e2ec9e9dbfae82c2e5b568cf92352d493bc62959abebcae5afba9df96292d1d9bb24828a28ad8f6028a28a0028a28a0028a28a0028a28a0028a28a0028a28a002bc2b4dff00827ff82f598fc6775e3443e33f1078d75c6d667d667436b7ba76cf92ce1b49636f32dc5b4584468dc3125dbf8c8af75a2a2508cbe2573971382a188b7b78295af6beab5567a6db75dd74b6e7c6ff00b23fecedac7ed2bf0e741d77e26fc4af19f8db4af0bf893528adbc377a2d63b2371a76a9736d6f25d491c2b35d15104720595c8dfc907a57d9154b42f0de9fe17b69a1d36c6d34f86e2e25ba923b68562492691cbc9210a002cee4b31ea4924e493576a6952508dba9cf95e5d0c1d1505acacb9a576db6b45ac9b7b6caf65ad9051452330452490001924f415a9e90b4514500145145001451450014514500145145001451450014515e0dfb60fc6ed42d7c53e15f843e11d5e1d0fc75f137ce58b5495d53fb134e8866eaea20d8f32e769d90c6b93bdb79c2c6d5139a8abb397198b861a93ab3f249756dbb24bcdb692fbde899ee9657f06a56fe6db4d15c4459937c6e1d72ac55864770c083e8411529018104020f515e3be1cf14f877f671f14f803e0a781f417be97ec6f71710433855d0b4c40dbafae5c8259e59c85507e6964791b3f2b1af561e21b06d7db4a17d667544b7176d67e72fda1612c504a533bb6160577631904678a232befb861f131a89a935ccaca56d94ac9b49bb5ed7ff00349e8be49fd83ff67bd3bc3df193c73a27892faf75bd43e0aebb2e9be0ed32ef69b3f0f6917a9f6bb59e14030d3ba4cf0999b2cab6fb17680c0fd85505be976d697b717315bc115cddedf3e548c2bcdb4617711cb607033d054f4a953508f2a30caf2e860a87b08777af95ddafbed1b47d22924968145145687a2145145001451450014515f16ffc14a7fe0af67fe09e7f17743f0a8f87a3c5ff00db3a3aeabf6afeddfb079399a58bcbd9f67973feab3bb23ef631c64e55ab429479e6ec8f3735cdb0996e1de2f1b2e582695ecdeaf6d126cfb4a8afca2ff889d9bfe888affe161ffdc547fc44ecdff44457ff000b0ffee2ae5fed3c37f37e0cf97ff8895c39ff00411ff924ff00f913f5768afca2ff00889d9bfe888aff00e161ff00dc55f47ffc1353fe0ae6ff00f050ef8a7aff0086ff00e15e8f08a687a57f699bafeddfb7f9c7ce8e311ecfb3c5b7ef939c9fbb8c739aba78fa13928465abf267665fc7791e37110c261abf34e6ec972c95deaf76add0fb3a8a28aec3eb828a28a0028a28a0028a28a00a1e28f14e9be08f0e5f6b1ac5fda697a569b0b5c5ddddd4ab1436f1a8cb3bb3600007735f25f877c5f73ff0562d4b5582c353b8d0be016877a6c2fa0b6b86b7d63c6f32aab98e6da44969625594ed3b65995813b55863e96f8c3f037c2ff1f741b0d2bc5da5a6b5a569fa843a9a594b2badbcf345931f9d1a90b320273e5c819090a483815c27c5efd9ab5c8fe250f885f0b35ad2fc27e3696d92c755b6d42d1ee347f135bc7fea92ee38d95d658b24473c677aa92843290073d68cdbfeef55d5ff005dbafe7e0e6d87c5569256e6a2be28a7ef4fbf65cab4bc2e9cd5d3924b9659ff00b34f8935cf83ff0015f51f829e27d46e35f5d2b491ae784b5bb87df75a869026103dbdd1fe2b8b691e24327fcb549636386dd9f78af16f809fb3d78b74af8bbaa7c4bf899e20d235cf1adf698343b1b4d16d64b6d2742b0f344cf14224669257964547791c8276228002d7b4d5d14d475f97a1d794c2ac70fcb5134aef954be250bfba9eaf55af56d2e54db698514515a9e98514514005145140051451400514514005715f1e3f67bf09fed27e077d03c5ba5a5fdaac82e2d674730dde9b70bca5c5bccb878a553c86523d0e4120f2ff001dbf6aa9ff00674f18c27c43e06f155c780a4b55926f1669308d461d366dcdbd6e6d62cdc4712a843e72aba92c4103193df7c34f8a7e1bf8cbe11b6d7bc29aee95e22d1aec7eeaf34fb959e263dd495270c3ba9c107820567cd093707f71c12c46131329e0e6d37d62d6ebbd9a575e6aebcd347c99e12bcf197fc135fc49e2b93c51e1cf137c60d37c6b749269fe33d363375ae5d5cac6b0d9e99a9464fc8321638a78f116e932caacec6bde3f659f819aa7c3db1d5bc59e339adf50f897e39912ef5fb984ee86c55411069d6c4f4b7b7525477763248797e3d6a8a8850517be8b6f2ff33970593430f34d4dca11bf245fd96ef777de4f569395da4dabbbdc28a28adcf6428a28a0028a28a0028a28a002bf173fe0e50ff93b9f047fd8a11ffe96dd57ed1d7e2e7fc1ca1ff2773e08ff00b1423ffd2dbaaf3736ff00767ea8fce7c55ff927a7fe387fe94cfceaa28a2be54fe5d0afd43ff8367bc273b7c42f8a1ae988fd9934eb4b0593b6f32b3b2fe4aa6bf2f2bf73bfe0825f0525f84dfb2e6a17573198eef5eb886eae14ae0ab946700fa111bc408f55ad709552c651a4b7937f728b6ff4fbcfbff0cb072ad9fd19ada1cd27ff0080b4bf33eeaa28a2bedcfea90a28a2800a28a2800a28a2800a28a28012491618d9dd9551465989c003d4d7cdbf123fe0a0b26b579ab69df057c17a97c62bff000f079357bfd3e75b7d16c446373c0b76d95b8ba2a3090c3bbe661b99706bb1fda2bf6464fda8bc4905b78a7c61e255f87c967e55cf84b4c97ec106a971b9b325cdc4644d247b4a01082abb93712d9c0f1efd97ff006d3f875fb2e784356f849e3ff15683e1bbff00851792e8569a8cb18b4b2d7ad225478a488aa88dae96296359e24cb89431c10e2b96ad492972b7cabbff005b7ccf9accf1f5e15950a935429cae9546e2db695ecafeec55b54e576ecd24aeaff52fc2df899a37c65f875a2f8abc3f76b7ba2ebf691deda4c060b238ce187f0b0e4329e558107915bd5e01ff0004ed86e6e7e17f8c3588b4cd4346f0b789fc67a9eb5e15b3bc81ada58f4c9da3612792c034492cff006999508042cca70335eff5b5293941499ec65b8996230b4eb4d6b25f2eaaeafad9daebc9a0a28a2b43b428a28a0028a28a002b9df8aff13b4df835f0ff0052f136b11ea72697a4a2c973f60b09afa7442eaa5c4512b3b2aeedcc403b55589e01ae8a8a4ef6d08a8a4e2d41d9f476bd9fa697f4b9f3e7c73fdafb48f1c7ecf7672fc23f13691e21f127c45be8fc33e1ab9b19c4c2d2ee75264b89141dc9f6681659d958023ca00819aaba77fc1337c11f0fb4fd16e3e1d6a7e21f865e27d16cedecdb5af0fdc2c6dabac4a1737d6eead6f765b04b348858939dd5adf197fe09ede06f891e3d8fc71e1efb6fc38f8936acd25bf8a3c37b2dae5dd8107ed111530dcab03861221257237015defc02d2be22685e15bbb2f891ab78675fd4ed6e8c765a9e8f69259fdbed822ed927858b2c7316de0ac6c5300118ce0732a6e53fdeabf66bfaba67cec30556be29ff0069d252d1284a3f0ab6adead4e1293ed7d124a5d1f743a514515d47d285145140051451400514514005145140057e2e7fc1ca1ff2773e08ff00b1423ffd2dbaafda3afc5cff0083943fe4ee7c11ff0062847ffa5b755e6e6dfeecfd51f9cf8abff24f4ffc70ff00d299f9d54515dafc0af80faefed01e348f48d1a12234c35dde3a9f26ca3cfde63ebd70bd58fe247c856ad4e8d3756abb456adb3f9869529d59aa74d5dbd91d7fec59fb3b4bf1cfe27c57179016f0e686eb717ecc3e49d81ca41efb88e7d141e848afdfefd8b7c2dff08cfc01d2dd93649aa4b2deb8c7f79b6a9fc5110fe35f027c08f81b61f0dfc3ba3783bc39013e64c902bb0fde5dcf210a64723ab31c7d0600c0000fd44f0d6830f85bc3b61a65b0c5be9f6f1db47c63e5450a3f415e5f0562a59a66b5b30b5a9d38f247fede776fd5a5f7591fd09e18e44b08ea5697c4959bf37d3e497e25da28a2bf553f600a28a2800a28a2800a28a2800a28a28011c1284290ac47048ce0d79dfece7fb3e59fc0cf835a4786af278bc41a94134ba96a7a9dc4037ea5a94f2bcd717441ce0b4b2391c92abb4678af45ae5be327c67f0f7c03f01dc7893c4f773d9e956d24709682d26bb9649246091c691c4acecccc428007522a64a2bde97439abc2845fd66b5972a7abd92766fcba2d7e4753457ce1ff000bbbe387ed0bfbbf87de01b7f867a04dc0f1178f949bf753c16834a85b7861d47da258c1eebdabd67e04fc2fd6fe15f84ae2d3c45e38d7bc7dabdf5d35e5cea3a9c305b8466555f2e08614558a11b3213e6c1663b8e6a635399e89dbbff5a9861b305889da9425c9fccd72af9295a4efdd452f3676d45145687a014514500145145001451450014514500145145001451450014514500145145001451589e24f893a0784037f696b1a7da3af58de61e67fdf03e63f95635f114a8c3da56928aeeda4bef6d1329c62af27636ebf173fe0e50ff93b9f047fd8a11ffe96dd57e9d78d3f6d6d0747478f46b3bbd5a61c2c8e3c887ebcfcc7e9b47d6be59f8e034ef8f9f166cfc6be22d1748b9d7b4cb35b0b198c1b859c2b23c80206270dba463bbef738ce381f9e71278819451a2e8d09fb59f68edf393d3eeb9f01c76a966596cb01466b99ca2efab4926dbff807e6afecdfff0004ff00f13fc647b7d4f5c49fc35e1c7c3f9b3262eaed7fe99467a023f8db8e720374afbb7e1afc28d07e0df84e2d1bc3d61158d94477363e69277c0cbbb1e598e3a9f60300003ad9aab346d34811159dd982a803249f415f8b66fc418bcca56a8ed1e915b7cfbbf5f9247e7580c8f0d808feed5e4f793dfe5d9792fc4f5dfd883e1c1f177c593abcc9bacfc3d1f9d9238699c158c7e1f337d5057d975c0fecd9f09ffe1517c2eb3b19902ea5787ed77c7b89580f93fe02a02fa6413debbeafe86e0ac95e599542954569cbde97abe9f2565eb73f6be1fcb9e0f0718497bd2d5fabe9f2565f78514566f893c61a5783ed3cfd5350b4b18cf4334814b7d0753f857d455ab0a50752a49452ddb692fbdd91ed3924aecd2a2bc8bc51fb61e81a63b47a5da5e6ace3a39fdc447f1605bff1dae2757fdaebc47a9122d2df4eb043d0ac66471f8b1c7fe3b5f1598788d90e11b8fb6e76bf91397e3a2fc59c92c7d14ec9dfd0fa4e8af932efe3778b35572d2eb97aa5ba88984407fdf005571e3fd7ae31e66b7abc9fef5e487fad7cb56f1930117fbbc3cdfab8aff32a38a8cb647d77457907ecabab5d6a926bc6e6e6e2e4a0b7dbe6c85f6e7cdce335ebf5fa3f0e6751cdb2fa798421c8a77d1bbdacdadd7a1d29dd5c28a28af6c614514500145782fed21e2df15fc4df8e7a07c1ef06ebd73e10fb76932f88fc4fafda2235f5969cb30822b7b4de195679e52e3cc20f9690b100b118c8d73f60ed47e1ce8d36b3f0bfe247c47d37c6d6686780ebfe24bad6b4bd6a55e7cabdb7b86652927dd2f16c74ddb94f1838baaeef9637b7f5a1e4d4ccab73cd61e8b9c60ecdf325aa49b514fe26aeafac55f44ee7d2345711fb377c6883f688f815e18f1a416afa79d7ac9669ecddb73595c29293c04f731caae99efb735dbd6b1926ae8f468d6855a71ab4dde3249af46ae828a28a66a14514500794fed35f1cb5ef87179e15f0b78274ad3759f1ef8eeea6b7d2a2d4a678b4fb28608fcdb9bcb96405cc512941b53e6779514119cd79dcdfb6178b3f65bf1cd8e8ff00b4149e05b0d23c436b3cda2f897c36b771db4b710ec2f652daca64944ccae1a3f2d9f7ed650b9e2b43f689d2fe24784ff6b3f0c78ffc2df0f1be22687a27856f747fb2dbebb6ba75d5a5c5d5d5bcb24a8b7042bfeeed635fbc3ef1f4af33f89dfb565eeaff00b4b7c31f11f8bbe0efc63f0a787fc0d6fabdc5f5c4fe196d5218ef278a082dca3d8b4e0a88dae4963820edc039ae2ab51a937769df4d1dadf77ea7c76639854a55a7375250929c6314e32f66e3eea72768352de4efce9ae556b6b7fa8fe087c5d9be35f862e759ff00845fc4de17b0fb5343609aeda8b4bbd4210887ed220c9789199982aca15cec24aa8233d9d637c3cf881a5fc54f04e9be21d1269ee34ad5a113db4935acb6b23212465a29556443c1e1941ad9aeb8ecb5b9f57866dd28b72e7d37b257f3b2d2ddbc828a28aa360a28a280382f8c3f18e6f8617d650c56315dfdae36725e42bb7040ec2b85bafdadf53507cbd22c54ff00b523b7f854ff00b59ffc87347ffae127fe842bc727ef5fce7c6bc699d60f3aaf84c2e21c6116ac928e9eec5ff2b7bb39ab4e4b63d22fbf6b7f11ba91159e9117bf952311f9be3f4ac1d57f69df18de2909a8c36c0ffcf2b68ff9b026b8b9bbd549ebe3aaf18e795749e2e7f295bf248f2abe22a7f3334fc43f143c45e234297bad6a53c67ac6676087fe02303f4ae5a739ab735549ebc7ad8aad5e5cf5e6e4fbb6dfe6d9e16265293bc9dca92d549aadcb5526a2278b5ca9357b8fec67f021fc4dafa78b35387fe25ba749fe828e38b89c7f1ffba87ff1ec7f748ae53f67ef80379f19bc44249964b7d0acdc7daee00c193a1f290f7623a9fe10727b03f68e93a4db683a65bd959c11db5adac6228a241854503000afd6bc3be10962aac734c5c7f771778a7f6a4baff853fbdf9267adc3f92bad5162ab2f756cbbbefe8bf17e858acef14f8b74df04e8f25feab790d95a45d5e43d4fa01d58fb0e6b03e32fc67d2fe0d7877ed7787cfbc9f2b6b66ad87b86fe8a3bb76f7240af8ffe23fc55d63e2c6bc6fb55b8dc109105ba64436ca7b28fe64f271c9afd078bb8e30d93af614973d77f67a47ce4ff0024b57e4b53e9b33ce69e17f771d67dbb7aff0091eb5f13ff006cdbed61e5b4f0cc274fb6e54ddcca1a77f755e5507d727e95e3f7dabdd6b97cf757b733dddcc9cbcb3485ddbea4f35990f5ab70d7f3ce75c418fcd2a7b4c6d472ecb68af48ad17e2fccf989632b6225cd5657fcbee2dc3d6adc1c62aa43d6adc1c62bc091e8502dc3daadc1daaa43daadc1dab091ecd03daff647fbfe20fa5bff00ed5af67af18fd91feff883e96fff00b56bd9ebfaafc34ff92730ff00f6ff00fe9723d586c1451457dd94145145007817ed21a6eb9f05be3e787be31e89a0ea9e2ad2a0d1e5f0c78af4cd2e1fb46a0964d32dc5bde5bc23994c328903c6b9629392a094c564ebdff0531f07f8bf499b4ef855a77893e2578e2e90c763a3d9e877b6b1c131e15af279e28e3b6895b1bd9d81033804d7d274562e9caef95dafe5f91e454cbf10a73786abc919bbb5caa4d36926e2eead7b27aa924f55d51e77fb26fc149ff677fd9dbc2be0fbcbc4d4752d2ad59f50ba40425c5e4d23cf70e9900ec334b215c8ce315e894515a462a2945743d1c3d0851a51a34d5a31492f44ac14514551b051451400515e45f163e297c63f0df8e2eac7c1ff00097c3fe28d0e354306a97be355d31e625017060fb24a576b12b9dc738cf19c571be24fdac7e2dfc1ad1e6f10fc43f82f6367e0dd3d7ced5751f0df8ad757bad26dc7dfb87b57b685a48d07ccde5b165504ed38aca55a2b7bfdccf2eb66f42936aa29a4b77c93e556eb7b5ade7b5b5d8fa3e8a834bd52df5bd32daf6ce78ae6d2f2259e09a36dc92a300caca7b820820fbd4f5a9e9a69aba0a28a281851451401e1ff00b59ffc87347ffae127fe842bc727ef5ec7fb59ff00c87347ff00ae127fe842bc727ef5fc97e21ffc9458af55ff00a4c4e4ae559bbd549eadcddeaa4f5f2313c6ae549aaa4f574c6d34815159998e0003249f6aecfc19fb3478afc6ee8ff613a5da37267bdcc5c7b27de3edc63debd4cbb2cc5e36a7b2c25394df926fef7b2f9b47972a33a8f969abb3cd25af56f827fb276a5f10248751d6c4da5e8d90ea846db8bb1fec83f754ff0078fe00f51ed3f0bbf65ef0f7c3b68aeae231ac6a698227b841b233ea91f207d4e48ec457a557ecfc31e1772496233869f5504f4ffb79f5f45a7767a183e1f57e7c56be5fe6ff0045f794f40f0fd9785b47834fd3ada2b4b3b55d914518c2a8fea7b9279279ac6f8aff001434ff00847e0e9f57d40eedbfbbb7801c3dcca41da83f2c93d8026ba39a64b685e49195238d4b3331c0503a927d2be1afda37e33cbf193e20cb34323ff63e9e4c16119c80573cc847ab919fa051dabedb8c388e1926017b14bda4bdd82e8acb7b768ae9decbb9db9de691c061d727c4f48afd7d17e76460f8ebc7da97c4bf145c6adaa4c65b89cfcaa3ee4299e1107651fe24f249aa10ff005aa90d5b87fad7f31e22b54ad51d5ab272949ddb7bb6cfcee9ce53939cdddb2dc3d6adc3556da369640aa0b331c00064935dbf85be04f8bbc5015ad743bd48dba4970a205c7a82f8c8fa66a70d81c4e2a5c986a729bed14dfe49fe87b385a739bb4137e873b0f5ab70718af57d03f632d72e5035fea7a75967f8630d330fafdd1f9135d5699fb1a69d6ea3ed5addecc4753142b17f32d5f4d87f0ef882babac3f2afef4a31fc2edfe07d0e1f035fac6c784c3daadc1dabe86b3fd943c2f6a06e93559c8fefcea3ff0041515a16ff00b36f84a0033633c98eed7327f422bd2878499e497bce9aff00b7aff944f56961a71dce53f647fbfe20fa5bff00ed5af67ac4f077c3bd23c05f68fecab536c6eb6f9a4caefbb6e71f789c7de3d3d6b6ebf72e10c9eb65594d2c0e21a728f35edaad64df54bbf63ba2acac1451457d294145145006478f759d53c3be0dd4afb44d15bc45ab5ac0d25a698b751da9bd90748c4b27c899f56e057ce0bfb6a7c6bbbf8aefe0b83f67ab18b5f4d2575b315dfc41b58d3ecc663086df1db4833bd48da39ef5f4a78cfc5769e03f07eadae5f8b8363a359cd7d73f6781e797cb890bb6c8d01676c29c2a8249c000935f26cbf117e27f867f682d3be39788fe19eb36fe06d4b449bc33fd83a5dbbea1e26d26d8cf1dcc17f776f1920ee65915a08773c2aea58b1dc179abc9a6acdaf4eddf667cee775ea539d3f675671d57372c534a1769c9b7095acecbeff75d9b5e95f08ff696f88fabfed1961e03f883f0ef41f070d67c3f7bae585c69fe253ab3486d6e2d2278dc7d9e20b91740e413f77a57bd57ce1f07fc45aa7ed3bfb5cd9fc45b7f0c78a3c35e09f06f862f343d3e7f1069d269b77ad5e5edcdb4b2bc76f201208238ed106f755dcd21c02149afa3eae8b6d3bbbeba7f5a1d993d49ce94e529b9c799f2ca4acdc7ddd7e18e97e6b3b2baf930a28a2b63d60a28a2803c8fe31fedddf09be0078d64f0e78bbc636ba3eb714493b5a1b4b99a408e32adfbb8d8723debccfe2e7fc1423c17f19be196bde14f85b69e23f88fe2ff0011e9f3e99616165a05ec56b1c9346d1896e6e2689218a052d97667ce01c035f545158ca151dd5d5bd3fe09e4e270b8eabcd05563184aeb4837249e9bb9daf66f5e5b791cc7c12f00c9f0a3e0c7847c2d35c0bb9bc35a2d9e94f38ce266820488bf3cf2573f8d74f4515aa565647a74a9c69c1538ec924bd12497e0828a28a65851451401e6bf1dbe136a9f11b52d3e5d3dad156d62647f3a42a72483c601ae162fd947c43707f7977a4c23febabb1fd13fad7d09457c3669e1de4f9863278ec52939cf576934b64b64bcbb912a6a5b9e1563fb1e5c4ae0ddeb90c6bdc436c5c9fc4b0ae9347fd927c316255aee4d475061d43cc2343f82007f5af51a2b7c1f87f90619de386527fde6e5f9bb7e067f55a5d518de19f87ba1f8380feccd2ecacdc0c798918f308f773f31fc4d6cd1457d650c3d2a1054e8c5462ba2492fb9246d18a8ab2560a28a2b619e2ffb6c7c573e07f86eba35ac9b350f111684ed3cc76e31e61ff81642fb866f4af8f60aef3f6a8f8887e22fc6bd5258e4df67a63ff67db63a6d8c90c47ae5cb9cfa115f337ed2ff00b5fe81fb38e966ddf6ea9e249d375be9b1be0a03d1e56fe04fd5bb0c648fe69e2dc757ceb3a9d3c3272517c914bb27abf9bbb6fb58fc6f89739a73c54ebd595a10d17cbf56eff81ea7e2ef1ce8ff000ebc3f36abaeea569a569f0637cf712045cf603b963d80c93d853bfe09f5f1c3c21fb71fed11ad78434d8f564d2f41d21f5592fc8587ed656786208884160a7cd277360f18c739afca6f8c1f1c3c4bf1d3c48da9f88b5192e9c13e45bae56ded14ff000c69d1474e79271c926bee8ff836bffe4eebc6ff00f62849ff00a5b6b5f51c39c078585684b30fde3bfc3f67f46ff05e47ca70ff00134b1d9de1f074e36a52959df76ad27f2d979f99fb09e0df85fe1ff0040a9a4e956968ca31e684dd337d5ce58fe75bf4515fb461f0d4a84152a11518ae8924bee491fd1b08460b960ac828a28ad8a0a28a2800a28a2800a28a2800a28a2800a2b03e285bf89eebc09a827832eb43b2f13154fb0cdac5bcb71628dbd4b798913a39053701b5860907b62bc5c7887f6a9f0dfcf73e18f819e298d7aad86b5a96952bfd04b04ca3fefa359cea72bb59fc91c389c72a125174e725de31e65f83bfe07d0f45799fc09f899f127c71ab5fdb78efe185bf8122b5855edeeedfc4d06b10de396c1401238dd7039cb2815e995519292ba3a30f5e35a0aa4134bcd38bfb9a4c28a28aa360a28a280313e247c46d13e10f80b56f13f88f50834ad0f43b67bbbdba949db0c6a32781c927a05009248001240af0cb1fdab3e3478cec975cf0d7ecf7793785e65f36d86b5e2cb6d2b59bd84f475b331bac448e424b2a31cf3b6b47fe0a3b0adbfc04d2355be4697c35e1cf17e83ac788e2dbb95f4c835185e7675fe244f9646078db1313d2bde6d2ee2bfb58a78258e682641247246c192452321811c104771584b9a53714ed63c6acebe23173c3c2aba6a0a2fdd51bc9cafade49fbaad6b25abbddec8e33e00fc7dd17f68af033eb3a445a8584f6775269da9e97a8c1f67bfd1ef23c79b6d711e4ed91720f04821958120835dbd7cfbfb3a5f5bebdfb70fc7cbfd15d25d0a28f41d3af6688ee864d62182e3ed2a08e3cc481ec91fb82aa0f2a40fa0aae949ca377fd58e9cb3113ad439aa3bb4e51bad13e5938dd7adbd2f7b6960a28a2b43d00a28a2800a28a2800a28a2800a28a2800ae7be2d78c07803e1a6b9ac642c9616723c59e864c6107e2e547e35d0d784ffc143bc756fe09fd9f666b99d6dedae6e95ae5d8e024312bccec7d818d6bc9cf718f099757c44778c5dbd5ab2fc5a3cfcd715f56c1d5af7b72c5bf9db4fc59f9d1fb59fed3f6bfb3b7827cd8cc777e24d5372e9f6ce7383de693bec527eac703d48fce2f12f896ff00c63af5dea9aa5dcd7da85f48659e795b2f231eff00e00700000715d2fc7ff8c377f1cfe29ea5e20b9de90ccfe559c2c73f66b7527cb4fae3938eaccc7bd7195f9c70ee490cbf0e9c97ef25ac9fe9e8bf1777d8fe3fce7349632b593f716cbf5f57f9057e8aff00c1b5ff00f2775e37ff00b1424ffd2db5afceaafd15ff00836bff00e4eebc6fff0062849ffa5b6b5f5b97ff00bcc3d7fccf5b80bfe4a1c27f8fff006d91fb47451457d81fd7414514500145145001451450014514500145145001457957c73f899f14fe1d78a6da5f08fc33d3fe207869ad55ae7ecfe238b4ed5609f7bee0914f188644d9b31fbd5624b0c7033c647ff052ef03785e4587e21685f103e145c13b4378a7c3b3c366edd0edbb804b6e47b9900fe5594ab422ed276f5ff3d8f36b66f84a3374ebcb92dd649a8bf4935cafff000247d1145794fec51f1075ef8bbfb3968be2ff0010dd3dcdcf8b67bcd62c95a148becba7cf752c965100a0642da9846e6cb1e4926bd5aae12e68a92ea75e17111af4615e0aca49357ecf55f859fcc28a28aa370a28a28020d534cb6d6f4db8b2bdb782eeceee268678268c4914d1b02ac8ca7865209041e0835f3eaffc137f41d1e36d3fc3bf11fe32f843c2a4fcbe1bd1bc52d169b021eb1c45e379e18ce4fc914aa067802be89ac0f117c56f0bf8435f8349d5bc49a0697aa5d45e7436777a84305c4d1e4aef58d98315c823206320d67521096b3febf23831b83c256b4b1515a689b76dfa5d4a2f5ed7b3ec43f08be0f786be03f806cbc31e12d26db46d134f0de55bc5962ccc77348eec4b3bb31259d896627249ae96a38af219ed44e92c6f095de24560548f5cf4c563780fe28786fe29da5f5c78675ed1fc416fa65db585dcba75dc7731dbdc2aab344cc8480e03a923a8c8aa56568a3a69fb2a4a346164ada2565a2ecbb25d9686ed1451546c1451450014514500145145001451450015f9bdff0007187c5f6f07fc15f0af872d6731dd788269d25456c1f23f7658ff00e39b7e8e6bf486bf1c3fe0e5ad67cefda17e1ce9f9e2dbc3b2dc633ff3d2e5d7ff0069d78f9ed3f6985e47b7346ff277fcd23e13c4ac4ca8f0f5771fb5cb1fbe5ff00fcd6a28a2be6cfe520afd15ff00836bff00e4eebc6fff0062849ffa5b6b5f9d55fa2bff0006d7ff00c9dd78dffec5093ff4b6d6bb32ff00f7987aff0099f5dc05ff00250e13fc7ffb6c8fda3a28a2bec0feba0a28a2800a28a2800a28a2800a28a2800a28ac0f1b7c55f0cfc35bbd2a0f11788346d0a5d72e0da69eb7f791dbfdb660a5bcb8f791b9b03a0e693696ac89d48c23cd3692f3d3f3b1bf5c37ed37e0ff00107c43fd9e3c6be1ff000a4b67078875ed1ae74db19aea431c5049346d1f984804fca18b0e3a815da5e5f41a75abcf7134504118cb492385451ea49e05637853e29f863c77aa5e58e87e23d0759bdd3955aeadec7508ae25b60c4852ea8c4a8241c640ce0fa52959ae57d4cb10a9d483a1395b9d35ba4f54d3b75bd9bd932cf817c1f67f0f7c13a3681a72797a7e8763069f6a9fdd8a28d6341ff7ca8ad5a28aa4ada2368c5462a31564b40a28a282828a28a002b9cf881f077c23f166de387c55e16f0e789a2881544d574d86f5501ea00915b00d7474cb8845cc0f1b1755914a928c5586463823907dc52693566454a709c5c66935d9a4d7e29afc0f872c7f627f855fb48fed4b7fa67853c13a4681f0cbe1d4b25a78965d237d95bf8ab57651ff0012e090b2a1b7b6560d3607cd2b247d15ebed0f03f80743f867e1ab7d1bc39a3e97a0e916836c365a7daa5b4110f644000fcab3be0dfc21d0be037c33d23c25e1bb56b5d234687ca883bef965624b3cb239e5e4772cecc7966627bd74f5951a2a1ad95dff00563caca729a5848babc915527acb952497f75592f756dd2eef26aef428a28ad8f6028a28a0028a28a0028a28a0028a28a002bcb7e39fec53f0aff697f125a6b1e3bf05691e26d4ec6d859c17177bf7c5087670836b018dcec7f1af52a2a6508c95a4ae6188c2d1c443d9d782947b349afb9a68f9e3fe1d39fb39ff00d126f0c7e52fff001747fc3a73f673ff00a24de18fca5ffe2ebe87a2b3fabd2fe55f723cff00f57f2bff00a06a7ff8047ff913e78ff874e7ece7ff00449bc31f94bffc5d76df033f629f857fb347892ef58f01f82748f0cea77d6c6ce7b8b4dfbe584b2b943b98f1b914fe15ea34538d0a69dd457dc8d68e4d97d19aa94a842325b3508a6bd1a570a28a2b53d20a28a2800a28a2800a28a2800a28a2800ac2f88df0bfc39f17fc2d3e89e2ad0b49f1169173feb2cf51b54b8858faed604061d88e47635bb4526935664ce119c5c26ae9ee9ea9fc99f0f7863f618f84bf03bf6a23e12f1a781f49f11f85fc71235d781f51d6da5bf8f4eb88e3ccda2b0999906114cb6e4ae593cd4258c633f607c3df847e14f847612daf853c31e1ef0c5b4fb7cc8749d3a1b28e4db9dbb96355071938cf4c9a87e2f7c20d0fe387831f42d7e0965b5fb4437904b04a61b8b3b886459229e1917e68e44750430f71d0907a7aca9518c1bb2479196e51470739aa54e2a37bc5a4b995f78b76bd93f85df67cbf650514515b1ec85145140051451400514514005145140051451400515f98ff00b476af7717fc1c3ff0bed56eae16d9f4db72d089088dbfd1af3aae715fa715851aded1c95be1763c5ca33858ea988a6a1cbec6a386f7bd9277db4df6d428a2bf323f6e1d5eeedffe0be3f02eda3bab88ede4d334e2f12c84237fa4dff519c1a2bd6f6514ed7bb4bef0cf738596d185670e6e69c21bdadcf2b5f67b76ea7e9bd1457e27fece7fb135bfedff00ff000509fda0741d67c63e25f0edb78735fd4ef206d3e40c5cb6a52c7b487e0003d2a7115e54dc6318ddcbcec72e7f9ed6cbea61e861e8fb59d6938a5cca3b479b7699fb61457e73ff00c43a9e15ff00a2b9f113f286beadfd84ff0062bd3ff616f853a9f8534df11eb5e278353d5a4d59ae753dbe6c6cf0c3179636f1b40841fab1a74ea5672b4e165eb734cbb30cd6b5750c5e1152859fbded232d7a2b28a7afe07b5d15f919ff000529f83edfb4a7fc16a3c23f0eee75dd5f43d37c4ba35a432cf632624876c57326554fcb92500e7d6bd6ff00e21d4f0aff00d15cf889f94358ac55594a51a70bd9db7b7e87930e26ccb1188af470383538d29b836eac6376927b38be8cfd18a2be56fd843fe0963a2fec27f12b56f12e9be37f14f89e6d5b4c3a635bea7e5f951299639378dbceecc607d09aa9ff0005c4bd9b4fff008268f8fa5b79a582559f4cc3c6c5587fc4c6d87515b3ab28d275271b357d2ffa9ecd4cd713432cab8fc651e49c2329722929691575ef256d7d343eb4a2be7cff008253dd4b7bff0004eff8512cd23cb2be8a0b3bb16663e6c9d49afa0eb5a73e68a9773d2c062beb385a789b5b9e3195bb5d276fc428af983fe0b37793587fc1347e27cd04b2432a4161b5e362acbff131b51c1153ff00c11d6ee5beff00826c7c2e9679649a57b4bbdceec599bfd3ae7a9359fb6fdf7b2b74bfe36383fb617f6b7f65727fcbbf69cd7fef72dad6f9dee7d31457e5effc1c9bafea9e1fb7f8252e917b7f65782f356689ed2678e4f300b12841520ee07a7bd7d01ff0493ff829047fb67fc3397c33e2a916cbe29f83e210ead6f22f94fa944a420bb54e30dbb0b2a81f2b907003a819c7191f6ee83d1f4f33cea3c5b8696755324aab96714b95b7a4af1e66bc9a5b2d6e93b6d63ec2a2bc27fe0a737325a7fc13f7e2dcb148f1489e1db82ae8c5594e07208af32ff82125f4fa8ffc1387c2d2dc4d2cf29d475205e472cc7fd2e4ee6b475ad5952b74b9e8cf3851cda195f27c54dcf9afda4a36b5bcef7b9f61d15f999ff072aead75a57c2cf8586d6e6e2d8beab7c18c52142dfb98bae2b621ff0083763c2b2c28dff0b73e218dca0f486b19626a7b4953a70bdadd6db9e462388f1ef31ad97e0709ed7d928b6dd450f8d5d68e2fb33f46e8af867f67aff821c7873f67bf8d9e1af1b5afc4bf1bead71e1abd5bd8eceec45e45c15cfcaf8e71cd7dcd5d14a5392f7e36f9dcf7b2bc4e36bd394b1b43d9493d129a9dd5b7ba4adae960a28a2b53d30a28a2800a28a2800a28a2800a28a2800a28a2800a28a2800a28a2803f2fff00692ff958b7e16ffd832dff00f496f2bf502bf2a7f6ccf1e68bf0c7fe0e01f875af788b55b0d1345d3b4ab692eafaf665860b7536f76a0b3b600192073dc8afbbbfe1e37f013fe8b17c39ff00c1edbfff00155e7616a4633a8a4d2f79fe48fcff0085f1f85a18acc635eac62fdbcb4728afb31eed1ed15f981fb73ffca7f7e047fd8334dffd29bfafd07f845fb4bfc3df8fd737d0f823c69e1af15cba62a3dda695a84774d6cae4852e109c0255b19f435f9f1fb73ffca7f7e047fd8334dffd29bfaac7493a7169fda8fe66dc6b5e9d5cbf0f529494a2ebd1d534d7f13ba6d7e27e9fd7e247eccbfb6e1fd887fe0a23fb436ae3c13aff008dff00b6fc41aa59fd9f4a387b6dba9cafbdbe56e0f4afdb7afcc0ff00823aff00ca50ff006a3ffb09ea3ffa7696963549d4a4a2eceeff00232e33a55aae3f2da787a9ece6ea4ed2b295bf76fa3d19d5ff00c3ff009bfe880fc48ffbefff00b557dc3fb3c7c5ff00f85fbf04fc37e323a3dee81ff090d9addff675e7fafb4c92363f039e3d075aece8ae9a54ea45de73bfc923e932bc066342a3963315ed535a2f671859df7ba6efdac7e42ffc14a7c6be2df875ff0005baf076b5e04f0f47e2bf16d868b68fa6e92f9db7ae62ba52a7041e10b1ea3eed7b57fc37cfedadff0046c9a77e737ff1eaf39fdb33c79a2fc31ff83807e1d6bde22d56c344d174ed2ada4babebd996182dd4dbdda82ced8006481cf722beeeff00878dfc04ff00a2c5f0e7ff0007b6ff00fc5579d4a37a953f79cbef3ede5dcfcff2aa0a78ecc1bc7cb0ff00bf97baa54d5fdd8ebefabf969a6843fb0b7c65f8adf1abe1deafa87c5bf0041f0f75bb5d44dbd9d9445b1736fe52379bf33b1fbecebd7f86bcd3fe0b9fff0028c9f1ff00fd77d2ff00f4e36d5ee7f0bbf6bcf85bf1b7c4e745f07fc41f08f89b5710b5c7d8f4dd522b99bcb52033ed5627032327dc57867fc173ff00e5193e3fff00aefa5ffe9c6dabb2b5bead24a57d1ebff0c7d6e6ee3feaee2631adedad4a6b9ef16dbb3df974bebd0ecffe093dff0028e8f84dff006051ff00a364afa1abe24ff8269fedc9f073e1bfec25f0cf43d7fe27f81f46d674dd2445776579ac410cf6efe639dae8cd90704707d6bde74dff0082857c0bd635182d2d7e2e7c3eb8baba91618628f5cb76795d880aa006e4924002ab0f5a9fb28ae65b2eabb7a9d190e6b818e5b8683ad04f920adcf1bdf963a5b98f3eff0082d2ff00ca327e28ff00d70b0ffd395ad4ff00f046aff94687c2cffaf3bbff00d2fb9a83fe0b4bff0028c9f8a3ff005c2c3ff4e56b53ff00c11abfe51a1f0b3febceefff004bee6b3ff98cff00b77f53817fc95dff0072dffb94f96ffe0e40ff009097c04ffb09ea7fcec2b4bfe0ac3fb17f893f672f8af6bfb52fc1457d3b5dd0a7fb6789ec6d932920e8f79e58fbd1ba92b70bdd5b7ffcf46acdff0083903fe425f013fec27a9ff3b0afd3cbbb48afed658278a39e09d0c7247228649148c1520f0411c60d63ec155ad562f7f76cfb3b1e2bc9296699b66987a8f9649d17192de12507692f47bf75747c4df16bf6cff0dfedcdff00047ff89be30d0992daf57c39716dac698d26e974abb0a0b467d50fde46c7cca4742081abff000418ff00946d7857fec23a97fe95c95f0e7fc14d7f647f15ff00c1337c65e2cd6fe1c34abf07fe2fd8cda36a16382f069b2480b0b671db69cbc0fd400e872036ff00b8ff00e0831ff28daf0aff00d84752ff00d2b92a30f5272c528d45ef28b4fcf5dfe673e459862f11c4d0a1984396b52a338cbb4bdf8b538f9496be4eebd3c33fe0e65ff9255f0abfec2d7dff00a262aea20fdbe3f6d458502feccba7950a00399b91ff007fab97ff0083997fe4957c2aff00b0b5f7fe898abecfb6ff00828cfc055b68c1f8c3f0e810a011fdbb6fe9fef5371be26a7bfcbb76ede65ce8a9f11e3ef8c787d28ece0b9bdd7fcfdbcbbea703fb0dfed39fb42fc69f8b1a8e97f16be0f5afc3ef0edbe9325d5b6a31193335d89a15587e6918731bcadd3fe59f5afaaabc8fc3dfb7d7c12f16ebf63a5697f15bc03a86a7a9dc4769696b06b50492dccd230448d1436599988000ea4d7ae57a146dcb6e6e6f3d3f43efb26e48d0f671c4fb769bbc9b837aec9f269a74ea1451456c7ac145145001451450014514500145145001451450014514500145145007857ed0bff04d3f827fb557c423e2af1ef82bfb7b5e36d1d99bafed7bfb5fdd2676aec86744e371e76e79eb5c37fc3907f65eff00a263ff00971eadff00c955f575158cb0d4a4eee2afe878f5b8772aad51d5ab86a7293d5b708b6df76ec7917ecc9fb08fc29fd8e6ff0057baf871e15ff84727d7a38a2be6fed3bcbcf3d632c506279640b82edf7719cf39abbe3afd8cbe1afc4af8ff00a0fc52d6fc37f6df1df86628e1d3753fed0ba8fecc91b48e83ca49444d8695cfcc873bb9e831ea14552a5051e54958ea8e57838d18e1e34a2a117751e5564d3ba695ac9a7adfbea15e5ff077f632f86bf007e28f8a7c69e11f0dff0064f897c692c936b379fda1753fdb1e498cce764b2b2266462df22ae3381c715ea145538a6d36b637ab86a35270a95209ca0ef16d26d36ad75d9db4d3a051451546e7857ed0bff04d3f827fb557c423e2af1ef82bfb7b5e36d1d99bafed7bfb5fdd2676aec86744e371e76e79eb5c37fc3907f65eff00a263ff00971eadff00c955f575158cb0d4a4eee2afe878f5b8772aad51d5ab86a7293d5b708b6df76ec785fecf1ff04d6f829fb29fc413e29f00f82ffb075e36b2597dabfb5efeebf74e54b2ec9a774e4aaf3b73c75af46f8e9f023c29fb4a7c32d43c1be36d2bfb6bc37aa344d7567f699adbcd3148b2a7cf0ba38c3a29e186718391915d751551a5051e4495bb1d5472cc1d1a0f0b4a94634ddef1514a2efbdd6daf5ee7ca3ff0e41fd97bfe898ffe5c7ab7ff002555bd0bfe08b9fb34786b5cb3d4acbe1af917ba7ce9736f27fc243aab7972230656c1b920e080704115f51d151f55a3fc8bee470ae18c9d3bac253ffc023fe472df1a7e0b7867f687f863aa7837c63a6ff6c786f5a58d6f6cfed12dbf9c1244957e78995d70e8a7e561d31d3229df06be0df86ff67df867a5783fc21a6ff64787344478ecad3ed12dc792af2348c37cacced97763f331ebe95d3d15af2ae6e6b6a7abf56a3edbeb1c8b9ed6e6b2bdaf7b5f7b5f5b773cbff690fd8cbe1afed732e80ff10fc37ff090378625966d30ff00685d5a7d99e4f2f79fdc4a9bb3e547f7b38dbc63273ea1451428a4db4b5614f0d4615255a104a52b733495ddb4577d6cb6bec73df15be147877e38fc3cd57c29e2cd2adb5bf0f6b70982f2ce7dc1655c8230ca432b020156521948041040359df017f67ff08fecc7f0dad3c21e07d23fb13c3b6324b34169f6a9ae76348e5dcef99ddce5893cb71dabb2a28e48f3735b50785a2eb2c4382e74adcd657b6f6bef6bf43cc3f699fd8d7e1b7ed89a569563f11fc37ff091dae892c93d927f685d59f92ee02b1cc12465b2147dec8e2bc83fe1c83fb2f7fd131ffcb8f56ffe4aafaba8a89e1e949f34a29bf4387159165b89a8eb6230f09c9f59462de9e6d1f32f81ff00e08e9fb38fc38f1a68fe22d17e1d7d8b58d06f61d46c2e3fb7f5493c89e191648df6bdc956c3a8386041c7208afa6a8a2aa14a10d2092f43a30596e1307171c2528d34f57ca92bfad828a28ab3b428a28a0028a28a0028a28a0028a28a0028a28a0028a28a0028a28a0028a28a0028a28a002be77fdad7e386abf06ff69ef82cb6b6de2cd5b4ad563d785fe91a0c0d732df98edadcc4cd08601c46cccd93f7724d7d115c8f8bbe0c697e34f8b3e0ff00195d4f7f1ea7e094be8ec6289d04128bb8d2393cd054b1c08c6ddacb824e7359d58c9c6d1f2fcce0cca856ad479284ad2e68bbf92926fd74be9d763c67e107ed0faafc5bfdbe2fb4bfecdf1c786b42b5f0025d0d275eb46b2592e7fb44afda122dc413b084dfd7823b55cf190d77f693fdacfc4fe023e2cf11783fc23e00d174dbeb98340bc3617faedd5f35c9566b951e625bc496f8db1152cee77310a16bd697e0c696bf1e5be21fda2fff00b69f401e1d306f4fb2fd9c5c1b8dfb76eef3379233bb18fe1cf3583f18ff0065dd2fe2bf8d2c3c5565aef89fc15e30d3ad0e9f1eb9e1eb98a1b99ad4b6ff00b3cc93472c33441f2c1648db6b1254a927393a73e5b3d75f4ba3cc960317ec1c2a3e7fde39357e5e6874574ecbbdae93b59bd4e3be07ea7aff00c20fdaaf5af8557de27d63c63e1eb8f0cc5e29d22eb59985c6a5a57fa535b4b6b2ce0069a363b5e36932e36c8a4b0008f3efda0efb5df0c7c79f18ea5f11afbe35e91e028d6d9fc33ac781ae263a5e936cb6c9f687bd86d374c6513f9ac5e68a48bcbd98c00457be7c10fd9b746f821a8eb3aac7a96bde26f137888c7fda9af6bb74b737f789102228b28a91c7126e6db1c48880b31c649358ff00133f656baf887e20d5eeadfe287c50f0e69dafaedd4349d3750b57b4917cb11b088dc5bcb2db8651c8824419248009cd29539f25bcfbfe1e6655f2ec54b06a9a4eea4da8f3269277e58c9b6b992f2926afeeb7ca883f69cf1e3e9dfb0378ff00c4de17f105cdcbc1e02d4353d275bb69c09a5234f92486e92440a371f95c32803272315f3bfc34f8c3a3c5e33f8509f09be30f8afe24f88b5ad52cedfc51a1cdaf3f886ca2d39e226f2e262e1cda342406460e996c261b762beb2f117ecfbe1dd77f672bef8590c773a57852f3c3b2785d12ce4026b4b36b636c046ce186f58cf0583720120d755e1bd060f0b787ac74db62ed069f6f1db46cf82eca8a141380067039e0539d294a49deda7e37e9ff0004db1595e27118885472514a114dae66d494949f2fbc96a95af252ba76b1e49fb4b78c756f0e7c7df80b6161a8ded9d96bbe2abdb5d460865648ef625d1efe554900e1944888c01eea0f6ae63fe0a67e10bcd3ff00662f1c78ef48f16f8e3c37ae784fc3d717162ba36bd71636cd2202caf2451b0576c9c64f60057b0fc42f831a5fc4af1bf8275fbe9efe2bcf01ea536aba7a40e8b14d2cb6935ab2ca0a9257cb9dc80a54ee0a7246417fc74f83da67ed03f07bc47e09d667beb6d2bc5161269f752d93a25c471b8c128ceaca1bd32a47b554e9b929aefb7ddfe66b8ccbeb56a38aa7fcebdcd5ab3f6765b356f7b5fc487e0c7c2483e1268335bc1af78b75efb73aced2ebdaccfa9cb11da06d469492abdf038cd7ca5abfed973db7ed333fc461e3db04f871a6789d3e1ecbe1a3a944165b624c32eb5e56edc59352648f701ff1ef13b7439afb435dd11b59f0cde69b15edee9cd776af6c97768cab716a590a89232caca1d73904a91903208e2bcc6cff00617f85b67f0497c047c21a2cda40d1ff00b15ae65b285afe48cc5e5195a7d9b8cc412c64ebb8eea5569cda4a9e96fcfa19e6580c54e34e9609a8287bdab96b25f0ad1b76ddbbb69ded6d0a5ff0512f196adf0fbf62af885ace87a8de691ab69fa7092daf2d2568a681bce8c6558720e091c7ad7b4d79e7c47fd9c34cf8adfb35dcfc31d6b59f10dce997ba5c3a55c6a9e743fda732c6131333988c6656280b1f2f0493f28a6fc2af813ac7c36f12bea17ff14be22f8ca0781a1161ae1d33eccac4a9120fb35942fbc608197db863907822fdee7bdb4691d915898e33da725e128c57c4bdd69c9bd3aee95d6f63d168a28ad4f5028a28a0028a28a0028a28a0028a28a0028a28a0028a28a0028a28a0028a28a0028a28a0028a28a0028a28a0028a28a0028a28a0028a28a0028a28a0028a28a0028a28a0028a28a0028a28a0028a28a0028a28a0028a28a0028a28a0028a28a0028a28a0028a28a0028a28a0028a28a0028a28a0028a28a0028a28a0028a28a0028a28a0028a28a0028a28a0028a28a0028a28a0028a28a0028a28a0028a28a0028a28a0028a28a0028a28a0028a28a0028a28a0028a28a00fffd9656e6473747265616d0a656e646f626a0a34312030206f626a0a31383434310a656e646f626a0a362030206f626a0a3c3c0a2f54797065202f506167650a2f506172656e742033203020520a2f436f6e74656e7473203434203020520a2f5265736f7572636573203436203020520a2f416e6e6f7473203437203020520a2f4d65646961426f78205b30203020353935203834325d0a3e3e0a656e646f626a0a34362030206f626a0a3c3c0a2f436f6c6f725370616365203c3c0a2f504353702035203020520a2f435370202f4465766963655247420a2f43537067202f446576696365477261790a3e3e0a2f457874475374617465203c3c0a2f4753612034203020520a2f475374617465372037203020520a3e3e0a2f5061747465726e203c3c0a3e3e0a2f466f6e74203c3c0a2f463432203432203020520a2f463433203433203020520a3e3e0a2f584f626a656374203c3c0a2f496d3130203130203020520a2f496d3134203134203020520a2f496d3138203138203020520a2f496d3232203232203020520a2f496d3236203236203020520a2f496d3330203330203020520a2f496d3334203334203020520a2f496d3338203338203020520a2f496d3430203430203020520a3e3e0a3e3e0a656e646f626a0a34372030206f626a0a5b205d0a656e646f626a0a34342030206f626a0a3c3c0a2f4c656e677468203435203020520a2f46696c746572202f466c6174654465636f64650a3e3e0a73747265616d0a789ced5a5b6be436147ef7afd0732133d2912cc9500ac924535a682164a00fa50f21bbdbb224dba6bbd0bf5fc997b17dbe916fb9b9659d646c9f91cefd7c3a12d97e7f732b7eff2cb6bb9bbfc45d7ddfdd644ac8f073a60479e19511770fd9a378ccaeb3ebf019ef8f99dcb85c56573998bf87290dd78af0f9ee53b6ade46515e566f77390f48f20f163f8fb29503e8a5f7f0bb777b5a438e821cbb5dfe40de3fbeeabf33610da7bfcfa8fec976fc4a7f52b7866364775bacf819dd13dca7d49b14e375cef7b93935ff4797cf5cba05fc634ee7183d78a9115b6e441c749258ff6d5ea40b0edfd35c3f2787afa97db2fef5d64314903e545f8b59e84cfadf8fb7df62106fcc5b51fd3bc611414dbd87079570e5442b98d2eaf429c555f592b75529b23cb1aff287e52d45e6c7f78505288cb3f2b574e10e8438ac427454be51990578d8bbeef9ad3113a2a896403ed51dd5a901f10e442049f2a80282140f5ec9815a2464edf67649392a221cf204163167425cc897a42402aec7d673d83a026ece9ca4cc2c6ed64c870940b1f5c1320c37520a36a2486243fb9011836eb15f17653e8fa4a3ecf76abaf9daa1a974e9de5f5b27961462780d3422f0b3eaff589b7f5957c9eed93004fe473618d9c695e9868a55a3871a944678bfec4b95939d385a339dbe28ddc182f837ea41b2d8c27e98d2d027c7823d83a3053910859251c691997cdf8590192911c9036ba532da79f7b264e181f1d208f0ee81abf50e8c521dbee0d0932e2f0411c774ef17678c8c846d8d64a1cde896f4314d577e2f031533a7e5b51a8a4d896a0ab21794b3115a53366029bbc1ae286d8d892d219e2609207494545a196725e514c4bb928291d13765cd225f0bd2a29578790006f18c8d04ed953812c5b48a75900140f40c1e30861343c44058f8792034c1c67e2390199149cc9390cb9e0e9b383982e3010e5d85504990682ac83cdfd12523c6b3b3ed8f33456920d51ea74805a82e29e559a130c27f0d45196131c27784e2846a5d0faa365f42b47abc167289ece900aca745a135555864f2b82720db74f5d70ae80b210732eb7d66cd52176d4687f39ee8205e56756ef02239b06425df1d5172d86dcda8f39892483f271af11b620506ebc0c6ab9abf6b43e1a48802750d6bcbcb0deb8ebd18f9a458b0c2fe2f3a7e738e53c6d68fd2bb1c98b74e1836301db11960b0e7e408029e3000aae76d01f4361ec38042d402de81160391fed22c8f3b2071edcfe0953dcfa13cbfb74b046b3868090585487f07574ddfa9a57ffbd66340f1be754b376029f207ca37de404a0071e2fd19c52bd3b6cf78b90d0cf622f5d72f300b16109deaf3f4d8c6dccb9e269825832ba022ddf71fa9510de3a5843673eb92ffaf9db056038f08033923ac07002d2a5e0290934372068fd596edb4e9a2f18888eb4078a5e858543a961878e03e1400d0efb467765c883a7415de9ddd48183218221fc08b15ed0bb503d810be802ea43d262ea279cf2d6511fca6b773c1ffcbfe6b5cb9b3646611b0387be40183fd59e904d277205a114cec211a1015b314dc180d4e9f85bc76c302b8b812d0d34dbd045f18d034e997f4274e2a09478eba938cec046bf4ea735fbde934bfbfe75f668bce6b4e453784071c4e28d5f199be65f3a5ef8ff2ac475f62fd488177e656e6473747265616d0a656e646f626a0a34352030206f626a0a313139390a656e646f626a0a34382030206f626a0a3c3c202f54797065202f466f6e7444657363726970746f720a2f466f6e744e616d65202f5157424141412b417269616c426f6c640a2f466c6167732034200a2f466f6e7442426f78205b2d3536322e303131373138202d3333362e39313430363220313739302e3033393036203934342e383234323138205d0a2f4974616c6963416e676c652030200a2f417363656e74203635312e333637313837200a2f44657363656e74202d3138382e343736353632200a2f4361704865696768742030200a2f5374656d562039332e37353030303030200a2f466f6e7446696c6532203439203020520a3e3e20656e646f626a0a34392030206f626a0a3c3c0a2f4c656e67746831203135323936200a2f4c656e677468203532203020520a2f46696c746572202f466c6174654465636f64650a3e3e0a73747265616d0a789ced59096c5bc7999ee121c98ee558b72d5bd6c8927552f7e933a6284aa245891249d951ecc479229fac67537c0c8fa86a5ac776d2cd61370bd7f6b6759cf4d814d8242dd2f448daf4885304dd03088aadb31b3445768316db34bd901668b74d6c6afff9671e0f5936d200dddd02f2331ffff9e79ffff8fe7ffe79e223941092478e1333211e5f6b4749e28e2f03e7347cee3c1c5a98b9cdf1a79340ff0a84ea675525a83eedaa24645531f07a6681b1265804f42a378c6b66e7e21fbac394d703e3088cfd213da0143f5afa1a8c5f86b16d4ef95084ac277b60fc0e8c5958995337f6fd5b8290d5eb08697f8698cdaf9abe4dac24cf7ac1da4908dd28becdff4a664c857956d34db91613ff677993b42c5e221f3a005a56116e6ad4c1085c8b57ac979313b4337737fdca1e4217171709b1d45a5fe0d6480931f160ad7041b4b984541554156c851b25167285992f5dd96325ef1166b94488899c87957f849585a48a90ce822a56565a565a529c9bc3afeaea828282ce8ede9ede9eeeda3ab8aacfd31fd37cdf47f74db677ec1d1d3dfa4f2f7dfe991ddbabab684beb70f767ad2f946e99d39f79f0c0c1ae9e7525575fb37c2f7967596947bbddd3ddb97635b736bcf8734b8b65376926bb21ee3ad0db5b8a06cdc5f055c56d70b35bea6abb6bb955b8babbc02c30297a540672bde8502f55179b34ed07dfbafd40dd56f3da35b5c95fdcb42ecf34ecf51d7ce28e43d4d634e63efbf2687d4378a4b1891eea49246afa80e9743b3b0a5653d34f5a2eec7551dad4e2703e9ffcc6e9fe81918d7d1bf286b6544fddfad06d4383b535155bd9a689ea2d745365f272e186f2b2ba9d3b9a6cb4636b5f8d4a28a95cfcb9e98cf53152015194541770e74b01a732749d5fdd05d5dd9ddd5b0b4c1fbe94632929aca8dbbb7efa23a33b776fdcbc7ad58913b4dc52fb66d27f5f7159feda8daf37966f68a877b69fa73f78f3f213c987384e6741ef17212b98bf22c81f85cf59ba21f916dd60798e5a9257dedb6ba97def752e6b5f7ccb520b986e205b609595e3670107d601441d65a5e6aa528158114fdf1640d0f42e5ddf1b4b3c93fcc5fddac30fbdfaeb871eb45edd63b6ef99ee6f6eae33efdc357970e72e13f5b63eea99a0cf9d7983e6fddd397af1f1e4773fea1ca2353534b460bfc531100553e40cd4ce14580614aaaa0abaeaa405b001de5695f474769489ec5aa6926f1516d6376cdbbb6d4771198528ac0fbf7afba8bba1b6e066d3e62f76b6576caa6fb0f77f255969a9bdf8b5aaeace6e7bff3ddc02ec4ffa35c481d766c1695a6f7de1dd413eb31e42ff99f532444d8a3abbbbb0223aca72d18192924e484a5541f5fa8b159b46dd89f978edc0aedd1b36fef087c9b72e5a6ac73fe6e86faca7352fafdb543131f2c695e7cd2e8ea3176af302445344aa41276ae40194c882acabdd5a8c49eee995717a9d03c78f5d7ce7d10bf4c263bffcc4fd7f33e0a46c64243ce786c272b9e7c22323a62da7ee3f39e8bcf8f86f7ef7d867fafb8fdffb0f8ffbfd7edfe72ec27d9247f1006cd15eb4c91104c8c066298f028bbd807e9643e5e8e972de39b57f68d7cefac6d2f596da4f1e81baecfa7d0badac9adc97fc1dd7738c909c4f819e36f0dc005ee8e21740914a4d498191a91c393c46cda72ecd8c8cb40d4e4c1c4c4c8c376ce209da5437b1a3abbbb42cf9d6cd3757b21e7b577709d096da334f36364e4e3636d296f603ce4f5e9d321d7aac75674d8d73e87cd2641abcd0622b2ba55baafbfb3f7df50a607a6e71d1aa6077d9ca3d33ea41b697ba2a2abb0bf4972eb171eace992a9ebff3c4c103ed6dcd7dead8c9c0df5fbd4cebdfb8a76fb8ada572f3e6cd3dbddedd5fb7beb0a956993ef5c82bcf9dfcdcf44823a396ef5de95e5b606b0a284f3f79f0406767613e05ebfee484e54e40a59ef41152662d95e9ebe9eecea9cb115b0410eaae2a30da1de37da7c86831dc1bc06c81da7337d7ef9bebab29ce3f76e9b58f4c9fb8f7d2cb27686e25ebedbbfdd023c9df46eea257fbf7288787062975380fcfece91faceb2bd95c55d2b1e5d0a35fa2f4b947fe9ddef4f18fd32f9ebf32f4eddbefe8eadebcf9f6037f9b6fbaffa9d1713ae1f9cc17c63d746c1cb2d8063b791df8db0e586de5dbb654f6dd1ad10f319d5699ca921c0926771ca269a3e5057dbd8150df565a54e24a3e7ddb311a0efdec4747b586e47f17b6b4ddaab7315ab1f527ff79dbad74e19edfbcfed1e3b4b5c9d760a3b461536b656951e1c8eec90b0f1dba830e0e9d6adfb5a5aab26ccbe6928a8e2e97fb639fd0343ab51ffcf3837fb7807f55bccf64b8d1097ef6f2c65307fba4c8249abaa53df9cbb5ed1d9e23bb6ea1f65b8e7aba3a4b68b16de1c3afbcfdf0694a4f9ffaf54bf1a8e9571ddea6c6e1bd4f7e676c8cb636ebad2fde394dcf9ea5169a73ee0ca55e3fdf970f80d57358435b4417401c0ad689b0eb4a8a7264beba44be1ea01b4e7cf5a5e3f79eb8ef1b07f74fed29a4ddc31fbebd7f0fedef3fac3a06ac2f5c7de71c3df548f2dde43b60a9b579eaa2a9f10b9ebbe8b8e7e9af7b311160d3073615c3665555b7c4b8c0845d068e52a315489b1625f99efdd6a9db9e3f791f3d7eeff79ebd8f6eb85ad8eab8471970a0ddfe818b079b9ae9f9b3348faefdf8297aceb4ee4ae42977d8e77de2f9090ff54c886e9ab3016caec12829e5c736851d72867e8baea6b9f4dbc95f27df48fe34f91fd617aeac37fffcdd41cbc9f78ef10ff8cbcffb17616d2e59cdfd35c345ab8acc66eb8bc9ef1ebffadc42f2fba61d745be3bf7c9f8e26bf0aeb1f36b1ab6f12fe98009f0babbef9c4a19b77fe9e3f205dfb2f3991f329e8b394e4a458b0c6da933c067546168f2f1ecff9146acafc5792032ceb3e72de12232ed353a4d2b48d9c05da6ef92939033481cf69e0af87b1d75c411ec8ad20c7acff48cec1d80f726df09904fa013ece798a9c8139d44bdce4cbe44df207da498370dd452fd057e91f4d03a6fb4c3f36379967cc9f35bf6efea3a5183d2a21b7086caef18ffff3997f41f81312fc339523c78c92ab71c46913c933d548da4c769b6c92b69062d36e495bc97ad31149e7007d52d2b92468ba20e93ce8cb6b25bd8a3c6c4a4a3a7fadc5fca0e11bcd2f382d6980aef0d39236114be1e3923693cac2cf4bda4256173e2d692b5953f892a473807e45d2b9a4bdf04792ce23eb0bce4a7a157116ad96747eaea9c8039aa9c50cb6d6964f48da42cacb0f216d05feeaf205495b4869f97d48e7003fa7fcd392b690c2f2cf209dcb712b7f56d28055f93791ce03fe9af257246d21ebcb7f84343cd99a3697ff56d2027f410bfc052df017b4c05fd0027f410bfc059d4ba62b6e96b4c05fd0027f41e7af2daeb80be9d53cf6a68f491a626f3a8bf44dc02f6cfa92a42d6473d38b48afe1be35bd2169f0a7e9bf905e0bfc754d7f92b4856cb2ad427a1dd763db2a69d063eb45ba8863689b943460683b807431f7c7362769f0c7760fd2f06c4f8a6de7256d21ccf624d2a528ffcf92e6f2af21bd01e57f2b69906fb622bd91e7b479aba421a7cdad4857604e9f9534cfa9c85d25ca3b25cde545cdd4f09c36ab92869c360b3c1b393ecd0f491af0693e837433eaf982a4b99e67389d97817f5e06fe791971e565c4b526437e4d86fc9a8cbcac31f2f224fc4dd40115d04e7a81f29359a2c2f728d149183e71b24022c871c0280a34bf2bc0d750a20566ec240417235ee01d86f57112c3910adf2a48df0df7204ae6c3350ca369e0aa641e381ed41e06bb861d37685f00dd09d0c340af0e3a3512003a007404e6a2293b2ce57d1be904aa3635ea2536f441010d1190656057013b5c47801c95b27b61340b5c3e9b001f63a998380e1ac611baae3f33880523fd309e8619ce551089ec18851e5d46cad04a026603182f1fcd80ee79581b454e02a482881c03be910f17f8c4d1d1705d18b1dd81eb559450c91cd8e44807f1cea447862c437e0c381cbf482a83e938f87c1cbcd060650c50b0a3248fa81f244230bfb42ab667c8b094148327ca51b41d058e115f03d98731c552767bc106afbbb48ee60c4bfe2cdd068a0a62c22b30881173cc8e22ba331fa87aaf954c57e200cace836c1872ce6b75062e4de6ad19eb4b07cc358c660c6766d17f057ce5f5378eb6a238a3a1ef3eb8a7f3cb236a27dbe0f9bb6319c4786e13e04b043329723a83fec6b146a7b08e18a2b0807523f21c4fd5ae21cd793aee205e61dc2715fd0ba25c44d6b80df10da39d087a2dd606a416558e15d41dc108e6402a8e737cd534fa61d4ecd2fa8bcb15623744afe1cca462b0a5c6e9fabf169d088e83b02600639bdc0bbcdf08bbb6949da511888ccd234e01ec0ecb61362f23d5b06f84b043189d6c29f67c4d08a97a906fc8da8fcb6b173e7c506c3377bb519f51dcdf46bd1935be5c0486f56bfdda9151033c12114b1ced19bb278a1d6201eb470794c2d81595eb462a6a4fc9aa2ad1dd74791751099af7d988ecb6dc5b239b861e2ec97bfa8d6a549c4a619999b47663876812e528f67f0df7705ce6969f51461f99c1dd1cc2280d94b3abda869951900eca3ab8b66b2fdd09f5787af138b79356b854ec45dcc651eccd2a6655011e47e830481873ad52e7a125274183dcbde96e114b216678f3e79cb5eff36c639b96e8701b3a5845aa9a8f004fe4c9a81a159f0942f24c4c57f78dce6ba32aaf7f66f3cc8da7764e2ce3a411f91655a04a5b87b196c332ef368c392acf52d17b786750107f9167a38e455d4564071716f83920cece70aa5214927e6659dacffe02b94821a460ecba3c738cfe11444e02b0117b247d0a323cd542b266ea0d1faf9f5bc2cfb1aca716c876430646413c6542597de6da186fa00fbbaf86eb0ce9e5bb9b6d497733b05fba9aa326fa6966dc865fe927caf4ae499f44460e6dd8ef75b432931aab1915c2fb96c8500cb4a54f58e1f534faa2ca932a91ca65662f11396c95198fe12e09a57c30f675762dbd7f54334f781165e649935dd36924e611c7b90f9847e334e04fbc61898c9ae14110efdc661a97232011c8383be237e8c7a2f3073102e3c4db9ed5c515d0a863c759fe6f08f1fc679c32697c8c932c8d51664fc95e15c35e2172352de35efecc55ae93d1682afa18566918b58b5d244edecc13fd83568071be0d1327ce7ac8208cf6c369e9458e0b78fcb9d50b33fb603400dc01e0d481844fced761a6f6e339340c729378c6091d5eb88fc1780a7bdc206138e6a311901f035d7cad93dc8a369ca0cd87925ed43d0a5c377c3ba51c5fe100ce248c393d845d50d81b8355e22f22973c1385a77ee0b35484d95eb9d0a2e1d9288cbca07f58ceda41b70bf571ffb9fd41a4c7527e0e4a4fed8811d7cc753ac023378e387712bec741ce87f6ed18b3f0760c63188479118b133de0965b64ac428ee3b34fcef01c71ffdc70a5a3b22306c3e84d1a3f077c8f83e75cff10ccfaf184f0c0ca018cd487e83925663c5a378ed251894c39301a8e2ac76000e851f80ca5b0f3e25df8e2cdd0968ddd7e9c4f4b89f8ecf2ee40e43c3812d970e0c88fb9e2b336994b2fc6b1d4ea7eac44274ad931625faa4206b17a85f746750a1b9e0c4f843d9edb4c5f8caa6637d823428b313f29337d2d2e1c753b62c2fdf2a52c5f4f73cb93aca3adbd97f9675536aa87f5f84244650e3d1ad1a34a5cd3c32dcc1e0a31af7678361e635e35a646ef56832d2c3f7f589d8eaaf3cc1351c37ebec6ad2ce889380be987b5000be89185285fc3b8fab64e56cbbf7a6dccab8422b36c580907f4c051e0eed567c36c38118c714bfe592dc642997a66f428ebd7a6435a4009316911647430ca627a221a50e16b263eaf4455960807d5288bf3385c7ee6d6026a38a6ee60315565eadcb41a0caa4116125c16546381a816e101a28da01a57b450acc51ed59450bf1e0a1a506c470ee32c563faa05a23ab7d7b04f8dc6f8dade96b6769468c6457e210d1e2a2c1e5582ea9c123dcaf499eba39b6222860351655e0b1f669e991970943533af3ead85d9981698d5434accc6c69578540b680af329186e8cb56febeb48f9c562894824a441a0337a38dec2a6f4049b53165802428e7370399bc5751688aa4a5cb5b1a0168b00e036a684832c12d5603600222a7c2b311651a3735a3c0eeaa617105803be384c4016a20631c32dd8f837c29f722712d5838940dcc678d9c05a1b5f631880c0e66721b20ccfe6c1a8160e8412415e6386f77a38b4c0eab50691c60c71d070236f45d6399e5135c671e388a70df0e5295d3b10817a0dacc4d5399e9ea8065683fa7c38a42bc16cf4140115541b84a38329b827e211a8daa0cac3e432b36a28928d28eca4f08214e709018580cfac36ad81cf2df9f9bc4666f45048c7129050dbd8b412035ff570aab28d24d4cfc6e391edadad6ab8655e3baa45d4a0a6b4e8d1c3ad7cd40a9287e41e6880f46259c4b8635ccdf29b76b9cdf64329e1e6129739cc4774888943a3dead86602322dcd9db9a4399b5b1f3f3c7797262b867206e8040855587a30a2013b4b199286c52a89ec0ac123d0c31738c012bc8282c67fa346cce300745c1c662d4d9fb8f823ba4c4623aec1c5e1f413d9098838c2862ff6b2140a69e6bcc8a96f96467b9dc801e0555beb5451e969563f35a7c96b333cacd26cb8d7b6f4c8734a853619beb8a8ade0a167013f1086d6c4e0f6a33fc5b454022090828368b1b16544f27f8e68d71a6ac1288b015028fa9d0ac4103cfb544695957c586079362d348a4d189f9597dee0631f26d908886c11915150475e8c0e8cb113510370a2c5dc750fc410d37de7651e2cab47eb79a714040ffe35b06fde19b2c92ae1439159b5520aa69356be72a198146b9f9581c8a89775fd8bc62a3df0800bedf869dcce719f4efb77b9dcce563e35ecf3ed7807380d5d97d30aeb3b1fd2effb067d2cf40c26b1ff34f31cf20b38f4db111d7d8808d396f1df73a7d3ee6f132d7e8b8dbe5049e6bcce19e1c708d0db17e5837e68173c8053b1194fa3d8c1b94aa5c4e1f5736eaf43a866168ef77b95dfe291b1b74f9c7b8ce41506a67e376afdfe59874dbbd6c7cd23beef139c1fc00a81d738d0d7ac18a73d439e66f01abc063ce7d3060be61bbdb8da6ec93e0bd17fd7378c6a7bcaea1613f1bf6b8079cc0ec778267f67eb7539882a01c6ebb6bd4c606eca3f62127aef280162f8a49eff60f3b9105f6ecf0dfe17779c678180ecf98df0b431b44e9f5a796ee77f99c3666f7ba7c1c9041af07d4733861850795c0ba31a7d0c2a166591901113e9ef439d3be0c38ed6ed0e5e38b33855be01147c51f57c4cb84cc1ff1b367e22441f3e1cf99b7b364d2dc19fcb329734e7006717d3c6b46f2cc0f9abf637ed9fc22dc9fcd9ccfe2ffefbef05a8d9f95975e7f7d2fbdfe72af9c565ef4acbce85979d1f37fffa247f4e695973d7f9d2f7b44f6565ef8acbcf05979e1b3f2c26769375f79e993fdd2c74067e5c5cfca8b9f95173fffcf5efca47e19d1aefb9b8998e1cf81bce7dc8d4f5971d8fb99b2d7ce0ee1334f2c4bcae00d92b7617c94fc01e4df065ef6ef29d973c69a1811bfbde8cb6a4ccfee432a53467086717437fe92933d9f3d338edd2c8a9d51f4bf852ce9e5e63391d2af8ba16ea9b4ecb6ecb0382c3d963ecb1ecb2ecb88655ba6f4b2f3fe657fab4a73473887b6039d399fe68e601f8e00a2fa1289149f16909f98abe1c4c9984ff1dcf2294459926f83fb3f7510fe67656e6473747265616d0a656e646f626a0a35322030206f626a0a353534320a656e646f626a0a35302030206f626a0a3c3c202f54797065202f466f6e740a2f53756274797065202f434944466f6e7454797065320a2f42617365466f6e74202f417269616c426f6c640a2f43494453797374656d496e666f203c3c202f5265676973747279202841646f626529202f4f72646572696e6720284964656e7469747929202f537570706c656d656e742030203e3e0a2f466f6e7444657363726970746f72203438203020520a2f434944546f4749444d6170202f4964656e746974790a2f57205b30205b3734342036363220353532203333302032373620353532203630362032373620323736203333302036303620333836203838322037313620363036203535322035353220363036203630362038323620373136205d0a5d0a3e3e0a656e646f626a0a35312030206f626a0a3c3c202f4c656e67746820353034203e3e0a73747265616d0a2f434944496e6974202f50726f635365742066696e647265736f7572636520626567696e0a3132206469637420626567696e0a626567696e636d61700a2f43494453797374656d496e666f203c3c202f5265676973747279202841646f626529202f4f72646572696e67202855435329202f537570706c656d656e742030203e3e206465660a2f434d61704e616d65202f41646f62652d4964656e746974792d554353206465660a2f434d6170547970652032206465660a3120626567696e636f6465737061636572616e67650a3c303030303e203c464646463e0a656e64636f6465737061636572616e67650a3220626567696e626672616e67650a3c303030303e203c303030303e203c303030303e0a3c303030313e203c303031343e205b3c303035303e203c303036313e203c303037343e203c303036393e203c303036353e203c303036453e203c303032303e203c303034393e203c303036363e203c303036463e203c303037323e203c303036443e203c303034343e203c303036373e203c303037333e203c303036333e203c303036323e203c303036343e203c303034443e203c303034313e205d0a656e64626672616e67650a656e64636d61700a434d61704e616d652063757272656e7464696374202f434d617020646566696e657265736f7572636520706f700a656e640a656e640a656e6473747265616d0a656e646f626a0a34332030206f626a0a3c3c202f54797065202f466f6e740a2f53756274797065202f54797065300a2f42617365466f6e74202f417269616c426f6c640a2f456e636f64696e67202f4964656e746974792d480a2f44657363656e64616e74466f6e7473205b3530203020525d0a2f546f556e69636f6465203531203020523e3e0a656e646f626a0a35332030206f626a0a3c3c202f54797065202f466f6e7444657363726970746f720a2f466f6e744e616d65202f5142434141412b417269616c526567756c61720a2f466c6167732034200a2f466f6e7442426f78205b2d3539342e373236353632202d3239302e35323733343320313739302e3033393036203933302e313735373831205d0a2f4974616c6963416e676c652030200a2f417363656e74203635312e333637313837200a2f44657363656e74202d3138382e343736353632200a2f4361704865696768742030200a2f5374656d562036352e34323936383735200a2f466f6e7446696c6532203534203020520a3e3e20656e646f626a0a35342030206f626a0a3c3c0a2f4c656e67746831203137333430200a2f4c656e677468203537203020520a2f46696c746572202f466c6174654465636f64650a3e3e0a73747265616d0a789ced59097453d799bef749b2d94c30de08eb13de4178936de115cb926c0b6ccb48f24e82b53c59c2b224b47829abc34e082134403648486802290448481b9ca421699aa44949264d9336e9a4cdcc9c74992e673ad3ce12903cffbdef3d493624a7d3733a333d0784a4bbfcf75fbe7fbbcf421821340d6d4712840ca6c292d4d577ec849503f0eeeb778f3aa6e7f9ef86f16f119a7bdac959ec8ecff52c4229f7c35ab913169286532ec0fc0730cf720e06473ef2a656c3fc5f60febadb6bb338760dcc4428f512cced8396111f2a43c308a5cd8339ebb10c722b8a7ff93b98af44a8e02e2491ecc587900c4d933d2453228417f0df92f79183993b4dc6cc4c9032e49ff433543071058df40297e9f046e6160d8bea103b715df641642d5626d6e267eb109e989840489a237b914843698821c6cae005d62622244f962767c3074652749d955cb95e2743d7102bbd02a2d15138b94c364e8895c9ca6479dad1d7981fcac6bff8b77364f715f818835d09bffbca6bb0d300eba7e1d42e589f4ed6e56972fa3e2df9f4fae7cc85709b6cfc5ca4f25cd841383c0e94bf02ca99f194f2b4c7a559d74f48965fff50b29350af3a1b493a07d48f80de4b44be4a0c223371f2236f4a98f137af4764e3d7c6a4dbbe68906ebfb61d684f01ed529133f026c4f079ea35e68bd75e0b27c8c6c34f323d5f3430cf855b1083b413bf92e64a6b51329283dfe6a8ca95e919e969a989098909994b7373525233d29525aa72554e6e4e2eac694fed7de3930377d7d48686f77fb677ffe5eeaebdbb7aba30eeead9b5b7ab9b49c139f70ee18387c2ef0687ebd4f71ec4b3afda1d0ec7fbaff7db31b673a0ddaa895f492e82bc55204d95ce332f23cce94b550aa2e0a52cc980bd8c4458ca04a96909744a5f31dd563d7b9b4eb3797375352ecd39fc46734b6e3e962fa9c85fdd64dadc77e78a15c91766555439b79496e18cf4c2053bbfd3b25ab1bcb4cc66dffc9edb836b160e5454288b7535991939c53959eabad686daaafcc51969595935b5fdf3d61616e0bc7c55e6c2452933334b972cad59d5db63685baee8684780d99e884b2a071be6a13cb022599916d3982a970bcae5264b52e3ac83d53da72a56eb9d7b9dfde5a5b8b2cabbf16bbd0d4d05c926e3f048473b36b607829ddd1197ece5fd6bf3f31a1ab78e1d3b35b643d78873b2abc2d724a7deb5581df68fde76008c1bdc4487bd1044d53402219253ca946912f0f3de4b972e497ff3de7bd7d2a439d73e01b4b326fec02c933d881620949d91909b40314ece2c5326ab40edcc648aab2a9d9933bfa5ca5a5e9e9e8177ee7ceef9e7f1cc6919a9f98b4e3e9a8c31bb4459fc04633b8013dd917b0e84bfde929e316b36c644073dc4ce42c0a104e980bfe015d185e45556cafb2f3197f7aae8c234802623334742b6e095016a28d3e9114935d77bc7860b77acc7594bab2a9a4add1f3bb152b7777b55edc20b192b55cefefd7b3accf9b9c9d367cdc87c6951baf5756f41e1bcf918af2c77f51bd7e62cc43b3a9666769877b7aaeb7273539366df9e9d3573b0a0062f2ff0cdf335ea72b2f112b6a8445f38fc2fd7eab5d52afcb3fc05c92969d979054d4545b850d156330ca8ed006c55b1ecde7149c8ee3d0825e480bd0aba4ebcae225ea7be4f8324e38398c42b3fc95c9a48277b4e169b8d03a196d5ec96778e77b43f87e7cc2d28acd9a85f7d092f57d85b56d52f5c24cd39d25a54808b4b3ac73bbb9f0fe732c7dd45058b1762ac6f7e227c8c7976a4ba3a2fbfb9e5bef0c780fb1ac07d31e8b1006581a61902f0c973f8284c4e4d94a7f38062b9a090e4cef11543232ffc7aefbefdfb3efd70cf1e7cfd5733babb765b1b1bc29f306b93549d7bb7983a7047c6a9ee9e4307b114cf3c72ff7d87235f242fb9b0ee0e5c568a8fecd2f6636c3411af5f0699bba539719107efcb57af5e95745fbd7afda9ab5701a99f03e135d915340baa2c4419c05046d05232d72ea95d03a6631b7d4541e9a65535b54b9e6970d8fbe004740d69229cc885484a93e74c8aa0a54204519c531385a84994265e57311959a6b6877fdf6e6e6ed9b4a3a5155f9ebb65f3fb1f6cda94956d6c7ff5f182c245e7ced5d5d8fafab67e37e8776c58a36f6ddd9ff2aec71d1a3adb6deeb863fd13fb0a4b8ac0a6f9207d0e787c064aa27da10c2b697e4892317334bc9339fef537deb81429c3ebbf21f9d6f5d5df889c64a4cc91f000e86d8193e9b2a7d01c82853c8d609d9098c96b6f913c7fcfdefd6bca6fbb2c51d76d1add27fde2dc8123fff19f91eb973f39fbef7ffcfc1f8fc3f98e89cfe1fc15b452ac87e9bcd1e035155f79c9241e01a1ca903c229e879ceeb8b4648ddebdb5bb73ad71b3b23975eeccc0ba5eacd1ba5c0d8d2997e4a1d033239c5d558a954afb5d4d4df8ee031fbdb6753bde31ef418d167777eed8bcd68071ca09a6ba7a8b4d5d87ebeb77b297389bb2acabdbbebeb5b560f19deb0f5ed9b51b0703e071e3c42fa5b783b64b5011aa873880f02acb111c932028952ad401584f49889540e2c534095f70e296f0868d65e5c0fc952ba1102e2d1fdcd3d8b06bf74f3ed9b91be3d54d56acd50cf46bebb146e7706ab4953827aba9c9346636e3f6cebbb61bcd9205792d6b061ef50c7a373eea58d392b7c262ddfbf2b6ed63db5e3d68edc366677d7d7d5d9f4daba9d7f4867b5b9a9aa043988c63631ded6633e9c1ed13bf90ca654f922ca2d88b7af170a7404796d00c27a691dad9fe725a4bb3fbae9e1edcde7577674363ee9983ccc7e16f1b761cbeb273270edcf3c7b700d7ed73f643d9b65a9e78a8bb0be7e6d7a6337f381b19eac5bb76ffdd5b879ec378a30fe2cd0c3826038e1924de49d78597581c9968ef6578f492e7f02ab597970e384f0e75775555cae5b8b4cc35f0d88f460f8fe30ed3964d1d6673c7962dfa3b980fb0e4b1e39ded18171477f56ebbebe348f8f863ed9d0f7c1b1f8f1c1d1a1919c14eec1a19c2aedd7c3d93fc82d611be9e09d1456b5969ae000494afc7439ff6ad3540d59d71292dbdb4bc2968344b738e9d5f9aa5aa68566e0e0798dd832bcbe54bb07ef53be197c03a7564ade49f816f36dcf6504686d0e5015bda19cb72845e005d2861ea3d430c0bc7f9194a4d70b34e737bd2f0f99f82da2b55aefe832f6e7a12172b073d8fbd121c7ac864dcba994442d7e888d9dc357f6d76494971afeac2017ce2f8cf8eddb5adb1011fdb7e7dc37ff63babab3bcc92e5eff7f5f5dd79f5bb369bc54a7c0f9d5bf223a862b3c1f6329c902987e4c589e54a795a1e732ad8193148ece157bd2303f8378725d3120e0f87efdc34fd61c44c84e176d50d9522919cccc44a9c29914b52e41292b01246f93ed3f5e937c30f9ffc18ffe1c146f9a212d239f04b112dd3838fbe3072cfdd207970e217b2cbb20f10b9e19665278bf7859cb2d229371f2110490b49e5fb3410244b9a99c143c71e78ece3f3177b7a7abace9cfee9a363db56eb73cecb8b4b7ad67976f7592babe52bb59ab1ed87b78e8cd432abcee2f067fe8a2a7c47ef85f33ff968fc85de1e6559efbafb8bbcd022b3e196535f6fd877e27b3b76d6a9312e295c8993c1830d13bf94fc1cac4c4739500fcb689599a421b4459c1aab56a4c94b5672af6f770d545695950e6cd8d1b7664de17361b6a37d68c864349b378d1ad6ee3e811b1bb66e3e7562c7984e97b7ac8e990db7d0b957ed1cb6f6bdf171bf03f39ed905bde30d889e946897058989fc3d02a271d7e335e5a5ab7ad6d7d6d7571714a52c96e69cf46567553e958b9766adeaf3877f44783c009dfa36d07f0ebd5d63e8d12a2c87a8c6706d7e0067e1dec28cdba19a63d98b918ef3912eb841ffebe146c32392eb708b7ee75a99f4b36b2c54bba31313d25f031772cfaba09c6237d0e8650fdc87e57c78f33e9327039dd0bf681665ca8f3239a71df6aa0aa5b27f57530334fd3af57aebdd91afe39ab1957a70c2d2acbafae3919fe2c13b73342b562c5a88972dd737df1d39271b878b4bef9df6f5469332f7cef5db9c9ddd454570dd911893d395ca16fd4a555a0a8ee8c2bd78dacc450bcb4b1bd7d656cd9f07f61741571aa7514abb1979b66052228ba4fb230b6449e7ce7df16f40238fb4497e0f19b0102a502ead7df485952904ae1425e69333615b6ae58aeaacac8c39b9d25991c1d73e5d96b958f14f97226e755671cdaaf6b248ff19088594ec0503b72d92e6851f0c8d6d1a6606aebd7541dd93b70c432c5921de3f95fd089ebf48ad6354e5d925b17bbc70259dc387125f7548fedbf0f7be8b556f9f7aa2a3bda7e71b4f7ee7bd274e99cc6fdd7bf0c79fdc7b4f756d2074dfbbf71f61dec6eebfbb0a5173f699bfffecfc859e751873f673675f89fcfbb107f1c30fe285cfeed9b55a7fcfbd60ab1ffd4e5a29fd167926ca267824f3cf5c0c8e6cc4f73e8def8d6cfc1d3e7c9a7c9f8e7840e7131313b21ec02f156a18f17b49fcb307d53b5b5e32d9c727f07f7db3676b77a0aa2237b7a6b67135e7dc19b9882bee33ad2dd1818bd7b40c18ce467e201b4f5bd46c3bf6e0eb4f8d8d993b0a4bc099e716cc2fd185024f7dbe65d3b2c5a0ab1abfc06c6006c9ed93dc28d44c3e7ee1f9e749541be0d9e97790199971b7be94584e260ad891eb3471a7a4fae2e2a19167482fada80805f69ff50eb2e7e7d7aabbf7993b3034c29d1ba046eecaf876bf131ed4669c1d1b53d775763fb66083aadc62fde0c77d56acae434297204faab7f3b761fece2bf608312bf75cda7a65a8b33327fb5265f586b686c6c58be139f35fefc3058546d3c3e1f5ccc93db535386f7943d3e6f08bc013729bd90e3590f284c711a12788799e91462e5fcf3efa284ebd5d5337dcbc6e4145b1499e89df7b4ff2d0818d1bca1a14cbe71e9f819766f6590f5c7780bf3c91b6c40f651fa23b50887f12e1e38a674b15562925b48cf2cf1965d1408b165729b99f26441fdff8d37355e542cecf11d749d953a54f79be8197745fbd61edda6eb3191e384d6d5f1bf577b4192a963e7768715acae2d2ce8ddafaf68e334f5ffde7575fdb3030e07ae7fb7fc209172f743fafdcbce5e96ffee1672fbeb473a7c68cb9d17ffc3956ffc79baf072c3ff8d64f74cb1429b32319eaba76d5aa9a4a557696466b51ab2a4bcb97b04fac595188e162ee768f9d38f9689b01af285cf770d872e0b60529a9b8d6b077d7a1270fdfd7d939e8f9c1bbbffed3c58bc4dfdd5d5b5d839e5a35ae5819f41f79f9a77ffc14df76e810b63bbeffccdb919ffdc33b382d2d771e6ed9d7dc8271a6bcbede61efdfbb660d5e226f6aea77923818878f3de82a7d2a821bff38dcf849a640a509d34abb285621e10588640b95b04ccc1026ffbed681d5fa15cb311e1a89bc1dd98b37bdd86628286c2ed911d907b52e29a558d9bbcefdd2f61d387c568271a36e7bafa62e3d89485f0777b5df40c46884bb9a78a7e0d36fd25f0fe23ae852d1bd532bceba6f27151570f62d9e8ef66579d0047babde7ea7cd05378155b55f1b39f2c4964d5a8d6c7c4e7be7998b86b515aadfffa67b5b6d8d46bb79ebf1b776ed01847e3cc7d3d0b85c2167ab2ab4da3265667a49a1a2dcb496f358fb4a8ae16ae6708ccdbe1bb2ab4edddb56525a5a9e57d5b32e14ea77421bc65595a100b1084dfc92a9008b00cf34b847e03387225db7cb7efb452ad923ef31f94399eb6fabfe13f903ddd47f136121e2314a882ec2195979642b4e496b9f689ff866e2479453fcbfe204589206d051a602bd22fd27745ad6811e97bd891e813982ef53b0a79522b40abef7e037d15e58cf82f16a18ef48781aed81f11a58bb0cdf3f877735bce7c3db02ef0e789be0dd2ebc096d3df0ca93754c84132ad020cc1b98a7d12ee0f300c83d0af28b605f0e7b36e959e407f927605f0d6b6de43cc84999b60479e17b1ce84fc07b1dd113fea5c19dbd08e9d03aa8ec7eb40fbd0a8d9dc323f829268559c2d898c7994bcc55c92c49be442f794c9a28d54af7489f93c9647259bdec7ed90f657f8422194cd89d309e703d3135d198b83ef1a1c4d7137f3bedc4b433d33e9dde30dd4c912b4643c43b3cb237fcab64be8310bfcfcca72b124a3983cec89841b3992c612c415aa644184be36864681e33248c1380fea0304e4476e611613c0d6c9d2d8ca7a3fd125156d26ca964bfa81b4e4a3e288c3192cd7d5818332871ee63c2588296ce7d4a184be3686468d6dcef0be304a0ff501827a2e2b97f2f8ca7a179c94784f174a44b4912c649894c8a113863a90464cd9a6fa663198ce7ccefa3e304baeea3e344babe998ea7d1f1013a9e0e8a2e9eff8830e631e4c73c86fc98c7901f4be368780cf9318f213f4e44d685e3c298c7901ff318f2e3a4d9a98b16d2f18c38fd6712dd9617d1f1acb8f5d964bcbc8e8ee710dd9637d3710a8ce72eefa1e3d438fa34cac74dc7e971ebb7d3b33c0e0b28cd7e3a5e1447b3246e9c45e91fa2e365747c9a8e57d0f1b7c8785a9cfed3e264cd8a5b9f25da7206b1a8041029462a1899911371f0dd82bcc803ef201a453ebaa281991fc6e4d302eb2e4a51003b6ae486178b8cb0d60fe7832840671c7c73403d049f764a9904af269859619543c3b062a0dc3d205794d30cdc47817708f8b0c0d70b3c5dc806631b8c7db0e78fca61a3da17c133140b4f28e24c851454070b70f0012d0b722d2087f0b0a101817635cc9cb04a7643a063206a13c1c145ed707fa93e0e8a058bea616e851db26aa1484cb691e7e3152c65a99410ecdaa8bd64e600dec370d64f57424065a7c8b1b02efa430f3a11745cf49c87625b45cf73948243832093206da79faca09148cbd2f500ac10fc7c510fc6ec20fb41d0c205270380829a52128b882ffb412f37d5716a6c54c651b2536859785e6aa17af8e184686b3eeaa0f605a23aa8401e89c118a716b0379eaf88a385a24262d04e6d26520628be8ebf287e6fa48cc5a296d20e03ad076c22d1ea80974bf0dc0a6aad175077511b5ae98e135688ed011a816d54969feeb8a8ee26f88c799858540c4f942b216e6fc489783704baf8a82f79af3aa8be411aa5dd3492588ac2288d1cded3c168f48ad464cd4b7388c418d189a3fad9299d4f887205c5d743e5f8a8d6fc599bc08513e616cadb472d1804aa20dd23a7ac540f316aa746605038c1e783ff861547d40645741ecb801bd1f1d1b91dced860ae10b281541c5eae222a67aa05bcc786294e365a1f6e86d9b060a98b560e37ad11622d9b8a3d39e3a6a33ca0cf9f949137e7ceebf097621b9fef627cfa69868bf126c6f8cd2c10a5dfa857555c0c104b785b82549e983d7e5a234669fc7801250fad8b962fb5948f3dcba4a8e2eb9b57f8e4ade2c7a4d2fa847a4bb415bd29f22194a4aa7f558cf27dc9237826c65dcc109780b29f760017cde1a0e05bd2a5c43ae2a0d9eca6568a284f8e6a05f58c858eed421cdc58b7a766421eed5fc4ce4a54082f8ed62222638056678e7ad5026b04a17ea010f70a059eeba7f4827c217b63d52210454cd4e67fd26dffcceec62e9cc2a359e4c12e8a46f30658e3fd24460d476f056ea12bc6a2fbab3ab618955fdeb589e7daa2991388eb2fbcbff928e00459fd34963d82df15d466bfd04df9da432a8385e2cffb598c633eae7c4205e725903ec0774f4f34522c28766b995acffe0abe882264a1b67b859e23d60f3b5d0901367c8ec4ba204bbb9a5b88993c51c72ff72d227d6cd2bd05bc9d1f87919d7619f7a43a73a38d5fc18f565f173d2752dfbcba29a6543711fba9a7096a7c3d8db75bd42b76a78c654dac13893e54d07aefa5521cd139171721a46ef11e0a00b75887e5b5b6525d38a15385a2be8caf25bc0f0b058f076896b8a33a88793d3996fe7c54e33b3c6f657ca7991cd3312486298e837fa11fc56e40eebc1e01192e4e033bfd243263b86c000a5b5cef087e453de62bbf9d5a2076bcca4955dc021cbdb4e2dcfc2982bfff895d26868fd8c96218c5d794c9a702b456f0beb20a76dfbce75abec4a3fea8f5011aa51eca9dcf22bef3c677f4bf3402c4fed6847474d7801a60d609ddd24857f4b046eead46d8e980991656b5b0920b1426613f977aaa93f6a126a06ba73d8ee76184cf569877d31ad780583a27b33540df0abcc8591deaa23274c0cd44298d94770bac36c3b74ea0232734b0d20e73326ea4559097d70aa7f86722bdd013794dcdb0ce462d9cac959e4a14356b819911f83709bb6ae0ada7fc88fe447e031db746f56c103455538c0867c253031a35d319596d87ef36a03351f96a6a33af6d2bb5a101f6795b74540322b940b095a723f874083bc44744bf6678c5ac52530c9aa83631fc34f0dd069a13fe8db06ba61dc20027b5d45213454f276046ac6da6b39855bca734d41a822ac1400be316783746b133d24f5e17631cb7c9d875d2fd18156f9f5af8d450e40c74c67b43436766ea2bb2ab107c69a4764c95da49235147a9d4d4625334421a68f4f2da8bd1c9cb30c469c2cb23be8dd7458c6af62b7284e722eeb70b9ebe111782ba9a6242f43245257f19e782336c4951b18a353b39b6c5ebf106477d1cabf1fa7d5ebf25e8f27a0a58b5dbcd1a5dfdce6080357201ce3fc4d90bd8a4a426ceeae78659838ff398c99966cba8371464ddde7e978db5797da37e728625ec8b946c0ef9522958a3c5ed73b24d168fcd6b1b80d5d55ea7876d0ad9034492d9e90ab0ee783e0eaf9fad7759dd2e9bc5cd0a1281c60b42d98037e4b771f0e5080e5bfc1c1bf2d8393f1b2476e8cd6cb3cbc679025c151be038961bb472763b6767ddfc2a6be70236bfcb470ca432ec5cd0e272070ad47e97c56de4fa436e8b5f44a3922eb2c22a9bd7e2b2f9bd446a7e07e70f100eaa82a2624ad462e66941450b1bf45becdca0c53fc07a1d5f0e6f749182a8f55b865d9e7ed6e07080a6ec0ad6e8b5ba3c6cabcbe6f4ba2d0105db6609fa5d3697853559a8bd01b6b862654954253610f2f9dc2eb0d4e1f5040bd86e6f881db48cb221b03948d025cb6cd0cbdafc9c25c82958bb2be003c415acc563677d7e17ecda8084836f4b80f571fe41573008ecaca3145911bf206c801bfce2c0412428c837c53faa8ecfefb5876c41054be206ce2ac81951001836ec04cbe2341b06a12e8fcd1db2932013b5f77adca36c9e2b9ff7631c3970f82a6d79b7133cfd5c80e046108f0920c7a3bcaa2802792e9012e406897bfc2e906af70e7bdc5e8b7d327a161e2a083730c70ba2e03314f441d8da396226a171726edf644421953ca30239710830047c9c2eab0b742e484a2231e2f0badd5e1a0202d40ad66a0980ae5e4f34b44527e43983415f656121e72918760db87c9cdd6529f0fafb0bc9ac1028d70b49900feea56111208a113637cfda9b65db0f058a6642f101817983176c22d070439c1b3291c23d39af099493323b29a98d382740d305ec06083838d5efb700327605ebf0439642f4d89c167f3fd84c3006acc0a3709cf55a213b3d04140bad2c629cfdf95610852c8180173287c487dd6b0b0d82472c7c0170b901993cc27192b5ac49282d1fe4538dec1c496dde0f37a563875d4127598e0b3785106e447b71dbed8238e565135e7ebeb882049a44c442053be8b5bb1ce49ba380f8426050c0491316585b4324790364518812b0b0100c0f7050ad8103f1b580d24d55e5131e44f24923204d9518767a07bfc246920621bf0794e12803bb174a30d56503670b8a01168b63087ebb8b265e251fe216ab77888beb1050ff48ca507d4892f96291226c059c16b0caca4dca5c4b9ca17e223e10846022d51792974ff4af0280e45b938e35191acc9d6aa38ed59bd836a3a143afd569d95cb509e6b90ab6536f6e32b49b59a030aa5bcdddaca18155b776b36bf4ad5a05abeb6a33ea4c26d66064f52d6dcd7a1dace95b35cded5a7d6b235b0fe75a0dd088f49089c0d46c60894081955e6722cc5a74464d134cd5f5fa66bdb95bc136e8cdad8467033055b36d6aa359af696f561bd9b676639bc1a403f15a60dbaa6f6d3082145d8baed55c0052618dd575c0843535a99b9ba928753b686fa4fa690c6ddd467d6393996d32346b75b058af03cdd4f5cd3a5e1418a56956eb5b14ac56dda26ed4d15306e062a46482769d4d3aba04f2d4f05f63d61b5a89191a43abd9085305586934478f76ea4d3a05ab36ea4d049006a301d81338e18481328173ad3a9e0b819a9de4112021f376932ea68b56a76e065e2672389eb800ee385efabc64a14f6a56348a93e0c963033cb9fc9a3e35897b26e139c74e9f4dec92872417252f4b5e81f765c9b8e4ecfff26f5333e8fbd6ef537f7bbf4ffdf57e1bbaf58bccad5f646efd22f37fff8b0c5f9b6ffd2af3b7f9ab0cefbd5bbfccdcfa65e6d62f33b77e99995acd6ffd3a33f9d719119d5bbfd0dcfa85e6d62f34ffcf7ea189fbdb8685f60871fe0f308bffbb0737e9af1bf4ef1b93f6e1a6225d2c2d96ae91364a6be0b36212270f9c6f05ba217a87e76b99135fc0272588d656f2eceba74fe24406fa6f551c9801656e6473747265616d0a656e646f626a0a35372030206f626a0a373532350a656e646f626a0a35352030206f626a0a3c3c202f54797065202f466f6e740a2f53756274797065202f434944466f6e7454797065320a2f42617365466f6e74202f417269616c526567756c61720a2f43494453797374656d496e666f203c3c202f5265676973747279202841646f626529202f4f72646572696e6720284964656e7469747929202f537570706c656d656e742030203e3e0a2f466f6e7444657363726970746f72203533203020520a2f434944546f4749444d6170202f4964656e746974790a2f57205b30205b3734342035353220323736203630362036363220373136203237362037313620353532203439362035353220323230203237362035353220323230203832362035353220323736205d0a313820323720353532200a3238205b343936203636322037373220353532203333302038323620363632203630362034393620373732203537392037313620333330203439362035353220323736203130303720323736203636322036363220323736205d0a5d0a3e3e0a656e646f626a0a35362030206f626a0a3c3c202f4c656e67746820373030203e3e0a73747265616d0a2f434944496e6974202f50726f635365742066696e647265736f7572636520626567696e0a3132206469637420626567696e0a626567696e636d61700a2f43494453797374656d496e666f203c3c202f5265676973747279202841646f626529202f4f72646572696e67202855435329202f537570706c656d656e742030203e3e206465660a2f434d61704e616d65202f41646f62652d4964656e746974792d554353206465660a2f434d6170547970652032206465660a3120626567696e636f6465737061636572616e67650a3c303030303e203c464646463e0a656e64636f6465737061636572616e67650a3220626567696e626672616e67650a3c303030303e203c303030303e203c303030303e0a3c303030313e203c303033303e205b3c303034433e203c303034393e203c303034363e203c303034353e203c303034453e203c303032303e203c303034383e203c303036463e203c303037333e203c303037303e203c303036393e203c303037343e203c303036313e203c303036433e203c303036443e203c303036353e203c303033413e203c303033313e203c303033323e203c303033343e203c303033373e203c303033333e203c303033383e203c303033353e203c303033303e203c303036453e203c303036373e203c303037413e203c303034313e203c303034373e203c303036343e203c303037323e203c303034443e203c303034323e203c303035343e203c303037393e203c303034463e203c303032423e203c303034343e203c303032443e203c303036333e203c303036383e203c303036363e203c303034303e203c303032453e203c303035303e203c303035333e203c303032463e205d0a656e64626672616e67650a656e64636d61700a434d61704e616d652063757272656e7464696374202f434d617020646566696e657265736f7572636520706f700a656e640a656e640a656e6473747265616d0a656e646f626a0a34322030206f626a0a3c3c202f54797065202f466f6e740a2f53756274797065202f54797065300a2f42617365466f6e74202f417269616c526567756c61720a2f456e636f64696e67202f4964656e746974792d480a2f44657363656e64616e74466f6e7473205b3535203020525d0a2f546f556e69636f6465203536203020523e3e0a656e646f626a0a332030206f626a0a3c3c0a2f54797065202f50616765730a2f4b696473200a5b0a36203020520a5d0a2f436f756e7420310a2f50726f63536574205b2f504446202f54657874202f496d61676542202f496d616765435d0a3e3e0a656e646f626a0a787265660a302035380a303030303030303030302036353533352066200a30303030303030303039203030303030206e200a30303030303030313230203030303030206e200a30303030303435383637203030303030206e200a30303030303030313639203030303030206e200a30303030303030323634203030303030206e200a30303030303238303635203030303030206e200a30303030303030333031203030303030206e200a30303030303030333436203030303030206e200a30303030303030353432203030303030206e200a30303030303030353630203030303030206e200a30303030303031333735203030303030206e200a30303030303031333935203030303030206e200a30303030303031353933203030303030206e200a30303030303031363132203030303030206e200a30303030303032343238203030303030206e200a30303030303032343438203030303030206e200a30303030303032363436203030303030206e200a30303030303032363635203030303030206e200a30303030303033343831203030303030206e200a30303030303033353031203030303030206e200a30303030303033363939203030303030206e200a30303030303033373138203030303030206e200a30303030303034353334203030303030206e200a30303030303034353534203030303030206e200a30303030303034393035203030303030206e200a30303030303034393235203030303030206e200a30303030303035373530203030303030206e200a30303030303035373730203030303030206e200a30303030303036313230203030303030206e200a30303030303036313430203030303030206e200a30303030303036393635203030303030206e200a30303030303036393835203030303030206e200a30303030303037333435203030303030206e200a30303030303037333635203030303030206e200a30303030303038313930203030303030206e200a30303030303038323130203030303030206e200a30303030303038353637203030303030206e200a30303030303038353837203030303030206e200a30303030303039343132203030303030206e200a30303030303039343332203030303030206e200a30303030303238303433203030303030206e200a30303030303435373238203030303030206e200a30303030303336353635203030303030206e200a30303030303238353138203030303030206e200a30303030303239373932203030303030206e200a30303030303238313836203030303030206e200a30303030303238343938203030303030206e200a30303030303239383133203030303030206e200a30303030303330303633203030303030206e200a30303030303335373137203030303030206e200a30303030303336303130203030303030206e200a30303030303335363936203030303030206e200a30303030303336373031203030303030206e200a30303030303336393534203030303030206e200a30303030303434353931203030303030206e200a30303030303434393737203030303030206e200a30303030303434353730203030303030206e200a747261696c65720a3c3c0a2f53697a652035380a2f496e666f2031203020520a2f526f6f742032203020520a3e3e0a7374617274787265660a34353936350a2525454f460a, '2024-05-27 06:13:06');

-- --------------------------------------------------------

--
-- Table structure for table `roles`
--

CREATE TABLE `roles` (
  `role_id` int(11) NOT NULL,
  `role_name` varchar(50) NOT NULL
) ENGINE=InnoDB DEFAULT CHARSET=utf8mb4 COLLATE=utf8mb4_general_ci;

--
-- Dumping data for table `roles`
--

INSERT INTO `roles` (`role_id`, `role_name`) VALUES
(1, 'admin'),
(3, 'doctor'),
(2, 'patient');

-- --------------------------------------------------------

--
-- Table structure for table `room`
--

CREATE TABLE `room` (
  `Room_ID` int(11) NOT NULL,
  `Room_type` varchar(20) NOT NULL,
  `Patient_ID` int(11) DEFAULT NULL,
  `Room_cost` decimal(10,2) DEFAULT NULL
) ENGINE=InnoDB DEFAULT CHARSET=utf8mb4 COLLATE=utf8mb4_general_ci;

--
-- Dumping data for table `room`
--

INSERT INTO `room` (`Room_ID`, `Room_type`, `Patient_ID`, `Room_cost`) VALUES
(1, 'test', 6, 200.00);

-- --------------------------------------------------------

--
-- Table structure for table `staff`
--

CREATE TABLE `staff` (
  `Emp_ID` int(11) NOT NULL,
  `Emp_Fname` varchar(50) NOT NULL,
  `Emp_Lname` varchar(50) NOT NULL,
  `Joining_Date` date NOT NULL,
  `Emp_type` varchar(50) NOT NULL,
  `Email` varchar(100) DEFAULT NULL,
  `Address` varchar(255) DEFAULT NULL,
  `Dept_ID` int(11) DEFAULT NULL,
  `SSN` varchar(20) DEFAULT NULL,
  `DOB` date DEFAULT NULL,
  `Date_Separation` date DEFAULT NULL,
  `role_id` int(11) DEFAULT NULL
) ENGINE=InnoDB DEFAULT CHARSET=utf8mb4 COLLATE=utf8mb4_general_ci;

--
-- Dumping data for table `staff`
--

INSERT INTO `staff` (`Emp_ID`, `Emp_Fname`, `Emp_Lname`, `Joining_Date`, `Emp_type`, `Email`, `Address`, `Dept_ID`, `SSN`, `DOB`, `Date_Separation`, `role_id`) VALUES
(2, 'Lind', 'Geci', '2024-05-03', 'Doctor', 'lindgeci@gmail.com', '1', 2, '2222', '2024-05-03', '2024-05-03', NULL),
(3, 'Bledar', 'Xhemaili', '2024-05-01', 'Doctor', 'lindgeci@gmail.com', '12121', 3, '3232323', '2024-05-04', '2024-05-07', NULL);

-- --------------------------------------------------------

--
-- Table structure for table `userroles`
--

CREATE TABLE `userroles` (
  `user_id` int(11) NOT NULL,
  `role_id` int(11) NOT NULL
) ENGINE=InnoDB DEFAULT CHARSET=utf8mb4 COLLATE=utf8mb4_general_ci;

-- --------------------------------------------------------

--
-- Table structure for table `users`
--

CREATE TABLE `users` (
  `user_id` int(11) NOT NULL,
  `email` varchar(100) NOT NULL,
  `username` varchar(50) NOT NULL,
  `password` varchar(100) NOT NULL,
  `role` varchar(255) DEFAULT 'user'
) ENGINE=InnoDB DEFAULT CHARSET=utf8mb4 COLLATE=utf8mb4_general_ci;

--
-- Dumping data for table `users`
--

INSERT INTO `users` (`user_id`, `email`, `username`, `password`, `role`) VALUES
(10, 'Alton@gmail.com', 'Alton', '$2b$10$bxBbWQEmz7DA6hy2ULNW5Oz6GnbRfzg42yjkMlgDiXBu2MYBeMpte', 'user'),
(12, 'ubt@gmail.com', 'ubt', '$2b$10$lQDnTRDvXJGGrJsQ7U6TIuuMR8CDBFPcX4SHueLfgjfPLx4E3oq7u', 'user'),
(22, 'bledarxhemaili@gmail.com', 'bledarxhemaili', '$2b$10$m8qdASGVQXlBcZ3PdUqha.deq8YjUdqPDpqSdZLTvWyN1yiSX/9Ca', 'user'),
(29, 'egzonasy@gmail.com', 'egzona', '$2b$10$C2fOCfROQJokT9TLLRtoTuTVHaQS3aYzsCElfP2s5RbvpHCusvmiK', 'user'),
(30, 'egzona@gmail.com', 'admin', '$2b$10$pPTiHgZ8utrP827v7wjWEOsKMV3C3/JpKJLde/1dGsO.y3eRNmIRu', 'user'),
(31, 'user@gmail.com', 'user', '$2b$10$mvHbakjsCWJ0JX2c6EAFHOkTD7wWqegxOeN9FdpkCcBkYhoI/ELMy', 'admin'),
(39, 'user1@gmail.com', 'user1', '$2b$10$LJ.2pt8GAHqrAvcPX0ugcOOu5EtcM3tHJQG67SLeA4lMghD9HWjEi', 'user'),
(40, 'user3@gmail.com', 'user4', '$2b$10$./URuNmQZYKgX3Cq3.BO2.oTAtKBfVgnCxD9kqZXMp4IQD2A4a8u2', 'user'),
(41, 'asd@gmail.com', 'asd', '$2b$10$UPUGtijtAsWcTM8ahmj1we3EkHCMyoNA4.1CMUJQI.QDuXAYUP73S', 'admin'),
(42, 'lg69462@ubt-uni.net', 'Lind', '$2b$10$II6kDxKWF/oJNdetZOI7Zu1JNUmHPfktIxNJNtdVSqFmyOMgVBAfy', 'admin');

--
-- Indexes for dumped tables
--

--
-- Indexes for table `appointment`
--
ALTER TABLE `appointment`
  ADD PRIMARY KEY (`Appoint_ID`),
  ADD KEY `Doctor_ID` (`Doctor_ID`),
  ADD KEY `Patient_ID` (`Patient_ID`);

--
-- Indexes for table `bill`
--
ALTER TABLE `bill`
  ADD PRIMARY KEY (`Payment_ID`),
  ADD KEY `Patient_ID` (`Patient_ID`),
  ADD KEY `Room_ID` (`Room_ID`),
  ADD KEY `Medicine_ID` (`Medicine_ID`);

--
-- Indexes for table `department`
--
ALTER TABLE `department`
  ADD PRIMARY KEY (`Dept_ID`);

--
-- Indexes for table `doctor`
--
ALTER TABLE `doctor`
  ADD PRIMARY KEY (`Doctor_ID`),
  ADD KEY `Emp_ID` (`Emp_ID`),
  ADD KEY `fk_user_id` (`user_id`);

--
-- Indexes for table `emergency_contact`
--
ALTER TABLE `emergency_contact`
  ADD PRIMARY KEY (`Contact_ID`),
  ADD KEY `Patient_ID` (`Patient_ID`);

--
-- Indexes for table `insurance`
--
ALTER TABLE `insurance`
  ADD PRIMARY KEY (`Policy_Number`),
  ADD KEY `Patient_ID` (`Patient_ID`);

--
-- Indexes for table `lab_screening`
--
ALTER TABLE `lab_screening`
  ADD PRIMARY KEY (`Lab_ID`),
  ADD KEY `Patient_ID` (`Patient_ID`),
  ADD KEY `Doctor_ID` (`Doctor_ID`);

--
-- Indexes for table `medical_history`
--
ALTER TABLE `medical_history`
  ADD PRIMARY KEY (`Record_ID`),
  ADD KEY `Patient_ID` (`Patient_ID`);

--
-- Indexes for table `medicine`
--
ALTER TABLE `medicine`
  ADD PRIMARY KEY (`Medicine_ID`);

--
-- Indexes for table `nurse`
--
ALTER TABLE `nurse`
  ADD PRIMARY KEY (`Nurse_ID`),
  ADD KEY `Patient_ID` (`Patient_ID`),
  ADD KEY `Emp_ID` (`Emp_ID`);

--
-- Indexes for table `patient`
--
ALTER TABLE `patient`
  ADD PRIMARY KEY (`Patient_ID`);

--
-- Indexes for table `payroll`
--
ALTER TABLE `payroll`
  ADD PRIMARY KEY (`Account_no`),
  ADD KEY `Emp_ID` (`Emp_ID`);

--
-- Indexes for table `prescription`
--
ALTER TABLE `prescription`
  ADD PRIMARY KEY (`Prescription_ID`),
  ADD KEY `Patient_ID` (`Patient_ID`),
  ADD KEY `Doctor_ID` (`Doctor_ID`),
  ADD KEY `Medicine_ID` (`Medicine_ID`);

--
-- Indexes for table `rating`
--
ALTER TABLE `rating`
  ADD PRIMARY KEY (`Rating_ID`),
  ADD KEY `Emp_ID` (`Emp_ID`);

--
-- Indexes for table `reports`
--
ALTER TABLE `reports`
  ADD PRIMARY KEY (`Report_ID`);

--
-- Indexes for table `roles`
--
ALTER TABLE `roles`
  ADD PRIMARY KEY (`role_id`),
  ADD UNIQUE KEY `role_name` (`role_name`);

--
-- Indexes for table `room`
--
ALTER TABLE `room`
  ADD PRIMARY KEY (`Room_ID`),
  ADD KEY `Patient_ID` (`Patient_ID`);

--
-- Indexes for table `staff`
--
ALTER TABLE `staff`
  ADD PRIMARY KEY (`Emp_ID`),
  ADD KEY `Dept_ID` (`Dept_ID`),
  ADD KEY `role_id` (`role_id`);

--
-- Indexes for table `userroles`
--
ALTER TABLE `userroles`
  ADD PRIMARY KEY (`user_id`,`role_id`),
  ADD KEY `fk_userroles_role_id` (`role_id`);

--
-- Indexes for table `users`
--
ALTER TABLE `users`
  ADD PRIMARY KEY (`user_id`),
  ADD UNIQUE KEY `email` (`email`),
  ADD UNIQUE KEY `username` (`username`);

--
-- AUTO_INCREMENT for dumped tables
--

--
-- AUTO_INCREMENT for table `appointment`
--
ALTER TABLE `appointment`
  MODIFY `Appoint_ID` int(11) NOT NULL AUTO_INCREMENT, AUTO_INCREMENT=70;

--
-- AUTO_INCREMENT for table `bill`
--
ALTER TABLE `bill`
  MODIFY `Payment_ID` int(11) NOT NULL AUTO_INCREMENT, AUTO_INCREMENT=10;

--
-- AUTO_INCREMENT for table `department`
--
ALTER TABLE `department`
  MODIFY `Dept_ID` int(11) NOT NULL AUTO_INCREMENT, AUTO_INCREMENT=4;

--
-- AUTO_INCREMENT for table `doctor`
--
ALTER TABLE `doctor`
  MODIFY `Doctor_ID` int(11) NOT NULL AUTO_INCREMENT, AUTO_INCREMENT=2;

--
-- AUTO_INCREMENT for table `emergency_contact`
--
ALTER TABLE `emergency_contact`
  MODIFY `Contact_ID` int(11) NOT NULL AUTO_INCREMENT, AUTO_INCREMENT=34;

--
-- AUTO_INCREMENT for table `insurance`
--
ALTER TABLE `insurance`
  MODIFY `Policy_Number` int(11) NOT NULL AUTO_INCREMENT, AUTO_INCREMENT=79;

--
-- AUTO_INCREMENT for table `lab_screening`
--
ALTER TABLE `lab_screening`
  MODIFY `Lab_ID` int(11) NOT NULL AUTO_INCREMENT;

--
-- AUTO_INCREMENT for table `medical_history`
--
ALTER TABLE `medical_history`
  MODIFY `Record_ID` int(11) NOT NULL AUTO_INCREMENT, AUTO_INCREMENT=14;

--
-- AUTO_INCREMENT for table `medicine`
--
ALTER TABLE `medicine`
  MODIFY `Medicine_ID` int(11) NOT NULL AUTO_INCREMENT, AUTO_INCREMENT=95;

--
-- AUTO_INCREMENT for table `nurse`
--
ALTER TABLE `nurse`
  MODIFY `Nurse_ID` int(11) NOT NULL AUTO_INCREMENT;

--
-- AUTO_INCREMENT for table `patient`
--
ALTER TABLE `patient`
  MODIFY `Patient_ID` int(11) NOT NULL AUTO_INCREMENT, AUTO_INCREMENT=8;

--
-- AUTO_INCREMENT for table `payroll`
--
ALTER TABLE `payroll`
  MODIFY `Account_no` int(11) NOT NULL AUTO_INCREMENT;

--
-- AUTO_INCREMENT for table `prescription`
--
ALTER TABLE `prescription`
  MODIFY `Prescription_ID` int(11) NOT NULL AUTO_INCREMENT;

--
-- AUTO_INCREMENT for table `rating`
--
ALTER TABLE `rating`
  MODIFY `Rating_ID` int(11) NOT NULL AUTO_INCREMENT, AUTO_INCREMENT=27;

--
-- AUTO_INCREMENT for table `reports`
--
ALTER TABLE `reports`
  MODIFY `Report_ID` int(11) NOT NULL AUTO_INCREMENT, AUTO_INCREMENT=4;

--
-- AUTO_INCREMENT for table `roles`
--
ALTER TABLE `roles`
  MODIFY `role_id` int(11) NOT NULL AUTO_INCREMENT, AUTO_INCREMENT=4;

--
-- AUTO_INCREMENT for table `room`
--
ALTER TABLE `room`
  MODIFY `Room_ID` int(11) NOT NULL AUTO_INCREMENT, AUTO_INCREMENT=2;

--
-- AUTO_INCREMENT for table `staff`
--
ALTER TABLE `staff`
  MODIFY `Emp_ID` int(11) NOT NULL AUTO_INCREMENT, AUTO_INCREMENT=4;

--
-- AUTO_INCREMENT for table `users`
--
ALTER TABLE `users`
  MODIFY `user_id` int(11) NOT NULL AUTO_INCREMENT, AUTO_INCREMENT=43;

--
-- Constraints for dumped tables
--

--
-- Constraints for table `appointment`
--
ALTER TABLE `appointment`
  ADD CONSTRAINT `appointment_ibfk_1` FOREIGN KEY (`Doctor_ID`) REFERENCES `doctor` (`Doctor_ID`),
  ADD CONSTRAINT `appointment_ibfk_2` FOREIGN KEY (`Patient_ID`) REFERENCES `patient` (`Patient_ID`);

--
-- Constraints for table `bill`
--
ALTER TABLE `bill`
  ADD CONSTRAINT `bill_ibfk_1` FOREIGN KEY (`Patient_ID`) REFERENCES `patient` (`Patient_ID`),
  ADD CONSTRAINT `bill_ibfk_2` FOREIGN KEY (`Room_ID`) REFERENCES `room` (`Room_ID`),
  ADD CONSTRAINT `bill_ibfk_3` FOREIGN KEY (`Medicine_ID`) REFERENCES `medicine` (`Medicine_ID`);

--
-- Constraints for table `doctor`
--
ALTER TABLE `doctor`
  ADD CONSTRAINT `doctor_ibfk_1` FOREIGN KEY (`Emp_ID`) REFERENCES `staff` (`Emp_ID`),
  ADD CONSTRAINT `fk_user_id` FOREIGN KEY (`user_id`) REFERENCES `users` (`user_id`);

--
-- Constraints for table `emergency_contact`
--
ALTER TABLE `emergency_contact`
  ADD CONSTRAINT `emergency_contact_ibfk_1` FOREIGN KEY (`Patient_ID`) REFERENCES `patient` (`Patient_ID`);

--
-- Constraints for table `insurance`
--
ALTER TABLE `insurance`
  ADD CONSTRAINT `insurance_ibfk_1` FOREIGN KEY (`Patient_ID`) REFERENCES `patient` (`Patient_ID`);

--
-- Constraints for table `lab_screening`
--
ALTER TABLE `lab_screening`
  ADD CONSTRAINT `lab_screening_ibfk_1` FOREIGN KEY (`Patient_ID`) REFERENCES `patient` (`Patient_ID`),
  ADD CONSTRAINT `lab_screening_ibfk_2` FOREIGN KEY (`Doctor_ID`) REFERENCES `doctor` (`Doctor_ID`);

--
-- Constraints for table `medical_history`
--
ALTER TABLE `medical_history`
  ADD CONSTRAINT `medical_history_ibfk_1` FOREIGN KEY (`Patient_ID`) REFERENCES `patient` (`Patient_ID`);

--
-- Constraints for table `nurse`
--
ALTER TABLE `nurse`
  ADD CONSTRAINT `nurse_ibfk_1` FOREIGN KEY (`Patient_ID`) REFERENCES `patient` (`Patient_ID`),
  ADD CONSTRAINT `nurse_ibfk_2` FOREIGN KEY (`Emp_ID`) REFERENCES `staff` (`Emp_ID`);

--
-- Constraints for table `payroll`
--
ALTER TABLE `payroll`
  ADD CONSTRAINT `payroll_ibfk_1` FOREIGN KEY (`Emp_ID`) REFERENCES `staff` (`Emp_ID`);

--
-- Constraints for table `prescription`
--
ALTER TABLE `prescription`
  ADD CONSTRAINT `prescription_ibfk_1` FOREIGN KEY (`Patient_ID`) REFERENCES `patient` (`Patient_ID`),
  ADD CONSTRAINT `prescription_ibfk_2` FOREIGN KEY (`Doctor_ID`) REFERENCES `doctor` (`Doctor_ID`),
  ADD CONSTRAINT `prescription_ibfk_3` FOREIGN KEY (`Medicine_ID`) REFERENCES `medicine` (`Medicine_ID`);

--
-- Constraints for table `rating`
--
ALTER TABLE `rating`
  ADD CONSTRAINT `fk_rating_staff` FOREIGN KEY (`Emp_ID`) REFERENCES `staff` (`Emp_ID`),
  ADD CONSTRAINT `rating_ibfk_2` FOREIGN KEY (`Emp_ID`) REFERENCES `staff` (`Emp_ID`);

--
-- Constraints for table `room`
--
ALTER TABLE `room`
  ADD CONSTRAINT `room_ibfk_1` FOREIGN KEY (`Patient_ID`) REFERENCES `patient` (`Patient_ID`);

--
-- Constraints for table `userroles`
--
ALTER TABLE `userroles`
  ADD CONSTRAINT `fk_userroles_role_id` FOREIGN KEY (`role_id`) REFERENCES `roles` (`role_id`) ON DELETE CASCADE,
  ADD CONSTRAINT `fk_userroles_user_id` FOREIGN KEY (`user_id`) REFERENCES `users` (`user_id`) ON DELETE CASCADE,
  ADD CONSTRAINT `userroles_ibfk_1` FOREIGN KEY (`user_id`) REFERENCES `users` (`user_id`),
  ADD CONSTRAINT `userroles_ibfk_2` FOREIGN KEY (`role_id`) REFERENCES `roles` (`role_id`);
COMMIT;

/*!40101 SET CHARACTER_SET_CLIENT=@OLD_CHARACTER_SET_CLIENT */;
/*!40101 SET CHARACTER_SET_RESULTS=@OLD_CHARACTER_SET_RESULTS */;
/*!40101 SET COLLATION_CONNECTION=@OLD_COLLATION_CONNECTION */;
