-- phpMyAdmin SQL Dump
-- version 5.2.1
-- https://www.phpmyadmin.net/
--
-- Host: localhost:3306
-- Generation Time: Jun 27, 2024 at 10:12 AM
-- Server version: 8.0.30
-- PHP Version: 8.1.10

SET SQL_MODE = "NO_AUTO_VALUE_ON_ZERO";
START TRANSACTION;
SET time_zone = "+00:00";


/*!40101 SET @OLD_CHARACTER_SET_CLIENT=@@CHARACTER_SET_CLIENT */;
/*!40101 SET @OLD_CHARACTER_SET_RESULTS=@@CHARACTER_SET_RESULTS */;
/*!40101 SET @OLD_COLLATION_CONNECTION=@@COLLATION_CONNECTION */;
/*!40101 SET NAMES utf8mb4 */;

--
-- Database: `hms`
--

-- --------------------------------------------------------

--
-- Table structure for table `appointment`
--

CREATE TABLE `appointment` (
  `Appoint_ID` int NOT NULL,
  `Scheduled_On` date NOT NULL,
  `Date` date NOT NULL,
  `Time` time NOT NULL,
  `Doctor_ID` int NOT NULL,
  `Patient_ID` int NOT NULL
) ENGINE=InnoDB DEFAULT CHARSET=latin1;

--
-- Dumping data for table `appointment`
--

INSERT INTO `appointment` (`Appoint_ID`, `Scheduled_On`, `Date`, `Time`, `Doctor_ID`, `Patient_ID`) VALUES
(1, '2024-06-26', '2024-06-11', '14:50:00', 1, 1),
(2, '2024-06-30', '2024-06-26', '16:01:00', 3, 3);

-- --------------------------------------------------------

--
-- Table structure for table `bill`
--

CREATE TABLE `bill` (
  `Bill_ID` int NOT NULL,
  `Date_Issued` date DEFAULT NULL,
  `Description` varchar(255) DEFAULT NULL,
  `Amount` decimal(10,2) DEFAULT NULL,
  `Payment_Status` varchar(20) DEFAULT NULL,
  `Patient_ID` int DEFAULT NULL
) ENGINE=InnoDB DEFAULT CHARSET=latin1;

--
-- Dumping data for table `bill`
--

INSERT INTO `bill` (`Bill_ID`, `Date_Issued`, `Description`, `Amount`, `Payment_Status`, `Patient_ID`) VALUES
(1, '2024-06-24', 'Pagesa pas kontrolles', 250.00, 'Paid', 1),
(2, '2024-06-26', 'Pagesa pas qendrimit 4 ditor', 620.00, 'Pending', 2);

-- --------------------------------------------------------

--
-- Table structure for table `department`
--

CREATE TABLE `department` (
  `Dept_ID` int NOT NULL,
  `Dept_head` varchar(100) DEFAULT NULL,
  `Dept_name` varchar(100) NOT NULL,
  `Emp_Count` int DEFAULT NULL
) ENGINE=InnoDB DEFAULT CHARSET=utf8mb4 COLLATE=utf8mb4_0900_ai_ci;

--
-- Dumping data for table `department`
--

INSERT INTO `department` (`Dept_ID`, `Dept_head`, `Dept_name`, `Emp_Count`) VALUES
(1, 'Ilir Zeqiri', 'Kardiologjia', 10),
(2, 'Besnik Rama', 'Pediatri', 14),
(3, 'Anila Shehu', 'Radiologji', 8),
(4, 'Valbona Dervishi', 'Neorologji', 6),
(5, 'Ridvan Krasniqi', 'Ortopedi', 11);

-- --------------------------------------------------------

--
-- Table structure for table `doctor`
--

CREATE TABLE `doctor` (
  `Doctor_ID` int NOT NULL,
  `Qualifications` varchar(255) NOT NULL,
  `Emp_ID` int NOT NULL,
  `Specialization` varchar(100) DEFAULT NULL
) ENGINE=InnoDB DEFAULT CHARSET=utf8mb4 COLLATE=utf8mb4_0900_ai_ci;

--
-- Dumping data for table `doctor`
--

INSERT INTO `doctor` (`Doctor_ID`, `Qualifications`, `Emp_ID`, `Specialization`) VALUES
(1, 'Kardiolog', 4, 'Kardiologji'),
(2, 'Pediater', 5, 'Pediatri'),
(3, 'Radiologe', 7, 'Radiologji'),
(4, 'Ortoped', 8, 'Ortopedi');

-- --------------------------------------------------------

--
-- Table structure for table `emergency_contact`
--

CREATE TABLE `emergency_contact` (
  `Contact_ID` int NOT NULL,
  `Contact_Name` varchar(100) NOT NULL,
  `Phone` varchar(20) NOT NULL,
  `Relation` varchar(50) NOT NULL,
  `Patient_ID` int NOT NULL
) ENGINE=InnoDB DEFAULT CHARSET=utf8mb4 COLLATE=utf8mb4_0900_ai_ci;

--
-- Dumping data for table `emergency_contact`
--

INSERT INTO `emergency_contact` (`Contact_ID`, `Contact_Name`, `Phone`, `Relation`, `Patient_ID`) VALUES
(1, 'Anida', '044111222', 'Mother', 1),
(2, 'Avni', '044121987', 'Friend', 2);

-- --------------------------------------------------------

--
-- Table structure for table `insurance`
--

CREATE TABLE `insurance` (
  `Policy_Number` int NOT NULL,
  `Patient_ID` int NOT NULL,
  `Ins_Code` varchar(10) NOT NULL,
  `End_Date` date NOT NULL,
  `Provider` varchar(100) NOT NULL,
  `Plan` varchar(100) NOT NULL,
  `Co_Pay` varchar(100) NOT NULL,
  `Coverage` varchar(100) NOT NULL,
  `Maternity` varchar(100) NOT NULL,
  `Dental` varchar(100) NOT NULL,
  `Optical` varchar(100) NOT NULL
) ENGINE=InnoDB DEFAULT CHARSET=utf8mb4 COLLATE=utf8mb4_0900_ai_ci;

--
-- Dumping data for table `insurance`
--

INSERT INTO `insurance` (`Policy_Number`, `Patient_ID`, `Ins_Code`, `End_Date`, `Provider`, `Plan`, `Co_Pay`, `Coverage`, `Maternity`, `Dental`, `Optical`) VALUES
(1, 1, '111222333', '2025-09-16', 'Yes', 'Yes', 'Yes', '100%', 'Yes', 'Yes', 'Yes'),
(2, 3, '222113333', '2026-05-13', 'Yes', 'Yes', 'Yes', '75%', 'Yes', 'Yes', 'Yes'),
(3, 4, '999885664', '2024-10-10', 'Yes', 'Yes', 'Yes', '50%', 'Yes', 'Yes', 'Yes');

-- --------------------------------------------------------

--
-- Table structure for table `lab_screening`
--

CREATE TABLE `lab_screening` (
  `Lab_ID` int NOT NULL,
  `Patient_ID` int NOT NULL,
  `Technician_ID` int DEFAULT NULL,
  `Doctor_ID` int DEFAULT NULL,
  `Test_Cost` decimal(10,2) DEFAULT NULL,
  `Date` date DEFAULT NULL
) ENGINE=InnoDB DEFAULT CHARSET=utf8mb4 COLLATE=utf8mb4_0900_ai_ci;

-- --------------------------------------------------------

--
-- Table structure for table `medical_history`
--

CREATE TABLE `medical_history` (
  `Record_ID` int NOT NULL,
  `Patient_ID` int NOT NULL,
  `Allergies` varchar(255) DEFAULT NULL,
  `Pre_Conditions` varchar(255) DEFAULT NULL
) ENGINE=InnoDB DEFAULT CHARSET=utf8mb4 COLLATE=utf8mb4_0900_ai_ci;

--
-- Dumping data for table `medical_history`
--

INSERT INTO `medical_history` (`Record_ID`, `Patient_ID`, `Allergies`, `Pre_Conditions`) VALUES
(1, 1, 'Nuk ka', 'Dhimje koke'),
(2, 2, 'Gjalp kikirikut', 'Dhimbje barku');

-- --------------------------------------------------------

--
-- Table structure for table `medicine`
--

CREATE TABLE `medicine` (
  `Medicine_ID` int NOT NULL,
  `M_name` varchar(100) NOT NULL,
  `M_Quantity` int NOT NULL,
  `M_Cost` decimal(10,2) NOT NULL
) ENGINE=InnoDB DEFAULT CHARSET=utf8mb4 COLLATE=utf8mb4_0900_ai_ci;

--
-- Dumping data for table `medicine`
--

INSERT INTO `medicine` (`Medicine_ID`, `M_name`, `M_Quantity`, `M_Cost`) VALUES
(1, 'Amoxicillin', 54, 3.50),
(2, 'Paracetamol', 40, 1.00),
(3, 'Ibuprofen', 27, 2.80),
(4, 'Metformin ', 19, 8.70),
(5, 'Aspirin ', 67, 3.80),
(6, 'Omeprazole', 10, 5.30),
(7, 'Atorvastatin', 3, 10.60),
(8, 'Losartan', 32, 6.40),
(9, 'Levothyroxine', 21, 8.20),
(10, 'Amlodipine ', 14, 5.10),
(11, 'Clopidogrel', 21, 5.70),
(12, 'Cetirizine', 9, 7.50),
(13, 'Prednisone', 20, 3.50),
(14, 'Furosemide', 32, 7.60),
(15, 'Metoprolol', 21, 6.30);

-- --------------------------------------------------------

--
-- Table structure for table `nurse`
--

CREATE TABLE `nurse` (
  `Nurse_ID` int NOT NULL,
  `Patient_ID` int NOT NULL,
  `Emp_ID` int NOT NULL
) ENGINE=InnoDB DEFAULT CHARSET=utf8mb4 COLLATE=utf8mb4_0900_ai_ci;

--
-- Dumping data for table `nurse`
--

INSERT INTO `nurse` (`Nurse_ID`, `Patient_ID`, `Emp_ID`) VALUES
(1, 1, 6),
(2, 2, 9),
(3, 5, 10),
(4, 3, 9);

-- --------------------------------------------------------

--
-- Table structure for table `patient`
--

CREATE TABLE `patient` (
  `Patient_ID` int NOT NULL,
  `Personal_Number` int NOT NULL,
  `Patient_Fname` varchar(50) NOT NULL,
  `Patient_Lname` varchar(50) NOT NULL,
  `Birth_Date` date DEFAULT NULL,
  `Gender` varchar(10) DEFAULT NULL,
  `Blood_type` varchar(10) DEFAULT NULL,
  `Email` varchar(100) DEFAULT NULL,
  `Phone` varchar(20) DEFAULT NULL
) ENGINE=InnoDB DEFAULT CHARSET=utf8mb4 COLLATE=utf8mb4_0900_ai_ci;

--
-- Dumping data for table `patient`
--

INSERT INTO `patient` (`Patient_ID`, `Personal_Number`, `Patient_Fname`, `Patient_Lname`, `Birth_Date`, `Gender`, `Blood_type`, `Email`, `Phone`) VALUES
(1, 1234567890, 'Arben', 'Gashi', '1996-05-08', 'Male', 'AB+', 'arben@gmail.com', '044111222'),
(2, 987654321, 'Melisa', 'Kuqi', '2002-08-07', 'Female', 'B-', 'Melisa@gmail.com', '049111222'),
(3, 1122334455, 'Aferdita', 'Ferizi', '2007-12-12', 'Female', 'A-', 'Aferdita@gmail.com', '043222333'),
(4, 1112223334, 'Ermal', 'Berisha', '2019-01-08', 'Male', 'A+', 'Ermal@gmail.com', '044212314'),
(5, 1234569871, 'Adonis', 'Pacolli', '2000-09-24', 'Male', 'AB+', 'Adonis@gmail.com', '043218971');

-- --------------------------------------------------------

--
-- Table structure for table `payroll`
--

CREATE TABLE `payroll` (
  `Account_no` int NOT NULL,
  `Salary` decimal(10,2) NOT NULL,
  `Bonus` decimal(10,2) DEFAULT NULL,
  `Emp_ID` int NOT NULL,
  `IBAN` varchar(50) DEFAULT NULL
) ENGINE=InnoDB DEFAULT CHARSET=utf8mb4 COLLATE=utf8mb4_0900_ai_ci;

-- --------------------------------------------------------

--
-- Table structure for table `rating`
--

CREATE TABLE `rating` (
  `Rating_ID` int NOT NULL,
  `Emp_ID` int NOT NULL,
  `Rating` tinyint NOT NULL,
  `Comments` text,
  `Date` date NOT NULL
) ENGINE=InnoDB DEFAULT CHARSET=utf8mb4 COLLATE=utf8mb4_0900_ai_ci;

--
-- Dumping data for table `rating`
--

INSERT INTO `rating` (`Rating_ID`, `Emp_ID`, `Rating`, `Comments`, `Date`) VALUES
(1, 8, 5, 'Ma i  miri', '2024-06-27'),
(2, 5, 4, 'Shum i mire', '2024-06-27'),
(3, 10, 5, 'Ma e mira', '2024-06-27');

-- --------------------------------------------------------

--
-- Table structure for table `reports`
--

CREATE TABLE `reports` (
  `Report_ID` int NOT NULL,
  `personal_number` int NOT NULL,
  `report` longblob NOT NULL,
  `created_at` timestamp NULL DEFAULT CURRENT_TIMESTAMP
) ENGINE=InnoDB DEFAULT CHARSET=latin1;

--
-- Dumping data for table `reports`
--

INSERT INTO `reports` (`Report_ID`, `personal_number`, `report`, `created_at`) VALUES
(1, 1234567890, 0x255044462d312e340a312030206f626a0a3c3c0a2f5469746c652028feff290a2f43726561746f722028feff290a2f50726f64756365722028feff0051007400200035002e0035002e0031290a2f4372656174696f6e446174652028443a3230323430363237303935303436290a3e3e0a656e646f626a0a322030206f626a0a3c3c0a2f54797065202f436174616c6f670a2f50616765732033203020520a3e3e0a656e646f626a0a342030206f626a0a3c3c0a2f54797065202f4578744753746174650a2f534120747275650a2f534d20302e30320a2f636120312e300a2f434120312e300a2f4149532066616c73650a2f534d61736b202f4e6f6e653e3e0a656e646f626a0a352030206f626a0a5b2f5061747465726e202f4465766963655247425d0a656e646f626a0a372030206f626a0a3c3c0a2f636120302e313439303139363037200a2f43412031200a3e3e0a656e646f626a0a382030206f626a0a3c3c0a2f54797065202f584f626a6563740a2f53756274797065202f496d6167650a2f576964746820310a2f4865696768742032300a2f42697473506572436f6d706f6e656e7420380a2f436f6c6f725370616365202f446576696365477261790a2f4c656e6774682039203020520a2f46696c746572202f466c6174654465636f64650a3e3e0a73747265616d0a789c636064646261e5e0e6131491909653505256555503000967017a656e6473747265616d0a656e646f626a0a392030206f626a0a32380a656e646f626a0a31302030206f626a0a3c3c0a2f54797065202f584f626a6563740a2f53756274797065202f496d6167650a2f576964746820310a2f4865696768742032300a2f42697473506572436f6d706f6e656e7420380a2f436f6c6f725370616365202f4465766963655247420a2f534d61736b2038203020520a2f4c656e677468203131203020520a2f46696c746572202f4443544465636f64650a3e3e0a73747265616d0affd8ffe000104a46494600010101006000600000ffdb0043000201010201010202020202020202030503030303030604040305070607070706070708090b0908080a0807070a0d0a0a0b0c0c0c0c07090e0f0d0c0e0b0c0c0cffdb004301020202030303060303060c0807080c0c0c0c0c0c0c0c0c0c0c0c0c0c0c0c0c0c0c0c0c0c0c0c0c0c0c0c0c0c0c0c0c0c0c0c0c0c0c0c0c0c0c0c0c0c0c0c0c0cffc00011080014000103012200021101031101ffc4001f0000010501010101010100000000000000000102030405060708090a0bffc400b5100002010303020403050504040000017d01020300041105122131410613516107227114328191a1082342b1c11552d1f02433627282090a161718191a25262728292a3435363738393a434445464748494a535455565758595a636465666768696a737475767778797a838485868788898a92939495969798999aa2a3a4a5a6a7a8a9aab2b3b4b5b6b7b8b9bac2c3c4c5c6c7c8c9cad2d3d4d5d6d7d8d9dae1e2e3e4e5e6e7e8e9eaf1f2f3f4f5f6f7f8f9faffc4001f0100030101010101010101010000000000000102030405060708090a0bffc400b51100020102040403040705040400010277000102031104052131061241510761711322328108144291a1b1c109233352f0156272d10a162434e125f11718191a262728292a35363738393a434445464748494a535455565758595a636465666768696a737475767778797a82838485868788898a92939495969798999aa2a3a4a5a6a7a8a9aab2b3b4b5b6b7b8b9bac2c3c4c5c6c7c8c9cad2d3d4d5d6d7d8d9dae2e3e4e5e6e7e8e9eaf2f3f4f5f6f7f8f9faffda000c03010002110311003f00fe7fe8a28a0028a28a00ffd9656e6473747265616d0a656e646f626a0a31312030206f626a0a3633350a656e646f626a0a31322030206f626a0a3c3c0a2f54797065202f584f626a6563740a2f53756274797065202f496d6167650a2f576964746820310a2f4865696768742032300a2f42697473506572436f6d706f6e656e7420380a2f436f6c6f725370616365202f446576696365477261790a2f4c656e677468203133203020520a2f46696c746572202f466c6174654465636f64650a3e3e0a73747265616d0a789c5353555556529093961011e4e3e6606561626464000015ae017a656e6473747265616d0a656e646f626a0a31332030206f626a0a32380a656e646f626a0a31342030206f626a0a3c3c0a2f54797065202f584f626a6563740a2f53756274797065202f496d6167650a2f576964746820310a2f4865696768742032300a2f42697473506572436f6d706f6e656e7420380a2f436f6c6f725370616365202f4465766963655247420a2f534d61736b203132203020520a2f4c656e677468203135203020520a2f46696c746572202f4443544465636f64650a3e3e0a73747265616d0affd8ffe000104a46494600010101006000600000ffdb0043000201010201010202020202020202030503030303030604040305070607070706070708090b0908080a0807070a0d0a0a0b0c0c0c0c07090e0f0d0c0e0b0c0c0cffdb004301020202030303060303060c0807080c0c0c0c0c0c0c0c0c0c0c0c0c0c0c0c0c0c0c0c0c0c0c0c0c0c0c0c0c0c0c0c0c0c0c0c0c0c0c0c0c0c0c0c0c0c0c0c0c0cffc00011080014000103012200021101031101ffc4001f0000010501010101010100000000000000000102030405060708090a0bffc400b5100002010303020403050504040000017d01020300041105122131410613516107227114328191a1082342b1c11552d1f02433627282090a161718191a25262728292a3435363738393a434445464748494a535455565758595a636465666768696a737475767778797a838485868788898a92939495969798999aa2a3a4a5a6a7a8a9aab2b3b4b5b6b7b8b9bac2c3c4c5c6c7c8c9cad2d3d4d5d6d7d8d9dae1e2e3e4e5e6e7e8e9eaf1f2f3f4f5f6f7f8f9faffc4001f0100030101010101010101010000000000000102030405060708090a0bffc400b51100020102040403040705040400010277000102031104052131061241510761711322328108144291a1b1c109233352f0156272d10a162434e125f11718191a262728292a35363738393a434445464748494a535455565758595a636465666768696a737475767778797a82838485868788898a92939495969798999aa2a3a4a5a6a7a8a9aab2b3b4b5b6b7b8b9bac2c3c4c5c6c7c8c9cad2d3d4d5d6d7d8d9dae2e3e4e5e6e7e8e9eaf2f3f4f5f6f7f8f9faffda000c03010002110311003f00fe7fe8a28a0028a28a00ffd9656e6473747265616d0a656e646f626a0a31352030206f626a0a3633350a656e646f626a0a31362030206f626a0a3c3c0a2f54797065202f584f626a6563740a2f53756274797065202f496d6167650a2f57696474682032300a2f48656967687420310a2f42697473506572436f6d706f6e656e7420380a2f436f6c6f725370616365202f446576696365477261790a2f4c656e677468203137203020520a2f46696c746572202f466c6174654465636f64650a3e3e0a73747265616d0a789c636060646266e5e0e21314919096535052565555030009370177656e6473747265616d0a656e646f626a0a31372030206f626a0a32380a656e646f626a0a31382030206f626a0a3c3c0a2f54797065202f584f626a6563740a2f53756274797065202f496d6167650a2f57696474682032300a2f48656967687420310a2f42697473506572436f6d706f6e656e7420380a2f436f6c6f725370616365202f4465766963655247420a2f534d61736b203136203020520a2f4c656e677468203139203020520a2f46696c746572202f4443544465636f64650a3e3e0a73747265616d0affd8ffe000104a46494600010101006000600000ffdb0043000201010201010202020202020202030503030303030604040305070607070706070708090b0908080a0807070a0d0a0a0b0c0c0c0c07090e0f0d0c0e0b0c0c0cffdb004301020202030303060303060c0807080c0c0c0c0c0c0c0c0c0c0c0c0c0c0c0c0c0c0c0c0c0c0c0c0c0c0c0c0c0c0c0c0c0c0c0c0c0c0c0c0c0c0c0c0c0c0c0c0c0cffc00011080001001403012200021101031101ffc4001f0000010501010101010100000000000000000102030405060708090a0bffc400b5100002010303020403050504040000017d01020300041105122131410613516107227114328191a1082342b1c11552d1f02433627282090a161718191a25262728292a3435363738393a434445464748494a535455565758595a636465666768696a737475767778797a838485868788898a92939495969798999aa2a3a4a5a6a7a8a9aab2b3b4b5b6b7b8b9bac2c3c4c5c6c7c8c9cad2d3d4d5d6d7d8d9dae1e2e3e4e5e6e7e8e9eaf1f2f3f4f5f6f7f8f9faffc4001f0100030101010101010101010000000000000102030405060708090a0bffc400b51100020102040403040705040400010277000102031104052131061241510761711322328108144291a1b1c109233352f0156272d10a162434e125f11718191a262728292a35363738393a434445464748494a535455565758595a636465666768696a737475767778797a82838485868788898a92939495969798999aa2a3a4a5a6a7a8a9aab2b3b4b5b6b7b8b9bac2c3c4c5c6c7c8c9cad2d3d4d5d6d7d8d9dae2e3e4e5e6e7e8e9eaf2f3f4f5f6f7f8f9faffda000c03010002110311003f00fe7fe8a28a0028a28a00ffd9656e6473747265616d0a656e646f626a0a31392030206f626a0a3633350a656e646f626a0a32302030206f626a0a3c3c0a2f54797065202f584f626a6563740a2f53756274797065202f496d6167650a2f57696474682032300a2f48656967687420310a2f42697473506572436f6d706f6e656e7420380a2f436f6c6f725370616365202f446576696365477261790a2f4c656e677468203231203020520a2f46696c746572202f466c6174654465636f64650a3e3e0a73747265616d0a789c5353555556529093961011e4e3e26065666264600000159f0177656e6473747265616d0a656e646f626a0a32312030206f626a0a32380a656e646f626a0a32322030206f626a0a3c3c0a2f54797065202f584f626a6563740a2f53756274797065202f496d6167650a2f57696474682032300a2f48656967687420310a2f42697473506572436f6d706f6e656e7420380a2f436f6c6f725370616365202f4465766963655247420a2f534d61736b203230203020520a2f4c656e677468203233203020520a2f46696c746572202f4443544465636f64650a3e3e0a73747265616d0affd8ffe000104a46494600010101006000600000ffdb0043000201010201010202020202020202030503030303030604040305070607070706070708090b0908080a0807070a0d0a0a0b0c0c0c0c07090e0f0d0c0e0b0c0c0cffdb004301020202030303060303060c0807080c0c0c0c0c0c0c0c0c0c0c0c0c0c0c0c0c0c0c0c0c0c0c0c0c0c0c0c0c0c0c0c0c0c0c0c0c0c0c0c0c0c0c0c0c0c0c0c0c0cffc00011080001001403012200021101031101ffc4001f0000010501010101010100000000000000000102030405060708090a0bffc400b5100002010303020403050504040000017d01020300041105122131410613516107227114328191a1082342b1c11552d1f02433627282090a161718191a25262728292a3435363738393a434445464748494a535455565758595a636465666768696a737475767778797a838485868788898a92939495969798999aa2a3a4a5a6a7a8a9aab2b3b4b5b6b7b8b9bac2c3c4c5c6c7c8c9cad2d3d4d5d6d7d8d9dae1e2e3e4e5e6e7e8e9eaf1f2f3f4f5f6f7f8f9faffc4001f0100030101010101010101010000000000000102030405060708090a0bffc400b51100020102040403040705040400010277000102031104052131061241510761711322328108144291a1b1c109233352f0156272d10a162434e125f11718191a262728292a35363738393a434445464748494a535455565758595a636465666768696a737475767778797a82838485868788898a92939495969798999aa2a3a4a5a6a7a8a9aab2b3b4b5b6b7b8b9bac2c3c4c5c6c7c8c9cad2d3d4d5d6d7d8d9dae2e3e4e5e6e7e8e9eaf2f3f4f5f6f7f8f9faffda000c03010002110311003f00fe7fe8a28a0028a28a00ffd9656e6473747265616d0a656e646f626a0a32332030206f626a0a3633350a656e646f626a0a32342030206f626a0a3c3c0a2f54797065202f584f626a6563740a2f53756274797065202f496d6167650a2f57696474682032300a2f4865696768742032300a2f42697473506572436f6d706f6e656e7420380a2f436f6c6f725370616365202f446576696365477261790a2f4c656e677468203235203020520a2f46696c746572202f466c6174654465636f64650a3e3e0a73747265616d0a789c85cbdd164420148661638a4a2122241a3ff77f8bb313cb389af76c3febdb51f4bf17f4bc420f884337c5f13b842ef282103eba080427490a11122cf6022765be1fa22ce35c08919f861342332ef2a294527a8319ac320150d54aa97396122059abb6d5ba3b0ce19471a04677fd60ccf90ab3b26ebade8cd64ec152ca73a9746fec343b7718062baaa63376769f65398dc16bdb8f13d0badea6f46067a06d0b4698900a5e1dd0be5f967b9b827d01558e0e7b656e6473747265616d0a656e646f626a0a32352030206f626a0a3138300a656e646f626a0a32362030206f626a0a3c3c0a2f54797065202f584f626a6563740a2f53756274797065202f496d6167650a2f57696474682032300a2f4865696768742032300a2f42697473506572436f6d706f6e656e7420380a2f436f6c6f725370616365202f4465766963655247420a2f534d61736b203234203020520a2f4c656e677468203237203020520a2f46696c746572202f4443544465636f64650a3e3e0a73747265616d0affd8ffe000104a46494600010101006000600000ffdb0043000201010201010202020202020202030503030303030604040305070607070706070708090b0908080a0807070a0d0a0a0b0c0c0c0c07090e0f0d0c0e0b0c0c0cffdb004301020202030303060303060c0807080c0c0c0c0c0c0c0c0c0c0c0c0c0c0c0c0c0c0c0c0c0c0c0c0c0c0c0c0c0c0c0c0c0c0c0c0c0c0c0c0c0c0c0c0c0c0c0c0c0cffc00011080014001403012200021101031101ffc4001f0000010501010101010100000000000000000102030405060708090a0bffc400b5100002010303020403050504040000017d01020300041105122131410613516107227114328191a1082342b1c11552d1f02433627282090a161718191a25262728292a3435363738393a434445464748494a535455565758595a636465666768696a737475767778797a838485868788898a92939495969798999aa2a3a4a5a6a7a8a9aab2b3b4b5b6b7b8b9bac2c3c4c5c6c7c8c9cad2d3d4d5d6d7d8d9dae1e2e3e4e5e6e7e8e9eaf1f2f3f4f5f6f7f8f9faffc4001f0100030101010101010101010000000000000102030405060708090a0bffc400b51100020102040403040705040400010277000102031104052131061241510761711322328108144291a1b1c109233352f0156272d10a162434e125f11718191a262728292a35363738393a434445464748494a535455565758595a636465666768696a737475767778797a82838485868788898a92939495969798999aa2a3a4a5a6a7a8a9aab2b3b4b5b6b7b8b9bac2c3c4c5c6c7c8c9cad2d3d4d5d6d7d8d9dae2e3e4e5e6e7e8e9eaf2f3f4f5f6f7f8f9faffda000c03010002110311003f00fe7fe8a28a0028a28a0028a28a0028a28a00ffd9656e6473747265616d0a656e646f626a0a32372030206f626a0a3634330a656e646f626a0a32382030206f626a0a3c3c0a2f54797065202f584f626a6563740a2f53756274797065202f496d6167650a2f57696474682032300a2f4865696768742032300a2f42697473506572436f6d706f6e656e7420380a2f436f6c6f725370616365202f446576696365477261790a2f4c656e677468203239203020520a2f46696c746572202f466c6174654465636f64650a3e3e0a73747265616d0a789c6dcbeb16433010465155218904210411d4e5fd5fb1934b175dedf9b9e79b28faed01fd33df65b1ef8b93a7cfb337e44a92a0ce30cea034455603521b8183d5d85bc139672ca7e4864288aa2c38cb094e513029655303f31c967608d62bd575b21180380b43adc7a1572d20a3194a9ccdc64c7ae8dba68261785ed765367a5052148c64deb6edb52e46f76d5d822167fb0e384f4307cf34d871002e6654f2b2f3045ce1590a4ef1dd666bc5c7ded0b80e7b656e6473747265616d0a656e646f626a0a32392030206f626a0a3137390a656e646f626a0a33302030206f626a0a3c3c0a2f54797065202f584f626a6563740a2f53756274797065202f496d6167650a2f57696474682032300a2f4865696768742032300a2f42697473506572436f6d706f6e656e7420380a2f436f6c6f725370616365202f4465766963655247420a2f534d61736b203238203020520a2f4c656e677468203331203020520a2f46696c746572202f4443544465636f64650a3e3e0a73747265616d0affd8ffe000104a46494600010101006000600000ffdb0043000201010201010202020202020202030503030303030604040305070607070706070708090b0908080a0807070a0d0a0a0b0c0c0c0c07090e0f0d0c0e0b0c0c0cffdb004301020202030303060303060c0807080c0c0c0c0c0c0c0c0c0c0c0c0c0c0c0c0c0c0c0c0c0c0c0c0c0c0c0c0c0c0c0c0c0c0c0c0c0c0c0c0c0c0c0c0c0c0c0c0c0cffc00011080014001403012200021101031101ffc4001f0000010501010101010100000000000000000102030405060708090a0bffc400b5100002010303020403050504040000017d01020300041105122131410613516107227114328191a1082342b1c11552d1f02433627282090a161718191a25262728292a3435363738393a434445464748494a535455565758595a636465666768696a737475767778797a838485868788898a92939495969798999aa2a3a4a5a6a7a8a9aab2b3b4b5b6b7b8b9bac2c3c4c5c6c7c8c9cad2d3d4d5d6d7d8d9dae1e2e3e4e5e6e7e8e9eaf1f2f3f4f5f6f7f8f9faffc4001f0100030101010101010101010000000000000102030405060708090a0bffc400b51100020102040403040705040400010277000102031104052131061241510761711322328108144291a1b1c109233352f0156272d10a162434e125f11718191a262728292a35363738393a434445464748494a535455565758595a636465666768696a737475767778797a82838485868788898a92939495969798999aa2a3a4a5a6a7a8a9aab2b3b4b5b6b7b8b9bac2c3c4c5c6c7c8c9cad2d3d4d5d6d7d8d9dae2e3e4e5e6e7e8e9eaf2f3f4f5f6f7f8f9faffda000c03010002110311003f00fe7fe8a28a0028a28a0028a28a0028a28a00ffd9656e6473747265616d0a656e646f626a0a33312030206f626a0a3634330a656e646f626a0a33322030206f626a0a3c3c0a2f54797065202f584f626a6563740a2f53756274797065202f496d6167650a2f57696474682032300a2f4865696768742032300a2f42697473506572436f6d706f6e656e7420380a2f436f6c6f725370616365202f446576696365477261790a2f4c656e677468203333203020520a2f46696c746572202f466c6174654465636f64650a3e3e0a73747265616d0a789c75cd491683201045d1c2d8a0824a44d1206a1af7bfc57cd07483bc59dd5305dbf6b8dfd6d90e5a55054f4e1123da82396ff2650fd0757117a31b5964bbdd41eb3c8d7dfbb11b68c16977ae457ed8ba2eb3b3a3c117b038d8ecdc64c7a1c369c9d3ddacbd8c83e95a550b3c17470c3618d3f71a84b5f01c4c6bdd9e5503cab3e3949402545294394f8f35aaa494429405b692f8b0c297f3ec8b88630478f1142c09c55e5e4418424176a2688fb10f117b47ef7ea7ff3d015bf60e7b656e6473747265616d0a656e646f626a0a33332030206f626a0a3138390a656e646f626a0a33342030206f626a0a3c3c0a2f54797065202f584f626a6563740a2f53756274797065202f496d6167650a2f57696474682032300a2f4865696768742032300a2f42697473506572436f6d706f6e656e7420380a2f436f6c6f725370616365202f4465766963655247420a2f534d61736b203332203020520a2f4c656e677468203335203020520a2f46696c746572202f4443544465636f64650a3e3e0a73747265616d0affd8ffe000104a46494600010101006000600000ffdb0043000201010201010202020202020202030503030303030604040305070607070706070708090b0908080a0807070a0d0a0a0b0c0c0c0c07090e0f0d0c0e0b0c0c0cffdb004301020202030303060303060c0807080c0c0c0c0c0c0c0c0c0c0c0c0c0c0c0c0c0c0c0c0c0c0c0c0c0c0c0c0c0c0c0c0c0c0c0c0c0c0c0c0c0c0c0c0c0c0c0c0c0cffc00011080014001403012200021101031101ffc4001f0000010501010101010100000000000000000102030405060708090a0bffc400b5100002010303020403050504040000017d01020300041105122131410613516107227114328191a1082342b1c11552d1f02433627282090a161718191a25262728292a3435363738393a434445464748494a535455565758595a636465666768696a737475767778797a838485868788898a92939495969798999aa2a3a4a5a6a7a8a9aab2b3b4b5b6b7b8b9bac2c3c4c5c6c7c8c9cad2d3d4d5d6d7d8d9dae1e2e3e4e5e6e7e8e9eaf1f2f3f4f5f6f7f8f9faffc4001f0100030101010101010101010000000000000102030405060708090a0bffc400b51100020102040403040705040400010277000102031104052131061241510761711322328108144291a1b1c109233352f0156272d10a162434e125f11718191a262728292a35363738393a434445464748494a535455565758595a636465666768696a737475767778797a82838485868788898a92939495969798999aa2a3a4a5a6a7a8a9aab2b3b4b5b6b7b8b9bac2c3c4c5c6c7c8c9cad2d3d4d5d6d7d8d9dae2e3e4e5e6e7e8e9eaf2f3f4f5f6f7f8f9faffda000c03010002110311003f00fe7fe8a28a0028a28a0028a28a0028a28a00ffd9656e6473747265616d0a656e646f626a0a33352030206f626a0a3634330a656e646f626a0a33362030206f626a0a3c3c0a2f54797065202f584f626a6563740a2f53756274797065202f496d6167650a2f57696474682032300a2f4865696768742032300a2f42697473506572436f6d706f6e656e7420380a2f436f6c6f725370616365202f446576696365477261790a2f4c656e677468203337203020520a2f46696c746572202f466c6174654465636f64650a3e3e0a73747265616d0a789c6dcdd11682201045d1b130514125513442cdeaff7fb10b91b65a9dc7cdcc40941c8e292f2aa5073b2debfdf17c5234e9cd7d5b56c8469b8b9b6fc0c76e6d3f5ea705788f968bfadc617906aec1180c9f98d1ba695e96b79d7889e56e18edd5b909961c180e8a5ab59d19c68bb5c170108340ddf7c60c1497b31cd8a873abb5a63878e279296405562a1a4b3159944248292bfac28ce785ef6d40af603c70faa0579686e88341438c76f41ca2ad648b7efa67be17e0bd0e7b656e6473747265616d0a656e646f626a0a33372030206f626a0a3138360a656e646f626a0a33382030206f626a0a3c3c0a2f54797065202f584f626a6563740a2f53756274797065202f496d6167650a2f57696474682032300a2f4865696768742032300a2f42697473506572436f6d706f6e656e7420380a2f436f6c6f725370616365202f4465766963655247420a2f534d61736b203336203020520a2f4c656e677468203339203020520a2f46696c746572202f4443544465636f64650a3e3e0a73747265616d0affd8ffe000104a46494600010101006000600000ffdb0043000201010201010202020202020202030503030303030604040305070607070706070708090b0908080a0807070a0d0a0a0b0c0c0c0c07090e0f0d0c0e0b0c0c0cffdb004301020202030303060303060c0807080c0c0c0c0c0c0c0c0c0c0c0c0c0c0c0c0c0c0c0c0c0c0c0c0c0c0c0c0c0c0c0c0c0c0c0c0c0c0c0c0c0c0c0c0c0c0c0c0c0cffc00011080014001403012200021101031101ffc4001f0000010501010101010100000000000000000102030405060708090a0bffc400b5100002010303020403050504040000017d01020300041105122131410613516107227114328191a1082342b1c11552d1f02433627282090a161718191a25262728292a3435363738393a434445464748494a535455565758595a636465666768696a737475767778797a838485868788898a92939495969798999aa2a3a4a5a6a7a8a9aab2b3b4b5b6b7b8b9bac2c3c4c5c6c7c8c9cad2d3d4d5d6d7d8d9dae1e2e3e4e5e6e7e8e9eaf1f2f3f4f5f6f7f8f9faffc4001f0100030101010101010101010000000000000102030405060708090a0bffc400b51100020102040403040705040400010277000102031104052131061241510761711322328108144291a1b1c109233352f0156272d10a162434e125f11718191a262728292a35363738393a434445464748494a535455565758595a636465666768696a737475767778797a82838485868788898a92939495969798999aa2a3a4a5a6a7a8a9aab2b3b4b5b6b7b8b9bac2c3c4c5c6c7c8c9cad2d3d4d5d6d7d8d9dae2e3e4e5e6e7e8e9eaf2f3f4f5f6f7f8f9faffda000c03010002110311003f00fe7fe8a28a0028a28a0028a28a0028a28a00ffd9656e6473747265616d0a656e646f626a0a33392030206f626a0a3634330a656e646f626a0a34302030206f626a0a3c3c0a2f54797065202f584f626a6563740a2f53756274797065202f496d6167650a2f5769647468203331320a2f486569676874203330370a2f42697473506572436f6d706f6e656e7420380a2f436f6c6f725370616365202f4465766963655247420a2f4c656e677468203431203020520a2f46696c746572202f4443544465636f64650a3e3e0a73747265616d0affd8ffe000104a46494600010101006000600000ffdb0043000201010201010202020202020202030503030303030604040305070607070706070708090b0908080a0807070a0d0a0a0b0c0c0c0c07090e0f0d0c0e0b0c0c0cffdb004301020202030303060303060c0807080c0c0c0c0c0c0c0c0c0c0c0c0c0c0c0c0c0c0c0c0c0c0c0c0c0c0c0c0c0c0c0c0c0c0c0c0c0c0c0c0c0c0c0c0c0c0c0c0c0cffc00011080133013803012200021101031101ffc4001f0000010501010101010100000000000000000102030405060708090a0bffc400b5100002010303020403050504040000017d01020300041105122131410613516107227114328191a1082342b1c11552d1f02433627282090a161718191a25262728292a3435363738393a434445464748494a535455565758595a636465666768696a737475767778797a838485868788898a92939495969798999aa2a3a4a5a6a7a8a9aab2b3b4b5b6b7b8b9bac2c3c4c5c6c7c8c9cad2d3d4d5d6d7d8d9dae1e2e3e4e5e6e7e8e9eaf1f2f3f4f5f6f7f8f9faffc4001f0100030101010101010101010000000000000102030405060708090a0bffc400b51100020102040403040705040400010277000102031104052131061241510761711322328108144291a1b1c109233352f0156272d10a162434e125f11718191a262728292a35363738393a434445464748494a535455565758595a636465666768696a737475767778797a82838485868788898a92939495969798999aa2a3a4a5a6a7a8a9aab2b3b4b5b6b7b8b9bac2c3c4c5c6c7c8c9cad2d3d4d5d6d7d8d9dae2e3e4e5e6e7e8e9eaf2f3f4f5f6f7f8f9faffda000c03010002110311003f00fdfca28a2800a28a2800a28a2800a28a2800a28a2800a28a2800a28a2800a28a2800a28a2800a28a2800a28a2800a28a2800a28a2800a28a2800a28a2800a28a2800a28a2800a28a2800a28a2800a28a2800a28a2800a28a2800a28a2800a28a2800a28a2800a28a2800a2b37c5be31d23c03e1eb9d5f5dd534ed174ab25df71797d7296f6f02fab3b90aa3ea6aa7c34f899a17c61f04d9788fc35a8c5ab689a96f36b771a32a4e11d90b2ee0095dca707186182090412aeaf6ea67ed61cfecb99735af6babdbbdb7b79d8dda09c0af21fdbbfe20f89fe117eca9e2bf177842e5adb57f0a4706b0e0431cc27b482e2392ee221d4801ad9661918233904119ad7f1f7ed7ff0b7e166996d75e22f1ff853485bd8926b786e3518c5cdc2b80ca52107cc7c820e1549e6a1d58a6d3d0e5a998d0a75654aac94795295db4959b6b76d6cd59faa3bfd2f55b5d734f8aeecae6def2d671ba39a090491c83d430c823e9562be62ff00825378eb4cd73e02788fc31a44d34ba6780bc5faae93a699eda5b595f4f92737966e629555d4182e914654709c71cd7d3b4529f3c14bb865b8d58bc2d3c4afb4afa6aafaa6afd754ff0000a28a2b43b82b2bc6de3bd13e1af866eb5af116afa6685a4592eeb8bdd42e52dade11eacee428fceb56be68bdf0ad87ed21ff000510d7f4df155bc5a9681f07fc3fa5de68da3dd0125acda8ea0f745f5068cf0ef1476eb1216042177230c7359d49b8a496ef43871f8a9d18c23492739c9455f6bb4ddddb5b249bb2d5e896f75e97f097f6cdf851f1db5f3a4f843e2178535ed570596cadb508cdcc8a064b2464867500672a08f7af4caf3afda57f674f0cfed11f0caf34ad72dadedaead6269f4ad623022bcd06e506e8aeade618689e3601b2a464020e4120e7fec39f17355f8f1fb217c3bf17ebaa06b3aee876f3deb05da26976ed6940ec1ca9703fdaa5194b9b925ea6587c4d78e23eab89b36e3cc9c6e9349a4d34db69a6d7569a7d1a68f55a2b91f8f9f18b4dfd9f3e0af8a3c6dab7cd61e18d366bf9230db5ae191494894ff79df6a0f7615aff000ff5ebff0015780f44d5354d2db43d4f52b082eaef4e69bce6b095e356784bed5dc51895ced19c74157ccafcbd4ed55e9fb5f617f7ad7b795edf99af453219d2e1498dd1c2b15254e7041c11f5078a7d51b0514514005145140051451400514514005145140051451400514514005145140051451400514514005145725f1dfe25ddfc1af841aff8aacb40bff144da05a9bc6d32c9d52e2e62420c9e5eee0b2c7b982f56db81c9149b495d99d5ab1a709549ec936fae8b57b5d9d6d54f105a5ddfe837b069f78ba7dfcf6f2476d74d08985b4a548490a1203856c1da48ce319154be1ef8ff0048f8a9e06d23c49a05f43a968bae5a477b657311f96689d4329f5070790790720f22b628d1ad071946a439a2ee9add766b74d7ae8cf88bf6b8fd9763f8176be0df8cfe29d7fc43f156e3c05afc375e274f11f977365fd973836f3cd6d60882de06b769127531a6e0236dced8cd7db3693c5756b14b03c724122068de320a329190411c118aa5e2ef0a69fe3bf0a6a7a1ead6d1dee97ac5a4b63796f20cacf0c8851d0fb15623f1af3afd8bbc03e2ef849fb3fe97e0ff00193a5cdf784a69f47d3ef84eb2b6a5a6c32b2594ef8fbae6dc46194f39524f5ac614f926f9568ff35fe68f1f0982583c6c9518fb9515dbd5da71d356db7ef45a7ab7ac5ed73d07c73e10b3f885e09d6340d453ccd3f5cb19b4fb95fef452c6d1b8ff00be58d7ce7ff04a4f863e13f0f7ec99e18b8b4f08f86746f16e88d75e1fd76eed34c861bb9ef2c6e65b495e590287677f28392c493bebea1a4540830000324f03b9ab74d39a9f63b2ae5f09e2e18b695e31947549eed3567d2cd74dee791fc3ef83badf80ff006c8f88be29863b76f09f8f346d26695fcd1e6c7aa5a79f6ee3675dad6c6dfe6f58c0ed5eb7321962655768cb02032e32bee3391f98a7515518a8ab237c3e1a1462e10d9b94be727776f2bdfef679afec7fa4f8bb44fd9c3c316fe3ad4753d57c52b14af7973a8a225db869e46884a14050eb118d4e0755f5af4aa28a231e5491586a2a8d28d24dbe5495deadd95aedf70af1df8eff00b3b6bdaefc4dd33e23fc3bd734ff000f78fb4bb13a55c26a56ed71a5f882c0bf982d6e95087529212f1cb19dc859c6183115ec545138292b3271585a78887b3a9dd34d3b34d6cd35b35fe7ba6d3f9bfc71e00fda03f68af0f5c784bc472fc3ef86de17d56336bacea3e1dd52eb56d5ef2dd86258ad7cdb7823b7f31495f31bcc640c485ce0d7bef833c1fa6fc3df08695a068d691d8691a25a4561656d1fddb78624088833d82a81f8569d1530a6a2efbbf331c2e021466eab94a526ad793bbb2d6cb4492beba2d5eadbe9f39fedc96e7e277c56f823f0ba721745f18f89e4d63580df76eedb4980deadab0ee249c4048f48dabd7fe3d7c5fd3be007c17f1478d755e6c7c33a6cd7ee99c19d91494897fda77da83dd85677ed05fb3d697fb41f87b4e86eaff54d0b5af0fdeaea7a1eb9a5c8b1df68f74aac9e6465832b2b23323c6eac8eac411d08f399bf63df1b7c4ed7b468fe29fc545f1b785341be87528b42b0f0d45a3c7aa5cc2c1e07be759643322380fe522c68ccaa482005ace4a6a527157becfb69d7f33cdad0c651ad5e5469f34aa72f2caead1b47952926d3b45b72d13e6bdb46751fb0efc21d47e0dfecdda1daebff003f8b75e69bc43e24948c34ba9dec86e2e33fee349e58ff006635af5a9a64b685e491d638e352cccc70aa072493d853abe66fdb77e2237c5af88be1afd9d7c3fac47a6eb1f10a092fbc4d751dc2c771a6f87e23fbf58f27266b9c18500070a6562005cd5b6a94125e8bccebab529e5b828c60afca9462afaca4f48abf793d5bff0013e87d1fa26b765e25d22db50d3af2d750b0bd8d66b7b9b69565867461957475243291c820e0d5aaf94fe34fc2eb4ff8276f84e5f88ff0cee26d0fc1da4dddaffc247e0a3219349bfb79a78e079ed118936b76be6061e5909295c32127757d594e136db8c959a36c1e2e75252a35e3cb52366d2774d3bd9a7a3b3b3566934d6bd1b28a28ad0ef0a28a2800a28a2800a28a2800a28a2800a28a2800a28a2800a28a2800a28af25fdbaf42f12ebffb22f8f63f076abab68fe25b4d31afec6e34cb96b6bb76b7659cc31c8bca9956368b23fe7a54ce5cb172ec73e2abba34275945cb953765bbb26ecbcdd8f5aa2be3ed4be3d7c4afd98be0768ff1163f14e87f18be1a6af696b77630eb0174af14ba5caa9821825810c17d33060046628e473c6e279af6cf817fb5ff0086be38f88e6f0e8d3fc51e12f18da5b7db2e7c3be23d265b0be8a10554c8a48314a99603744ee391d3359c6bc5be57a3febe47061b3bc355a8a8cef09b49a52eb7d55a4af177e9669bfe53c8347f1de91ff04d2f8d1aaf86bc4b7a9a3fc18f1d3dceb7e17bd9158c1e1ed4b996f34ac283849be69e0400658cb1a8638af58f831f15fc7ff1b3c683593e154f067c36481c5aaeb913aebfadb9c6c9840182d9c2392165dd2bf1948ebd4756d02c35e36a6facad2f7ec53add5bf9f0ac9f6799721644c83b5c64e1872326add11a4e2ec9e9dbfae82c2e5b568cf92352d493bc62959abebcae5afba9df96292d1d9bb24828a28ad8f6028a28a0028a28a0028a28a0028a28a0028a28a0028a28a002bc2b4dff00827ff82f598fc6775e3443e33f1078d75c6d667d667436b7ba76cf92ce1b49636f32dc5b4584468dc3125dbf8c8af75a2a2508cbe2573971382a188b7b78295af6beab5567a6db75dd74b6e7c6ff00b23fecedac7ed2bf0e741d77e26fc4af19f8db4af0bf893528adbc377a2d63b2371a76a9736d6f25d491c2b35d15104720595c8dfc907a57d9154b42f0de9fe17b69a1d36c6d34f86e2e25ba923b68562492691cbc9210a002cee4b31ea4924e493576a6952508dba9cf95e5d0c1d1505acacb9a576db6b45ac9b7b6caf65ad9051452330452490001924f415a9e90b4514500145145001451450014514500145145001451450014515e0dfb60fc6ed42d7c53e15f843e11d5e1d0fc75f137ce58b5495d53fb134e8866eaea20d8f32e769d90c6b93bdb79c2c6d5139a8abb397198b861a93ab3f249756dbb24bcdb692fbde899ee9657f06a56fe6db4d15c4459937c6e1d72ac55864770c083e8411529018104020f515e3be1cf14f877f671f14f803e0a781f417be97ec6f71710433855d0b4c40dbafae5c8259e59c85507e6964791b3f2b1af561e21b06d7db4a17d667544b7176d67e72fda1612c504a533bb6160577631904678a232befb861f131a89a935ccaca56d94ac9b49bb5ed7ff00349e8be49fd83ff67bd3bc3df193c73a27892faf75bd43e0aebb2e9be0ed32ef69b3f0f6917a9f6bb59e14030d3ba4cf0999b2cab6fb17680c0fd85505be976d697b717315bc115cddedf3e548c2bcdb4617711cb607033d054f4a953508f2a30caf2e860a87b08777af95ddafbed1b47d22924968145145687a2145145001451450014515f16ffc14a7fe0af67fe09e7f17743f0a8f87a3c5ff00db3a3aeabf6afeddfb079399a58bcbd9f67973feab3bb23ef631c64e55ab429479e6ec8f3735cdb0996e1de2f1b2e582695ecdeaf6d126cfb4a8afca2ff889d9bfe888affe161ffdc547fc44ecdff44457ff000b0ffee2ae5fed3c37f37e0cf97ff8895c39ff00411ff924ff00f913f5768afca2ff00889d9bfe888aff00e161ff00dc55f47ffc1353fe0ae6ff00f050ef8a7aff0086ff00e15e8f08a687a57f699bafeddfb7f9c7ce8e311ecfb3c5b7ef939c9fbb8c739aba78fa13928465abf267665fc7791e37110c261abf34e6ec972c95deaf76add0fb3a8a28aec3eb828a28a0028a28a0028a28a00a1e28f14e9be08f0e5f6b1ac5fda697a569b0b5c5ddddd4ab1436f1a8cb3bb3600007735f25f877c5f73ff0562d4b5582c353b8d0be016877a6c2fa0b6b86b7d63c6f32aab98e6da44969625594ed3b65995813b55863e96f8c3f037c2ff1f741b0d2bc5da5a6b5a569fa843a9a594b2badbcf345931f9d1a90b320273e5c819090a483815c27c5efd9ab5c8fe250f885f0b35ad2fc27e3696d92c755b6d42d1ee347f135bc7fea92ee38d95d658b24473c677aa92843290073d68cdbfeef55d5ff005dbafe7e0e6d87c5569256e6a2be28a7ef4fbf65cab4bc2e9cd5d3924b9659ff00b34f8935cf83ff0015f51f829e27d46e35f5d2b491ae784b5bb87df75a869026103dbdd1fe2b8b691e24327fcb549636386dd9f78af16f809fb3d78b74af8bbaa7c4bf899e20d235cf1adf698343b1b4d16d64b6d2742b0f344cf14224669257964547791c8276228002d7b4d5d14d475f97a1d794c2ac70fcb5134aef954be250bfba9eaf55af56d2e54db698514515a9e98514514005145140051451400514514005715f1e3f67bf09fed27e077d03c5ba5a5fdaac82e2d674730dde9b70bca5c5bccb878a553c86523d0e4120f2ff001dbf6aa9ff00674f18c27c43e06f155c780a4b55926f1669308d461d366dcdbd6e6d62cdc4712a843e72aba92c4103193df7c34f8a7e1bf8cbe11b6d7bc29aee95e22d1aec7eeaf34fb959e263dd495270c3ba9c107820567cd093707f71c12c46131329e0e6d37d62d6ebbd9a575e6aebcd347c99e12bcf197fc135fc49e2b93c51e1cf137c60d37c6b749269fe33d363375ae5d5cac6b0d9e99a9464fc8321638a78f116e932caacec6bde3f659f819aa7c3db1d5bc59e339adf50f897e39912ef5fb984ee86c55411069d6c4f4b7b7525477763248797e3d6a8a8850517be8b6f2ff33970593430f34d4dca11bf245fd96ef777de4f569395da4dabbbdc28a28adcf6428a28a0028a28a0028a28a002bf173fe0e50ff93b9f047fd8a11ffe96dd57ed1d7e2e7fc1ca1ff2773e08ff00b1423ffd2dbaaf3736ff00767ea8fce7c55ff927a7fe387fe94cfceaa28a2be54fe5d0afd43ff8367bc273b7c42f8a1ae988fd9934eb4b0593b6f32b3b2fe4aa6bf2f2bf73bfe0825f0525f84dfb2e6a17573198eef5eb886eae14ae0ab946700fa111bc408f55ad709552c651a4b7937f728b6ff4fbcfbff0cb072ad9fd19ada1cd27ff0080b4bf33eeaa28a2bedcfea90a28a2800a28a2800a28a2800a28a28012491618d9dd9551465989c003d4d7cdbf123fe0a0b26b579ab69df057c17a97c62bff000f079357bfd3e75b7d16c446373c0b76d95b8ba2a3090c3bbe661b99706bb1fda2bf6464fda8bc4905b78a7c61e255f87c967e55cf84b4c97ec106a971b9b325cdc4644d247b4a01082abb93712d9c0f1efd97ff006d3f875fb2e784356f849e3ff15683e1bbff00851792e8569a8cb18b4b2d7ad225478a488aa88dae96296359e24cb89431c10e2b96ad492972b7cabbff005b7ccf9accf1f5e15950a935429cae9546e2db695ecafeec55b54e576ecd24aeaff52fc2df899a37c65f875a2f8abc3f76b7ba2ebf691deda4c060b238ce187f0b0e4329e558107915bd5e01ff0004ed86e6e7e17f8c3588b4cd4346f0b789fc67a9eb5e15b3bc81ada58f4c9da3612792c034492cff006999508042cca70335eff5b5293941499ec65b8996230b4eb4d6b25f2eaaeafad9daebc9a0a28a2b43b428a28a0028a28a002b9df8aff13b4df835f0ff0052f136b11ea72697a4a2c973f60b09afa7442eaa5c4512b3b2aeedcc403b55589e01ae8a8a4ef6d08a8a4e2d41d9f476bd9fa697f4b9f3e7c73fdafb48f1c7ecf7672fc23f13691e21f127c45be8fc33e1ab9b19c4c2d2ee75264b89141dc9f6681659d958023ca00819aaba77fc1337c11f0fb4fd16e3e1d6a7e21f865e27d16cedecdb5af0fdc2c6dabac4a1737d6eead6f765b04b348858939dd5adf197fe09ede06f891e3d8fc71e1efb6fc38f8936acd25bf8a3c37b2dae5dd8107ed111530dcab03861221257237015defc02d2be22685e15bbb2f891ab78675fd4ed6e8c765a9e8f69259fdbed822ed927858b2c7316de0ac6c5300118ce0732a6e53fdeabf66bfaba67cec30556be29ff0069d252d1284a3f0ab6adead4e1293ed7d124a5d1f743a514515d47d285145140051451400514514005145140057e2e7fc1ca1ff2773e08ff00b1423ffd2dbaafda3afc5cff0083943fe4ee7c11ff0062847ffa5b755e6e6dfeecfd51f9cf8abff24f4ffc70ff00d299f9d54515dafc0af80faefed01e348f48d1a12234c35dde3a9f26ca3cfde63ebd70bd58fe247c856ad4e8d3756abb456adb3f9869529d59aa74d5dbd91d7fec59fb3b4bf1cfe27c57179016f0e686eb717ecc3e49d81ca41efb88e7d141e848afdfefd8b7c2dff08cfc01d2dd93649aa4b2deb8c7f79b6a9fc5110fe35f027c08f81b61f0dfc3ba3783bc39013e64c902bb0fde5dcf210a64723ab31c7d0600c0000fd44f0d6830f85bc3b61a65b0c5be9f6f1db47c63e5450a3f415e5f0562a59a66b5b30b5a9d38f247fede776fd5a5f7591fd09e18e44b08ea5697c4959bf37d3e497e25da28a2bf553f600a28a2800a28a2800a28a2800a28a28011c1284290ac47048ce0d79dfece7fb3e59fc0cf835a4786af278bc41a94134ba96a7a9dc4037ea5a94f2bcd717441ce0b4b2391c92abb4678af45ae5be327c67f0f7c03f01dc7893c4f773d9e956d24709682d26bb9649246091c691c4acecccc428007522a64a2bde97439abc2845fd66b5972a7abd92766fcba2d7e4753457ce1ff000bbbe387ed0bfbbf87de01b7f867a04dc0f1178f949bf753c16834a85b7861d47da258c1eebdabd67e04fc2fd6fe15f84ae2d3c45e38d7bc7dabdf5d35e5cea3a9c305b8466555f2e08614558a11b3213e6c1663b8e6a635399e89dbbff5a9861b305889da9425c9fccd72af9295a4efdd452f3676d45145687a014514500145145001451450014514500145145001451450014514500145145001451589e24f893a0784037f696b1a7da3af58de61e67fdf03e63f95635f114a8c3da56928aeeda4bef6d1329c62af27636ebf173fe0e50ff93b9f047fd8a11ffe96dd57e9d78d3f6d6d0747478f46b3bbd5a61c2c8e3c887ebcfcc7e9b47d6be59f8e034ef8f9f166cfc6be22d1748b9d7b4cb35b0b198c1b859c2b23c80206270dba463bbef738ce381f9e71278819451a2e8d09fb59f68edf393d3eeb9f01c76a966596cb01466b99ca2efab4926dbff807e6afecdfff0004ff00f13fc647b7d4f5c49fc35e1c7c3f9b3262eaed7fe99467a023f8db8e720374afbb7e1afc28d07e0df84e2d1bc3d61158d94477363e69277c0cbbb1e598e3a9f60300003ad9aab346d34811159dd982a803249f415f8b66fc418bcca56a8ed1e915b7cfbbf5f9247e7580c8f0d808feed5e4f793dfe5d9792fc4f5dfd883e1c1f177c593abcc9bacfc3d1f9d9238699c158c7e1f337d5057d975c0fecd9f09ffe1517c2eb3b19902ea5787ed77c7b89580f93fe02a02fa6413debbeafe86e0ac95e599542954569cbde97abe9f2565eb73f6be1fcb9e0f0718497bd2d5fabe9f2565f78514566f893c61a5783ed3cfd5350b4b18cf4334814b7d0753f857d455ab0a50752a49452ddb692fbdd91ed3924aecd2a2bc8bc51fb61e81a63b47a5da5e6ace3a39fdc447f1605bff1dae2757fdaebc47a9122d2df4eb043d0ac66471f8b1c7fe3b5f1598788d90e11b8fb6e76bf91397e3a2fc59c92c7d14ec9dfd0fa4e8af932efe3778b35572d2eb97aa5ba88984407fdf005571e3fd7ae31e66b7abc9fef5e487fad7cb56f1930117fbbc3cdfab8aff32a38a8cb647d77457907ecabab5d6a926bc6e6e6e2e4a0b7dbe6c85f6e7cdce335ebf5fa3f0e6751cdb2fa798421c8a77d1bbdacdadd7a1d29dd5c28a28af6c614514500145782fed21e2df15fc4df8e7a07c1ef06ebd73e10fb76932f88fc4fafda2235f5969cb30822b7b4de195679e52e3cc20f9690b100b118c8d73f60ed47e1ce8d36b3f0bfe247c47d37c6d6686780ebfe24bad6b4bd6a55e7cabdb7b86652927dd2f16c74ddb94f1838baaeef9637b7f5a1e4d4ccab73cd61e8b9c60ecdf325aa49b514fe26aeafac55f44ee7d2345711fb377c6883f688f815e18f1a416afa79d7ac9669ecddb73595c29293c04f731caae99efb735dbd6b1926ae8f468d6855a71ab4dde3249af46ae828a28a66a14514500794fed35f1cb5ef87179e15f0b78274ad3759f1ef8eeea6b7d2a2d4a678b4fb28608fcdb9bcb96405cc512941b53e6779514119cd79dcdfb6178b3f65bf1cd8e8ff00b4149e05b0d23c436b3cda2f897c36b771db4b710ec2f652daca64944ccae1a3f2d9f7ed650b9e2b43f689d2fe24784ff6b3f0c78ffc2df0f1be22687a27856f747fb2dbebb6ba75d5a5c5d5d5bcb24a8b7042bfeeed635fbc3ef1f4af33f89dfb565eeaff00b4b7c31f11f8bbe0efc63f0a787fc0d6fabdc5f5c4fe196d5218ef278a082dca3d8b4e0a88dae4963820edc039ae2ab51a937769df4d1dadf77ea7c76639854a55a7375250929c6314e32f66e3eea72768352de4efce9ae556b6b7fa8fe087c5d9be35f862e759ff00845fc4de17b0fb5343609aeda8b4bbd4210887ed220c9789199982aca15cec24aa8233d9d637c3cf881a5fc54f04e9be21d1269ee34ad5a113db4935acb6b23212465a29556443c1e1941ad9aeb8ecb5b9f57866dd28b72e7d37b257f3b2d2ddbc828a28aa360a28a280382f8c3f18e6f8617d650c56315dfdae36725e42bb7040ec2b85bafdadf53507cbd22c54ff00b523b7f854ff00b59ffc87347ffae127fe842bc727ef5fce7c6bc699d60f3aaf84c2e21c6116ac928e9eec5ff2b7bb39ab4e4b63d22fbf6b7f11ba91159e9117bf952311f9be3f4ac1d57f69df18de2909a8c36c0ffcf2b68ff9b026b8b9bbd549ebe3aaf18e795749e2e7f295bf248f2abe22a7f3334fc43f143c45e234297bad6a53c67ac6676087fe02303f4ae5a739ab735549ebc7ad8aad5e5cf5e6e4fbb6dfe6d9e16265293bc9dca92d549aadcb5526a2278b5ca9357b8fec67f021fc4dafa78b35387fe25ba749fe828e38b89c7f1ffba87ff1ec7f748ae53f67ef80379f19bc44249964b7d0acdc7daee00c193a1f290f7623a9fe10727b03f68e93a4db683a65bd959c11db5adac6228a241854503000afd6bc3be10962aac734c5c7f771778a7f6a4baff853fbdf9267adc3f92bad5162ab2f756cbbbefe8bf17e858acef14f8b74df04e8f25feab790d95a45d5e43d4fa01d58fb0e6b03e32fc67d2fe0d7877ed7787cfbc9f2b6b66ad87b86fe8a3bb76f7240af8ffe23fc55d63e2c6bc6fb55b8dc109105ba64436ca7b28fe64f271c9afd078bb8e30d93af614973d77f67a47ce4ff0024b57e4b53e9b33ce69e17f771d67dbb7aff0091eb5f13ff006cdbed61e5b4f0cc274fb6e54ddcca1a77f755e5507d727e95e3f7dabdd6b97cf757b733dddcc9cbcb3485ddbea4f35990f5ab70d7f3ce75c418fcd2a7b4c6d472ecb68af48ad17e2fccf989632b6225cd5657fcbee2dc3d6adc1c62aa43d6adc1c62bc091e8502dc3daadc1daaa43daadc1dab091ecd03daff647fbfe20fa5bff00ed5af67af18fd91feff883e96fff00b56bd9ebfaafc34ff92730ff00f6ff00fe9723d586c1451457dd94145145007817ed21a6eb9f05be3e787be31e89a0ea9e2ad2a0d1e5f0c78af4cd2e1fb46a0964d32dc5bde5bc23994c328903c6b9629392a094c564ebdff0531f07f8bf499b4ef855a77893e2578e2e90c763a3d9e877b6b1c131e15af279e28e3b6895b1bd9d81033804d7d274562e9caef95dafe5f91e454cbf10a73786abc919bbb5caa4d36926e2eead7b27aa924f55d51e77fb26fc149ff677fd9dbc2be0fbcbc4d4752d2ad59f50ba40425c5e4d23cf70e9900ec334b215c8ce315e894515a462a2945743d1c3d0851a51a34d5a31492f44ac14514551b051451400515e45f163e297c63f0df8e2eac7c1ff00097c3fe28d0e354306a97be355d31e625017060fb24a576b12b9dc738cf19c571be24fdac7e2dfc1ad1e6f10fc43f82f6367e0dd3d7ced5751f0df8ad757bad26dc7dfb87b57b685a48d07ccde5b165504ed38aca55a2b7bfdccf2eb66f42936aa29a4b77c93e556eb7b5ade7b5b5d8fa3e8a834bd52df5bd32daf6ce78ae6d2f2259e09a36dc92a300caca7b820820fbd4f5a9e9a69aba0a28a281851451401e1ff00b59ffc87347ffae127fe842bc727ef5ec7fb59ff00c87347ff00ae127fe842bc727ef5fc97e21ffc9458af55ff00a4c4e4ae559bbd549eadcddeaa4f5f2313c6ae549aaa4f574c6d34815159998e0003249f6aecfc19fb3478afc6ee8ff613a5da37267bdcc5c7b27de3edc63debd4cbb2cc5e36a7b2c25394df926fef7b2f9b47972a33a8f969abb3cd25af56f827fb276a5f10248751d6c4da5e8d90ea846db8bb1fec83f754ff0078fe00f51ed3f0bbf65ef0f7c3b68aeae231ac6a698227b841b233ea91f207d4e48ec457a557ecfc31e1772496233869f5504f4ffb79f5f45a7767a183e1f57e7c56be5fe6ff0045f794f40f0fd9785b47834fd3ada2b4b3b55d914518c2a8fea7b9279279ac6f8aff001434ff00847e0e9f57d40eedbfbbb7801c3dcca41da83f2c93d8026ba39a64b685e49195238d4b3331c0503a927d2be1afda37e33cbf193e20cb34323ff63e9e4c16119c80573cc847ab919fa051dabedb8c388e1926017b14bda4bdd82e8acb7b768ae9decbb9db9de691c061d727c4f48afd7d17e76460f8ebc7da97c4bf145c6adaa4c65b89cfcaa3ee4299e1107651fe24f249aa10ff005aa90d5b87fad7f31e22b54ad51d5ab272949ddb7bb6cfcee9ce53939cdddb2dc3d6adc3556da369640aa0b331c00064935dbf85be04f8bbc5015ad743bd48dba4970a205c7a82f8c8fa66a70d81c4e2a5c986a729bed14dfe49fe87b385a739bb4137e873b0f5ab70718af57d03f632d72e5035fea7a75967f8630d330fafdd1f9135d5699fb1a69d6ea3ed5addecc4753142b17f32d5f4d87f0ef882babac3f2afef4a31fc2edfe07d0e1f035fac6c784c3daadc1dabe86b3fd943c2f6a06e93559c8fefcea3ff0041515a16ff00b36f84a0033633c98eed7327f422bd2878499e497bce9aff00b7aff944f56961a71dce53f647fbfe20fa5bff00ed5af67ac4f077c3bd23c05f68fecab536c6eb6f9a4caefbb6e71f789c7de3d3d6b6ebf72e10c9eb65594d2c0e21a728f35edaad64df54bbf63ba2acac1451457d294145145006478f759d53c3be0dd4afb44d15bc45ab5ac0d25a698b751da9bd90748c4b27c899f56e057ce0bfb6a7c6bbbf8aefe0b83f67ab18b5f4d2575b315dfc41b58d3ecc663086df1db4833bd48da39ef5f4a78cfc5769e03f07eadae5f8b8363a359cd7d73f6781e797cb890bb6c8d01676c29c2a8249c000935f26cbf117e27f867f682d3be39788fe19eb36fe06d4b449bc33fd83a5dbbea1e26d26d8cf1dcc17f776f1920ee65915a08773c2aea58b1dc179abc9a6acdaf4eddf667cee775ea539d3f675671d57372c534a1769c9b7095acecbeff75d9b5e95f08ff696f88fabfed1961e03f883f0ef41f070d67c3f7bae585c69fe253ab3486d6e2d2278dc7d9e20b91740e413f77a57bd57ce1f07fc45aa7ed3bfb5cd9fc45b7f0c78a3c35e09f06f862f343d3e7f1069d269b77ad5e5edcdb4b2bc76f201208238ed106f755dcd21c02149afa3eae8b6d3bbbeba7f5a1d993d49ce94e529b9c799f2ca4acdc7ddd7e18e97e6b3b2baf930a28a2b63d60a28a2803c8fe31fedddf09be0078d64f0e78bbc636ba3eb714493b5a1b4b99a408e32adfbb8d8723debccfe2e7fc1423c17f19be196bde14f85b69e23f88fe2ff0011e9f3e99616165a05ec56b1c9346d1896e6e2689218a052d97667ce01c035f545158ca151dd5d5bd3fe09e4e270b8eabcd05563184aeb4837249e9bb9daf66f5e5b791cc7c12f00c9f0a3e0c7847c2d35c0bb9bc35a2d9e94f38ce266820488bf3cf2573f8d74f4515aa565647a74a9c69c1538ec924bd12497e0828a28a65851451401e6bf1dbe136a9f11b52d3e5d3dad156d62647f3a42a72483c601ae162fd947c43707f7977a4c23febabb1fd13fad7d09457c3669e1de4f9863278ec52939cf576934b64b64bcbb912a6a5b9e1563fb1e5c4ae0ddeb90c6bdc436c5c9fc4b0ae9347fd927c316255aee4d475061d43cc2343f82007f5af51a2b7c1f87f90619de386527fde6e5f9bb7e067f55a5d518de19f87ba1f8380feccd2ecacdc0c798918f308f773f31fc4d6cd1457d650c3d2a1054e8c5462ba2492fb9246d18a8ab2560a28a2b619e2ffb6c7c573e07f86eba35ac9b350f111684ed3cc76e31e61ff81642fb866f4af8f60aef3f6a8f8887e22fc6bd5258e4df67a63ff67db63a6d8c90c47ae5cb9cfa115f337ed2ff00b5fe81fb38e966ddf6ea9e249d375be9b1be0a03d1e56fe04fd5bb0c648fe69e2dc757ceb3a9d3c3272517c914bb27abf9bbb6fb58fc6f89739a73c54ebd595a10d17cbf56eff81ea7e2ef1ce8ff000ebc3f36abaeea569a569f0637cf712045cf603b963d80c93d853bfe09f5f1c3c21fb71fed11ad78434d8f564d2f41d21f5592fc8587ed656786208884160a7cd277360f18c739afca6f8c1f1c3c4bf1d3c48da9f88b5192e9c13e45bae56ded14ff000c69d1474e79271c926bee8ff836bffe4eebc6ff00f62849ff00a5b6b5f51c39c078585684b30fde3bfc3f67f46ff05e47ca70ff00134b1d9de1f074e36a52959df76ad27f2d979f99fb09e0df85fe1ff0040a9a4e956968ca31e684dd337d5ce58fe75bf4515fb461f0d4a84152a11518ae8924bee491fd1b08460b960ac828a28ad8a0a28a2800a28a2800a28a2800a28a2800a2b03e285bf89eebc09a827832eb43b2f13154fb0cdac5bcb71628dbd4b798913a39053701b5860907b62bc5c7887f6a9f0dfcf73e18f819e298d7aad86b5a96952bfd04b04ca3fefa359cea72bb59fc91c389c72a125174e725de31e65f83bfe07d0f45799fc09f899f127c71ab5fdb78efe185bf8122b5855edeeedfc4d06b10de396c1401238dd7039cb2815e995519292ba3a30f5e35a0aa4134bcd38bfb9a4c28a28aa360a28a280313e247c46d13e10f80b56f13f88f50834ad0f43b67bbbdba949db0c6a32781c927a05009248001240af0cb1fdab3e3478cec975cf0d7ecf7793785e65f36d86b5e2cb6d2b59bd84f475b331bac448e424b2a31cf3b6b47fe0a3b0adbfc04d2355be4697c35e1cf17e83ac788e2dbb95f4c835185e7675fe244f9646078db1313d2bde6d2ee2bfb58a78258e682641247246c192452321811c104771584b9a53714ed63c6acebe23173c3c2aba6a0a2fdd51bc9cafade49fbaad6b25abbddec8e33e00fc7dd17f68af033eb3a445a8584f6775269da9e97a8c1f67bfd1ef23c79b6d711e4ed91720f04821958120835dbd7cfbfb3a5f5bebdfb70fc7cbfd15d25d0a28f41d3af6688ee864d62182e3ed2a08e3cc481ec91fb82aa0f2a40fa0aae949ca377fd58e9cb3113ad439aa3bb4e51bad13e5938dd7adbd2f7b6960a28a2b43d00a28a2800a28a2800a28a2800a28a2800ae7be2d78c07803e1a6b9ac642c9616723c59e864c6107e2e547e35d0d784ffc143bc756fe09fd9f666b99d6dedae6e95ae5d8e024312bccec7d818d6bc9cf718f099757c44778c5dbd5ab2fc5a3cfcd715f56c1d5af7b72c5bf9db4fc59f9d1fb59fed3f6bfb3b7827cd8cc777e24d5372e9f6ce7383de693bec527eac703d48fce2f12f896ff00c63af5dea9aa5dcd7da85f48659e795b2f231eff00e00700000715d2fc7ff8c377f1cfe29ea5e20b9de90ccfe559c2c73f66b7527cb4fae3938eaccc7bd7195f9c70ee490cbf0e9c97ef25ac9fe9e8bf1777d8fe3fce7349632b593f716cbf5f57f9057e8aff00c1b5ff00f2775e37ff00b1424ffd2db5afceaafd15ff00836bff00e4eebc6fff0062849ffa5b6b5f5b97ff00bcc3d7fccf5b80bfe4a1c27f8fff006d91fb47451457d81fd7414514500145145001451450014514500145145001457957c73f899f14fe1d78a6da5f08fc33d3fe207869ad55ae7ecfe238b4ed5609f7bee0914f188644d9b31fbd5624b0c7033c647ff052ef03785e4587e21685f103e145c13b4378a7c3b3c366edd0edbb804b6e47b9900fe5594ab422ed276f5ff3d8f36b66f84a3374ebcb92dd649a8bf4935cafff000247d1145794fec51f1075ef8bbfb3968be2ff0010dd3dcdcf8b67bcd62c95a148becba7cf752c965100a0642da9846e6cb1e4926bd5aae12e68a92ea75e17111af4615e0aca49357ecf55f859fcc28a28aa370a28a28020d534cb6d6f4db8b2bdb782eeceee268678268c4914d1b02ac8ca7865209041e0835f3eaffc137f41d1e36d3fc3bf11fe32f843c2a4fcbe1bd1bc52d169b021eb1c45e379e18ce4fc914aa067802be89ac0f117c56f0bf8435f8349d5bc49a0697aa5d45e7436777a84305c4d1e4aef58d98315c823206320d67521096b3febf23831b83c256b4b1515a689b76dfa5d4a2f5ed7b3ec43f08be0f786be03f806cbc31e12d26db46d134f0de55bc5962ccc77348eec4b3bb31259d896627249ae96a38af219ed44e92c6f095de24560548f5cf4c563780fe28786fe29da5f5c78675ed1fc416fa65db585dcba75dc7731dbdc2aab344cc8480e03a923a8c8aa56568a3a69fb2a4a346164ada2565a2ecbb25d9686ed1451546c1451450014514500145145001451450015f9bdff0007187c5f6f07fc15f0af872d6731dd788269d25456c1f23f7658ff00e39b7e8e6bf486bf1c3fe0e5ad67cefda17e1ce9f9e2dbc3b2dc633ff3d2e5d7ff0069d78f9ed3f6985e47b7346ff277fcd23e13c4ac4ca8f0f5771fb5cb1fbe5ff00fcd6a28a2be6cfe520afd15ff00836bff00e4eebc6fff0062849ffa5b6b5f9d55fa2bff0006d7ff00c9dd78dffec5093ff4b6d6bb32ff00f7987aff0099f5dc05ff00250e13fc7ffb6c8fda3a28a2bec0feba0a28a2800a28a2800a28a2800a28a2800a28ac0f1b7c55f0cfc35bbd2a0f11788346d0a5d72e0da69eb7f791dbfdb660a5bcb8f791b9b03a0e693696ac89d48c23cd3692f3d3f3b1bf5c37ed37e0ff00107c43fd9e3c6be1ff000a4b67078875ed1ae74db19aea431c5049346d1f984804fca18b0e3a815da5e5f41a75abcf7134504118cb492385451ea49e05637853e29f863c77aa5e58e87e23d0759bdd3955aeadec7508ae25b60c4852ea8c4a8241c640ce0fa52959ae57d4cb10a9d483a1395b9d35ba4f54d3b75bd9bd932cf817c1f67f0f7c13a3681a72797a7e8763069f6a9fdd8a28d6341ff7ca8ad5a28aa4ada2368c5462a31564b40a28a282828a28a002b9cf881f077c23f166de387c55e16f0e789a2881544d574d86f5501ea00915b00d7474cb8845cc0f1b1755914a928c5586463823907dc52693566454a709c5c66935d9a4d7e29afc0f872c7f627f855fb48fed4b7fa67853c13a4681f0cbe1d4b25a78965d237d95bf8ab57651ff0012e090b2a1b7b6560d3607cd2b247d15ebed0f03f80743f867e1ab7d1bc39a3e97a0e916836c365a7daa5b4110f644000fcab3be0dfc21d0be037c33d23c25e1bb56b5d234687ca883bef965624b3cb239e5e4772cecc7966627bd74f5951a2a1ad95dff00563caca729a5848babc915527acb952497f75592f756dd2eef26aef428a28ad8f6028a28a0028a28a0028a28a0028a28a002bcb7e39fec53f0aff697f125a6b1e3bf05691e26d4ec6d859c17177bf7c5087670836b018dcec7f1af52a2a6508c95a4ae6188c2d1c443d9d782947b349afb9a68f9e3fe1d39fb39ff00d126f0c7e52fff001747fc3a73f673ff00a24de18fca5ffe2ebe87a2b3fabd2fe55f723cff00f57f2bff00a06a7ff8047ff913e78ff874e7ece7ff00449bc31f94bffc5d76df033f629f857fb347892ef58f01f82748f0cea77d6c6ce7b8b4dfbe584b2b943b98f1b914fe15ea34538d0a69dd457dc8d68e4d97d19aa94a842325b3508a6bd1a570a28a2b53d20a28a2800a28a2800a28a2800a28a2800ac2f88df0bfc39f17fc2d3e89e2ad0b49f1169173feb2cf51b54b8858faed604061d88e47635bb4526935664ce119c5c26ae9ee9ea9fc99f0f7863f618f84bf03bf6a23e12f1a781f49f11f85fc71235d781f51d6da5bf8f4eb88e3ccda2b0999906114cb6e4ae593cd4258c633f607c3df847e14f847612daf853c31e1ef0c5b4fb7cc8749d3a1b28e4db9dbb96355071938cf4c9a87e2f7c20d0fe387831f42d7e0965b5fb4437904b04a61b8b3b886459229e1917e68e44750430f71d0907a7aca9518c1bb2479196e51470739aa54e2a37bc5a4b995f78b76bd93f85df67cbf650514515b1ec85145140051451400514514005145140051451400515f98ff00b476af7717fc1c3ff0bed56eae16d9f4db72d089088dbfd1af3aae715fa715851aded1c95be1763c5ca33858ea988a6a1cbec6a386f7bd9277db4df6d428a2bf323f6e1d5eeedffe0be3f02eda3bab88ede4d334e2f12c84237fa4dff519c1a2bd6f6514ed7bb4bef0cf738596d185670e6e69c21bdadcf2b5f67b76ea7e9bd1457e27fece7fb135bfedff00ff000509fda0741d67c63e25f0edb78735fd4ef206d3e40c5cb6a52c7b487e0003d2a7115e54dc6318ddcbcec72e7f9ed6cbea61e861e8fb59d6938a5cca3b479b7699fb61457e73ff00c43a9e15ff00a2b9f113f286beadfd84ff0062bd3ff616f853a9f8534df11eb5e278353d5a4d59ae753dbe6c6cf0c3179636f1b40841fab1a74ea5672b4e165eb734cbb30cd6b5750c5e1152859fbded232d7a2b28a7afe07b5d15f919ff000529f83edfb4a7fc16a3c23f0eee75dd5f43d37c4ba35a432cf632624876c57326554fcb92500e7d6bd6ff00e21d4f0aff00d15cf889f94358ac55594a51a70bd9db7b7e87930e26ccb1188af470383538d29b836eac6376927b38be8cfd18a2be56fd843fe0963a2fec27f12b56f12e9be37f14f89e6d5b4c3a635bea7e5f951299639378dbceecc607d09aa9ff0005c4bd9b4fff008268f8fa5b79a582559f4cc3c6c5587fc4c6d87515b3ab28d275271b357d2ffa9ecd4cd713432cab8fc651e49c2329722929691575ef256d7d343eb4a2be7cff008253dd4b7bff0004eff8512cd23cb2be8a0b3bb16663e6c9d49afa0eb5a73e68a9773d2c062beb385a789b5b9e3195bb5d276fc428af983fe0b37793587fc1347e27cd04b2432a4161b5e362acbff131b51c1153ff00c11d6ee5beff00826c7c2e9679649a57b4bbdceec599bfd3ae7a9359fb6fdf7b2b74bfe36383fb617f6b7f65727fcbbf69cd7fef72dad6f9dee7d31457e5effc1c9bafea9e1fb7f8252e917b7f65782f356689ed2678e4f300b12841520ee07a7bd7d01ff0493ff829047fb67fc3397c33e2a916cbe29f83e210ead6f22f94fa944a420bb54e30dbb0b2a81f2b907003a819c7191f6ee83d1f4f33cea3c5b8696755324aab96714b95b7a4af1e66bc9a5b2d6e93b6d63ec2a2bc27fe0a737325a7fc13f7e2dcb148f1489e1db82ae8c5594e07208af32ff82125f4fa8ffc1387c2d2dc4d2cf29d475205e472cc7fd2e4ee6b475ad5952b74b9e8cf3851cda195f27c54dcf9afda4a36b5bcef7b9f61d15f999ff072aead75a57c2cf8586d6e6e2d8beab7c18c52142dfb98bae2b621ff0083763c2b2c28dff0b73e218dca0f486b19626a7b4953a70bdadd6db9e462388f1ef31ad97e0709ed7d928b6dd450f8d5d68e2fb33f46e8af867f67aff821c7873f67bf8d9e1af1b5afc4bf1bead71e1abd5bd8eceec45e45c15cfcaf8e71cd7dcd5d14a5392f7e36f9dcf7b2bc4e36bd394b1b43d9493d129a9dd5b7ba4adae960a28a2b53d30a28a2800a28a2800a28a2800a28a2800a28a2800a28a2800a28a2803f2fff00692ff958b7e16ffd832dff00f496f2bf502bf2a7f6ccf1e68bf0c7fe0e01f875af788b55b0d1345d3b4ab692eafaf665860b7536f76a0b3b600192073dc8afbbbfe1e37f013fe8b17c39ff00c1edbfff00155e7616a4633a8a4d2f79fe48fcff0085f1f85a18acc635eac62fdbcb4728afb31eed1ed15f981fb73ffca7f7e047fd8334dffd29bfafd07f845fb4bfc3df8fd737d0f823c69e1af15cba62a3dda695a84774d6cae4852e109c0255b19f435f9f1fb73ffca7f7e047fd8334dffd29bfaac7493a7169fda8fe66dc6b5e9d5cbf0f529494a2ebd1d534d7f13ba6d7e27e9fd7e247eccbfb6e1fd887fe0a23fb436ae3c13aff008dff00b6fc41aa59fd9f4a387b6dba9cafbdbe56e0f4afdb7afcc0ff00823aff00ca50ff006a3ffb09ea3ffa7696963549d4a4a2eceeff00232e33a55aae3f2da787a9ece6ea4ed2b295bf76fa3d19d5ff00c3ff009bfe880fc48ffbefff00b557dc3fb3c7c5ff00f85fbf04fc37e323a3dee81ff090d9addff675e7fafb4c92363f039e3d075aece8ae9a54ea45de73bfc923e932bc066342a3963315ed535a2f671859df7ba6efdac7e42ffc14a7c6be2df875ff0005baf076b5e04f0f47e2bf16d868b68fa6e92f9db7ae62ba52a7041e10b1ea3eed7b57fc37cfedadff0046c9a77e737ff1eaf39fdb33c79a2fc31ff83807e1d6bde22d56c344d174ed2ada4babebd996182dd4dbdda82ced8006481cf722beeeff00878dfc04ff00a2c5f0e7ff0007b6ff00fc5579d4a37a953f79cbef3ede5dcfcff2aa0a78ecc1bc7cb0ff00bf97baa54d5fdd8ebefabf969a6843fb0b7c65f8adf1abe1deafa87c5bf0041f0f75bb5d44dbd9d9445b1736fe52379bf33b1fbecebd7f86bcd3fe0b9fff0028c9f1ff00fd77d2ff00f4e36d5ee7f0bbf6bcf85bf1b7c4e745f07fc41f08f89b5710b5c7d8f4dd522b99bcb52033ed5627032327dc57867fc173ff00e5193e3fff00aefa5ffe9c6dabb2b5bead24a57d1ebff0c7d6e6ee3feaee2631adedad4a6b9ef16dbb3df974bebd0ecffe093dff0028e8f84dff006051ff00a364afa1abe24ff8269fedc9f073e1bfec25f0cf43d7fe27f81f46d674dd2445776579ac410cf6efe639dae8cd90704707d6bde74dff0082857c0bd635182d2d7e2e7c3eb8baba91618628f5cb76795d880aa006e4924002ab0f5a9fb28ae65b2eabb7a9d190e6b818e5b8683ad04f920adcf1bdf963a5b98f3eff0082d2ff00ca327e28ff00d70b0ffd395ad4ff00f046aff94687c2cffaf3bbff00d2fb9a83fe0b4bff0028c9f8a3ff005c2c3ff4e56b53ff00c11abfe51a1f0b3febceefff004bee6b3ff98cff00b77f53817fc95dff0072dffb94f96ffe0e40ff009097c04ffb09ea7fcec2b4bfe0ac3fb17f893f672f8af6bfb52fc1457d3b5dd0a7fb6789ec6d932920e8f79e58fbd1ba92b70bdd5b7ffcf46acdff0083903fe425f013fec27a9ff3b0afd3cbbb48afed658278a39e09d0c7247228649148c1520f0411c60d63ec155ad562f7f76cfb3b1e2bc9296699b66987a8f9649d17192de12507692f47bf75747c4df16bf6cff0dfedcdff00047ff89be30d0992daf57c39716dac698d26e974abb0a0b467d50fde46c7cca4742081abff000418ff00946d7857fec23a97fe95c95f0e7fc14d7f647f15ff00c1337c65e2cd6fe1c34abf07fe2fd8cda36a16382f069b2480b0b671db69cbc0fd400e872036ff00b8ff00e0831ff28daf0aff00d84752ff00d2b92a30f5272c528d45ef28b4fcf5dfe673e459862f11c4d0a1984396b52a338cbb4bdf8b538f9496be4eebd3c33fe0e65ff9255f0abfec2d7dff00a262aea20fdbe3f6d458502feccba7950a00399b91ff007fab97ff0083997fe4957c2aff00b0b5f7fe898abecfb6ff00828cfc055b68c1f8c3f0e810a011fdbb6fe9fef5371be26a7bfcbb76ede65ce8a9f11e3ef8c787d28ece0b9bdd7fcfdbcbbea703fb0dfed39fb42fc69f8b1a8e97f16be0f5afc3ef0edbe9325d5b6a31193335d89a15587e6918731bcadd3fe59f5afaaabc8fc3dfb7d7c12f16ebf63a5697f15bc03a86a7a9dc4769696b06b50492dccd230448d1436599988000ea4d7ae57a146dcb6e6e6f3d3f43efb26e48d0f671c4fb769bbc9b837aec9f269a74ea1451456c7ac145145001451450014514500145145001451450014514500145145007857ed0bff04d3f827fb557c423e2af1ef82bfb7b5e36d1d99bafed7bfb5fdd2676aec86744e371e76e79eb5c37fc3907f65eff00a263ff00971eadff00c955f575158cb0d4a4eee2afe878f5b8772aad51d5ab86a7293d5b708b6df76ec7917ecc9fb08fc29fd8e6ff0057baf871e15ff84727d7a38a2be6fed3bcbcf3d632c506279640b82edf7719cf39abbe3afd8cbe1afc4af8ff00a0fc52d6fc37f6df1df86628e1d3753fed0ba8fecc91b48e83ca49444d8695cfcc873bb9e831ea14552a5051e54958ea8e57838d18e1e34a2a117751e5564d3ba695ac9a7adfbea15e5ff077f632f86bf007e28f8a7c69e11f0dff0064f897c692c936b379fda1753fdb1e498cce764b2b2266462df22ae3381c715ea145538a6d36b637ab86a35270a95209ca0ef16d26d36ad75d9db4d3a051451546e7857ed0bff04d3f827fb557c423e2af1ef82bfb7b5e36d1d99bafed7bfb5fdd2676aec86744e371e76e79eb5c37fc3907f65eff00a263ff00971eadff00c955f575158cb0d4a4eee2afe878f5b8772aad51d5ab86a7293d5b708b6df76ec785fecf1ff04d6f829fb29fc413e29f00f82ffb075e36b2597dabfb5efeebf74e54b2ec9a774e4aaf3b73c75af46f8e9f023c29fb4a7c32d43c1be36d2bfb6bc37aa344d7567f699adbcd3148b2a7cf0ba38c3a29e186718391915d751551a5051e4495bb1d5472cc1d1a0f0b4a94634ddef1514a2efbdd6daf5ee7ca3ff0e41fd97bfe898ffe5c7ab7ff002555bd0bfe08b9fb34786b5cb3d4acbe1af917ba7ce9736f27fc243aab7972230656c1b920e080704115f51d151f55a3fc8bee470ae18c9d3bac253ffc023fe472df1a7e0b7867f687f863aa7837c63a6ff6c786f5a58d6f6cfed12dbf9c1244957e78995d70e8a7e561d31d3229df06be0df86ff67df867a5783fc21a6ff64787344478ecad3ed12dc792af2348c37cacced97763f331ebe95d3d15af2ae6e6b6a7abf56a3edbeb1c8b9ed6e6b2bdaf7b5f7b5f5b773cbff690fd8cbe1afed732e80ff10fc37ff090378625966d30ff00685d5a7d99e4f2f79fdc4a9bb3e547f7b38dbc63273ea1451428a4db4b5614f0d4615255a104a52b733495ddb4577d6cb6bec73df15be147877e38fc3cd57c29e2cd2adb5bf0f6b70982f2ce7dc1655c8230ca432b020156521948041040359df017f67ff08fecc7f0dad3c21e07d23fb13c3b6324b34169f6a9ae76348e5dcef99ddce5893cb71dabb2a28e48f3735b50785a2eb2c4382e74adcd657b6f6bef6bf43cc3f699fd8d7e1b7ed89a569563f11fc37ff091dae892c93d927f685d59f92ee02b1cc12465b2147dec8e2bc83fe1c83fb2f7fd131ffcb8f56ffe4aafaba8a89e1e949f34a29bf4387159165b89a8eb6230f09c9f59462de9e6d1f32f81ff00e08e9fb38fc38f1a68fe22d17e1d7d8b58d06f61d46c2e3fb7f5493c89e191648df6bdc956c3a8386041c7208afa6a8a2aa14a10d2092f43a30596e1307171c2528d34f57ca92bfad828a28ab3b428a28a0028a28a0028a28a0028a28a0028a28a0028a28a0028a28a0028a28a0028a28a002be77fdad7e386abf06ff69ef82cb6b6de2cd5b4ad563d785fe91a0c0d732df98edadcc4cd08601c46cccd93f7724d7d115c8f8bbe0c697e34f8b3e0ff00195d4f7f1ea7e094be8ec6289d04128bb8d2393cd054b1c08c6ddacb824e7359d58c9c6d1f2fcce0cca856ad479284ad2e68bbf92926fd74be9d763c67e107ed0faafc5bfdbe2fb4bfecdf1c786b42b5f0025d0d275eb46b2592e7fb44afda122dc413b084dfd7823b55cf190d77f693fdacfc4fe023e2cf11783fc23e00d174dbeb98340bc3617faedd5f35c9566b951e625bc496f8db1152cee77310a16bd697e0c696bf1e5be21fda2fff00b69f401e1d306f4fb2fd9c5c1b8dfb76eef3379233bb18fe1cf3583f18ff0065dd2fe2bf8d2c3c5565aef89fc15e30d3ad0e9f1eb9e1eb98a1b99ad4b6ff00b3cc93472c33441f2c1648db6b1254a927393a73e5b3d75f4ba3cc960317ec1c2a3e7fde39357e5e6874574ecbbdae93b59bd4e3be07ea7aff00c20fdaaf5af8557de27d63c63e1eb8f0cc5e29d22eb59985c6a5a57fa535b4b6b2ce0069a363b5e36932e36c8a4b0008f3efda0efb5df0c7c79f18ea5f11afbe35e91e028d6d9fc33ac781ae263a5e936cb6c9f687bd86d374c6513f9ac5e68a48bcbd98c00457be7c10fd9b746f821a8eb3aac7a96bde26f137888c7fda9af6bb74b737f789102228b28a91c7126e6db1c48880b31c649358ff00133f656baf887e20d5eeadfe287c50f0e69dafaedd4349d3750b57b4917cb11b088dc5bcb2db8651c8824419248009cd29539f25bcfbfe1e6655f2ec54b06a9a4eea4da8f3269277e58c9b6b992f2926afeeb7ca883f69cf1e3e9dfb0378ff00c4de17f105cdcbc1e02d4353d275bb69c09a5234f92486e92440a371f95c32803272315f3bfc34f8c3a3c5e33f8509f09be30f8afe24f88b5ad52cedfc51a1cdaf3f886ca2d39e226f2e262e1cda342406460e996c261b762beb2f117ecfbe1dd77f672bef8590c773a57852f3c3b2785d12ce4026b4b36b636c046ce186f58cf0583720120d755e1bd060f0b787ac74db62ed069f6f1db46cf82eca8a141380067039e0539d294a49deda7e37e9ff0004db1595e27118885472514a114dae66d494949f2fbc96a95af252ba76b1e49fb4b78c756f0e7c7df80b6161a8ded9d96bbe2abdb5d460865648ef625d1efe554900e1944888c01eea0f6ae63fe0a67e10bcd3ff00662f1c78ef48f16f8e3c37ae784fc3d717162ba36bd71636cd2202caf2451b0576c9c64f60057b0fc42f831a5fc4af1bf8275fbe9efe2bcf01ea536aba7a40e8b14d2cb6935ab2ca0a9257cb9dc80a54ee0a7246417fc74f83da67ed03f07bc47e09d667beb6d2bc5161269f752d93a25c471b8c128ceaca1bd32a47b554e9b929aefb7ddfe66b8ccbeb56a38aa7fcebdcd5ab3f6765b356f7b5fc487e0c7c2483e1268335bc1af78b75efb73aced2ebdaccfa9cb11da06d469492abdf038cd7ca5abfed973db7ed333fc461e3db04f871a6789d3e1ecbe1a3a944165b624c32eb5e56edc59352648f701ff1ef13b7439afb435dd11b59f0cde69b15edee9cd776af6c97768cab716a590a89232caca1d73904a91903208e2bcc6cff00617f85b67f0497c047c21a2cda40d1ff00b15ae65b285afe48cc5e5195a7d9b8cc412c64ebb8eea5569cda4a9e96fcfa19e6580c54e34e9609a8287bdab96b25f0ad1b76ddbbb69ded6d0a5ff0512f196adf0fbf62af885ace87a8de691ab69fa7092daf2d2568a681bce8c6558720e091c7ad7b4d79e7c47fd9c34cf8adfb35dcfc31d6b59f10dce997ba5c3a55c6a9e743fda732c6131333988c6656280b1f2f0493f28a6fc2af813ac7c36f12bea17ff14be22f8ca0781a1161ae1d33eccac4a9120fb35942fbc608197db863907822fdee7bdb4691d915898e33da725e128c57c4bdd69c9bd3aee95d6f63d168a28ad4f5028a28a0028a28a0028a28a0028a28a0028a28a0028a28a0028a28a0028a28a0028a28a0028a28a0028a28a0028a28a0028a28a0028a28a0028a28a0028a28a0028a28a0028a28a0028a28a0028a28a0028a28a0028a28a0028a28a0028a28a0028a28a0028a28a0028a28a0028a28a0028a28a0028a28a0028a28a0028a28a0028a28a0028a28a0028a28a0028a28a0028a28a0028a28a0028a28a0028a28a0028a28a0028a28a0028a28a0028a28a0028a28a0028a28a00fffd9656e6473747265616d0a656e646f626a0a34312030206f626a0a31383434310a656e646f626a0a362030206f626a0a3c3c0a2f54797065202f506167650a2f506172656e742033203020520a2f436f6e74656e7473203434203020520a2f5265736f7572636573203436203020520a2f416e6e6f7473203437203020520a2f4d65646961426f78205b30203020353935203834325d0a3e3e0a656e646f626a0a34362030206f626a0a3c3c0a2f436f6c6f725370616365203c3c0a2f504353702035203020520a2f435370202f4465766963655247420a2f43537067202f446576696365477261790a3e3e0a2f457874475374617465203c3c0a2f4753612034203020520a2f475374617465372037203020520a3e3e0a2f5061747465726e203c3c0a3e3e0a2f466f6e74203c3c0a2f463432203432203020520a2f463433203433203020520a3e3e0a2f584f626a656374203c3c0a2f496d3130203130203020520a2f496d3134203134203020520a2f496d3138203138203020520a2f496d3232203232203020520a2f496d3236203236203020520a2f496d3330203330203020520a2f496d3334203334203020520a2f496d3338203338203020520a2f496d3430203430203020520a3e3e0a3e3e0a656e646f626a0a34372030206f626a0a5b205d0a656e646f626a0a34342030206f626a0a3c3c0a2f4c656e677468203435203020520a2f46696c746572202f466c6174654465636f64650a3e3e0a73747265616d0a789ced5adb6e1b37107ddfafe073014bbc2d2f4051c0ba152dd0028605e4a1e883e1242d8238ad9b00fdfd726f1235472457b21c6d8b6e1cad76969c21e71c0e6768cfbfbf7f60bf7d66f3e5fd9fecb1bf2fef2bc178f877239874cc09cd1e9faa67f65cdd5577e1b3b93f577c666bde5d6d63fa1cba0c5a3bc1e7c74fd5bcb3577592fbe5cfc1d2df4cb21fc3ff9f82e403fbe5d7707bdb5b6a1a3d55b572b37a50fc317eb4ce04c1fedebcfebd7af30dfb34fd01dee8d96e38f1f7a04eab03c9c7566285ee271004f1ebe48b431dfffb25eb97e288636df0d82932ccb43ae4d0c9b43a768f96eb991c3a19fa68be2648cfc7bb7f79f8f2ce362a468d4038167e8c93cc0bc1fe7a57bd6fe07ff5d197463e280a039b997039db36144cd8996a2fcf6eba57c670951ccd4e651f0d65f3299bd1b3f90f4f8233b6faa373e508833e44d2330d6930d4b5f3820fe6e2e944468b06251f027d33dcde9e2bdbb301c897da913261471c4ce724a4063b871e942669a999c8052c2824436c6114f809cd29f40fbdf4120b03dee925998c170fa36385953573c1192156a8285674f944cef28bf380fcb4be62a09d79d55fc9ef27bbd5f54eddb974642fafceeb17227e0ce038e8b9a7fdf63e71a6bf92df4ff6490848d2d5cc687ee2f442c726a338aba391f6bc8e366c9de775f4648ea7d2f944df17c9be8f507ca61db7c64b358c423bc99d363ec41da719d9324e1c8812b28b638a371b6df3d94532cd69249ba968991dff7e30c511ed1b07f09d03e2c99f6974b1ade61b2d99d46cfb9eed2aafe6b67daaa469027d5839dbb7ecdb80a2f88e6d3f5442356f3b896c25662f505d937a2fd19d246a33424ddd35b13935a695444d2c747260c97712b997dc7612bd972c5a49348525b5b402bdeb56b2de06025c11c89080996340b649a75504004101f01447805153883cc543f08c124b95382a40259e2ab985260b4a9f25607ac604d18e9904c83203b20a73ee07bba1200b4e7c2004f541e76b47f189ba48da62451ddbad0445bd06cc8947a68856a1e90213946ee5d908304c05c2521d305f4f05b754b0a082251550178935156c8840f2e9334dab249e408a2378027c45b424842d84bccc1220309891b04500c7e93a9194c07d489a348056261d2b75d18fe5c5056b691a7b64ce279a8b240bca5492af11a3a4815ca31872c5f4c38756bb095a081fb085502a81005c8f7e74142d4fb33a08ed978851383d793b7d746a4ff2ee28e8422c47422ea89f80a1454fe21e7281602f17b48ac0487789e9c925e5c5aa9859e9e9b3c2b96472893b6031753c6779411758b320b0d46c4290cb0213826b83952bf7ea7dd9be82842655dac4923548a042fa6fd650f53e315a53cfa512bd28ed29972e72737cbfceec5e8a979617b498481290e3a81135092832c3255ac2f713ccb31808d86f233e6da86f716dc7e5286a6a934e0f2923718b839d34b1715edb0559ee787f38d81863053c80fc10ce8c805e1ad4d693f04a8e185673b2a2725579910790b660a4a299ce88da1fd3f969548639ba59371c77f4594aec58d8074130e2b074c47e0b9d8e84403862c5c88a319166403881d4a1ebb531cb2d062787c350dcc8b182840c1d980d59e0e9d57c1f65e0170799f08da7b4901cd02d0d56a982e3efb2957f01beb54ae30b451b85b39c74618ea54af82a2897b1588443766801433dfdb00d2b25602fad94544d28803ae8d13674c15a6a337d1ab974be7f068dce3919a556147401cf5f8e012d36c35fc3bcf29fa4b0bbea1f9fee5a48656e6473747265616d0a656e646f626a0a34352030206f626a0a313238300a656e646f626a0a34382030206f626a0a3c3c202f54797065202f466f6e7444657363726970746f720a2f466f6e744e616d65202f5157424141412b417269616c526567756c61720a2f466c6167732034200a2f466f6e7442426f78205b2d3539342e373236353632202d3239302e35323733343320313739302e3033393036203933302e313735373831205d0a2f4974616c6963416e676c652030200a2f417363656e74203635312e333637313837200a2f44657363656e74202d3138382e343736353632200a2f4361704865696768742030200a2f5374656d562036352e34323936383735200a2f466f6e7446696c6532203439203020520a3e3e20656e646f626a0a34392030206f626a0a3c3c0a2f4c656e67746831203137393038200a2f4c656e677468203532203020520a2f46696c746572202f466c6174654465636f64650a3e3e0a73747265616d0a789ced79097453d79df7bb4f92cd6682f1c6ce33365e4078936d79c7b22dd932b2656bb38d592c4b4f966c59125abc843d18308410421bc8c212080d2481068a93062799509a49d2a62493a6c9346993a69dd32c3393ce974efb4d072c79fef7bef72419484ebf9e33dff7cd39209e7497fffd2fbfff72eff5a3104551d3a81d9488a2b4fadc82c4c6f5233072009eae1ee7b0edd4d5c9bf40fb5f292af1653b6bb6daf6ab198a4a3a0763c57618881b4c7801fa9f423fdddeef1ffa8a493a4351c962e8ffdae9b698f75e3c30007d3cefe9370f79a8726a90a2525aa0cfb8ccfdecaafccfbf82be87a272eea344a25174889250d3248f496414851672bfa277291b3d779a849e1923a6f13ff1a754cee4556aa813b84c87873234d5325435c54c4e48de0bb522596c15fa413585262727294a9c2179094ba392281a1b2b810f581b4b51a9f1a9f1cbe10b51626a82115d9da896503729467c1544534760e50ac9382696c5cbe253938e5ca37f2e19bff1ef17f0ecabf0b5136645dcecabd7604605e3808b78378c4fc7e3a949a9e43927fa78e2f7f4c5608b64fc42a8ec42d086399c06ca2f80726634656ad26971fac409d1ca89f74523987af5f950dc05a03e067a2f15f8ca10884c43f1c7de10d1e36f4c8424e337778ab7df508977dcdc01b480bf6499c019786362f83e738dbe71ed5a3046321e7c8a5e7b43455f0e3651345537f98538535c45c553a9149530475e2c4b4e494e4a8c8d898d495b9699919098922c2b9017cb3332333261aceecce8eb1f1db8bfb22a30b8ffd3d1fd573ada4777af6d47a87dedeed1f60e3a01653c38800e1e0abeed1fac563c7810cdbe6eb5d96cefbed66345c8ca8276ab27bf105d0279ab419a3c99635e8499938fbc1044c1475690027329b130940652936248977c22baadfec13dcada2d5b2a2a5061c6e1d7354d99d9287569697663837e4bd78655abe22fce2a2db76f2d2c4229c9b90b47feaea951bab2b0c862ddf28ed3852a17f59596caf29595692919f919e98aea66555579f69294a4f4f4caaa9e79adb939282b5b9eb66871c2ccb4c2a5cb2a5777aed5b6ac949a8c1460b637e410a7820df3a82cb0225e9614d198289709ca65c68b12a3ac83d1bd674a1bd5f6517b4f71212a2b776fbab753d59013afd70d0e998c4867f4f9db3a420ec92bfb5bb3b354f5db761e3db37397b21e652c2f0fde149d79dbdc6db37ef0531bc0d8ebc43a8c421055900884484e28922589c0cfa3636363e27f79e79d9b49e28c9b1f01dae9935fd32b248f520b296a794a4c660cc1383ead48162f07b5d3e209aef2647ace82a6f2eee2e2e414343272f9f9e7d1cc692989d98b4f9d8c4788592acb7f92b61c40b1ced0030782df694a4e99351b21ac831a626711e0504029813fef15c185f85354c8f92f3693f3aae0c2248026252d4384a7e093026ac892c9125105dbb9bef7e2fa8d287d59796943a1f3433b9229477794572dba985222b7f7ecdf6b326467c64f9f3523ede5c5c9ddafb97372e72d40a8a4d8d1a36bcd5884769996a5990c7b9a15d599998971b3e72f4f9fd99f538956e678e679ea9519cbd15226af409d3bf8bf6ed6d455c8d127d90be313929667e534e4e5a15c694be520a0b60bb09547b27bd718c96e9a3a01391b84f139d46292b5424c82095047a0cf590c36a79ea0b31f6aee6b54af5a89d0c050e8a7a151b4f9a5166d4eaea66057689f641cc525e4cb3ad7395fdeb10b05cf8b10aa57eee8acad4e8ec3b8ae015c9700ae0ba974d0248507367e0e1765f189b15832060ca5f2b125da30be6a60e8c52f47f7eddff7f1fb7bf7a2892f6674b4efe9ae57053fa25be3e46da35bf526644a39d3b1f6d0412446331ffeee43874337e2975e5cb71e1515a28777d7f520a4d3e3cab41b54781da42710ebf9d88ee5fc189314bffb746571e1eab51bab6a6a2a72f2129688334e7996a7979dcd44cbd257777983bfc03cf64289fd8c58c0f1e0b32339094a1141287319e6b5f774e0e3ae562df873c65852726171835f6710671c7d6e59babc5423db12f4d17bfa4b8a53972275e35bc197b167a07a7c2acec0f8a7161154f0a7089c84238aab54c510daf1a2d55b7fb1b1459f917dcfccb199734ae4adadf5aaa58bd0d8b1b1f4b492a296423f7d3878f981fcfaacec15596ad53eba14d285d33b2603f496866d9763cd89fe5877ae4c111c48276d1907cade53f9065d5fa0a991d9fad67193f1329a333727b77293ba710cad945a9b56d72c5a2cce78b8392f07e517b48db7753c1fcca48f3bf372962c4248ad79327894fec150454556b6a6e9a1e08710017b263f17e37a9f882320350d0ce214c19f39100e3199a2189cb8a05f21a7055a7576cc7bc9dcd1562a07bcf6ee7de5955e1a15190e0fe0e2a20f0c1a4d50f8ff7c106566abd456d617fac3771f4627d091578d0710b2dbdefa078bc566c7b1770560d8030847ea0a3c57ae5fbf2eeab87e7de2ecf5eb80d26f80f0a6e42a358be886e3a2082325a36f8e291c7dfaa39b3c797ef1e6d595554bbfafb259bb604505644e2cacc8843a91949a31a53e2ce3eb03c1383196af09b1e2d809399d92ae6f79fc0f4683a669f3aea6667465eed62defbeb77973fa729df147a77372175fb8505d69e9eadaf663bfd7d6bb46dddcbc3fe16d97333070bec3605abff1c97db9057920dd34f97b7132482f11f61c21516362e55ccc14721119d683afe438626308dc19a6b1a56bd4ce6d1d6dadba2d324de2dc99be759da8b6cee150d5278ca50602df1f62adf242249359ef6b6840f71ff8e0dab61d68d7bc476beb5047dbae2dad5a84124ed015155b2d8a6a545333c28cb11659517b8775637373ce920d1b0f5eddbd07f97de0810580d51cf0fd0c2a8e9c518a908cd46a513ca28f0447e8e3df79fdf5b15011daf83dd10b138ddf0b9da2c5f4c3c13eb0d338f9993855f2148e1962a75cd87d88690970c2109130c236e1bdc0f84a5293c679dfdab5c8d87e7f9baa3ef3e983f487c11f6a771dbe3a32827c0ffce94db061c79cfdb00d759b9f7caca31da2a72a99fefa7c68a013eddef30f6f1eba8cd0260fe8ac01c94980703a550cf1132bc88c8915fc4a7c8a714ca0b911142324ac1004a29b97e7af6cec6dab36e515a0ea8debed97776c4365953df691df1e7c10a113a35f9ef7f4074b507666bd4abb49af6b6ddd7cafd124d6cfeecdd3a0bcd50383bfb6e4e58dec7977ffc0e0ead5e8ecf7d01674eeda3973f7c427eb8da695abd6759e3cdad1d6d601389901e164c959a8e310e1a95837d889d2b898348b9e7f6074ff9ae27bae8814d59b87f7896f5c38f0f07ffc253471e5a3f3fffb4fbfffdd71c80c1d64e77cb076299547d580bdb804654419ca9f52c86e08e30931918300363449c46dbb5143a877535131b8ffd5ab81002a2ceedf5bafdabde7971f8dec41a8b1a11bd5d5f6f5d4d5a05aa5cd5e5b578632d21b1af43b0d06646cbb6f87ce205a98d5b4a6efa4abdfbde9a46d4d53d62a73f7e82bdb77ecdcfea383dd5dc860afa9a9a9eeb2d4d5d6d476063b9b1a1ae09ca4d7eddc69321a0c38e38dbc352ba8b2a8b8e1d393df7b8a0a85dd3b7e8e70fc428591c319ae449e0bc95595ddbaeacaecac850b51f1fa8dce17b66d1bb9ef8d8343035595955583f79ebae074d13fd3197cc3ed1dc8a4dfba45a745fa39f7ca4be090a358edecdb346b5e5b61f1c8c82f3fd9378a344d071f0cfd31f4f95367dbdaba36888a1e837433771f3bd0d68120a1b0de06d03b1ef44ec155059f5ce1231c30e8f0f995e6b08f9fc385a4b1b8b0cf7e6aa0a3bdbc2c3515151639fa9ef8c5f0e171acce6693c160daba55bd9e7e0f899e38de66442827bfbd73fb7d1f8682c79f30b63df243743c746460686808d99163680039f650f464104edb1d90adb1d46c8a4a433294264a1525a48a707111d1b277e9f68f9f0d3e7eea43f4f5a3f5a98b0bf04902bd1caaa3d7a2232f0e3d703f4463ffe467922b92f7287ce3295a1e2f9c1f09e6534ec2e1a48a21e727aefcc78b3474ffa1a38f3cf1e17397d6ae5ddbfef4b95f9ddcb9bd519df15c6a7ec1da75ae3d5ddd6515a92575b53b771cde36345445af3e8f829f7a4bcbd1face8bcffdf283f1173bd7ca8a3ad77d37cf0d47a6e570eaada9d1ee3bf1f7bb46aa150815e496a0787e3fc7b795f9dc8988df8cf8dd5c3819ec1ddb7675a0ad2d63f95859456f8baa7ec912d872fef810cac9d5e91f0f6ea44fedadaa44592b550d5b822f81ff14a156d13fc35ebb9c2a821b6064fb2e22f61765f0274638abc6dc7a1b11d2c6f6dc0c59ad7f8bb2767edce073bf02c794c81d3d075fdafc14ca97f5bb9e78d53ff0985eb76d0bce94f6e12183a17d41ebf28282fc4ef9c503e8c4f14f8edeb7bd5e858eee98e8fd4b8fbda2c26410ad7cb7abab6bc3f51f5b2ce66e1c63aac9cf45bf01bb93a90ceec411738b67000c9418d9513014a212f6b51d8ebeb2f2a2c2bede5d5d6bd6e45e0e3226e3c0805e67306c1ed6b6ee3981ea55dbb69c39b16ba75299b5a29a9e0db7b1b9d7ad2ceaee7afdc31e1bc2b211f5089c45ee21a74d7cd644700a91a354401cc1d5ef11948e3a7353e6c32e80242f854ccf85dae116f8c7c3f5da63a209b809be75b348fce94d066ad591c949f197c005df554a23a7d6247e7b4be137dc4c94ca81cfc5197f9a251ffe447b84ce3867b39697ca643dbb1b5470aca9566cecbe3ff41d54b9b3440d81b32cbdbae678e857a87f4346edaa558b17a1152bd59afb4317e0acbb32a7738375a34e2fcbdcb071bbbdad232f0f8eec225d7cb24cd6a42e912725a09032d889a6cd5cbca8b8b0beb5aa7cc13cb03f0faaf438c92cb20be2fb319d105a2cde1f5a2889bb70e1c6bf034d6aa845f40738ad2c820a9019ae5b72244bc07025c810bfef6c4f2c5b55919e9e3227533c2bd47fede315694ba4ff3416722ad2f32b571b8b423d4f831b13962fecbb67b1382bf86860e7e641baefe69b17156bb3562090e3a5be1297895fc077eae5589778eece4ea3d026f4e033e8c1d0a6afd0e173f8f75cc80571e30ab5c4be2f799f5a4f05b89b1177f5e2829a248f5c262269ccdd7bf86bc3b2a8e416e313554cf83ac9ad9e2b2fe6fd374718c7e1274fbee5be051ff1be1a6d6b6b87c10017607dcbbdc35e538bb674d9e5434b92129614b66daaab319a9e7ee6fa3fffe85a6f5f9fe3ad9ffc19c55cbad8f1bc6ccbd6679efdfa93975e1e19a9352076f877bf418aff78e3359ff9672ffc52b9429a303b94a2a836ca575796c997a7d7d69915f2b2c2e2a5cc936b56e522b848389d3b4f9c3ad9a245ab72d73d1e341fb867614222aad28eee3ef4d4e187dadafa5d3f7bfbcb3f5fba643041116fdfe6e8775529506989dffbf02bbffad3c7e89e438790d5f693efff34f4c96fdf42494999f350d33e4d134269a93535366bcfe89a3568696a43438f1de7c7387ceda5ae935b1a9c51c7af93b3a9166e085f4155498bba392544f2359687195f3971b8882a2e2d1918fa3ede694b4b03befde7ddfdcc730baa141dfbb08e7add482f5488dd293fecb13f7810cd38bf73a7a2baade38985bdf26273f77bffd8d58d14d5b84e9c989c94ac25e7f5e524c784eb4ef8389bb93cb5606a3e9d40fff9ecda6d1dbef2d2cccccaaafa46d63e12ba844a1fd2b71628219dd634f569cf877e26194f5aacb11c7df4b5b33b771a4cb905903817162e2850067c677fbf75f38a25b0039d0eb5a032725b4de04eec48ced5237c2bc291b7672c645f56c4c8172e1c93298e368abf7cf7ddffdcfce86c38461c16afbbf9c4df6b5884637c146afc5f227f3782ad0c2a4d6cfce8187ae6cb502f7af593d0a9ed92f18997d1c5d040d04a2fbd37d409abb2214b2fc2aa59d80ba8588e1315c5a62665d3ffa6554fbc2d5e30f1930ed1b931d1b3d6c60b1726627b2e005a0d2107dce2aab8db0d8ae74f86f1857c72147135551e7530174957ac6932bc32baafa4b8cfb1ed35efe960aac938ecd3eb505b4720d0aa0f39e869e59999e891a328f6e48eed35d5e8a983376a4517de66ed5054df7ccfd98b2cf8af4f8010bd03f65ab28fa515c9f85d46b8dfa624e183f60f4e9e4489f36bab0735eb1696e6eb53d3d03bef881e3bb0a9b748255d39f7f80cb42cadabfbc0840df84d87dd5f45ceea542a00466ab40cd18ae09b3f475b5731cb56a103af07af4169fec71d9ea12171f60d158e5c057a91eea5fb71e4e2f3a782ce462f3eff3c9ea1263fa74b413f9849c20e78fa50a87dbee45f6f24e239fc7cfabb157b37de53f167fc47db5bffe1482055075131e1415823290e6d430949c649e3e4b3b11f104ed1ffe4313024f65147e852ea55f13f51e72426eab4e40dea18f429f83d037375628a5a0dbf7bd11bd4288ca743bb11dabb80f604b4d7d0cf50bbf13c3cbb629e21bf7b80ee0afcfe069e0a784cf02c80c7084f133c6678f47cdf28314d06634aa97e9e470d3c2ae0f308f03f023ae581fc54f179ca3b6d29e506bee3d06f01dd4ea037264f437b1468b2614d03cc25c09ae9a08f02eb0fff9220caf22825b50eaab897da47fd08c29a4543e82c9d402fa5f5f4617a8cfe54344764103d247a52f4b2e8a65827768bcf4b449234c97ec96731d9318d31c7625e8f9d176b8a1d8efd20f68b698ba6154efb6cdad7d3a5d37ba71f9cfef4f41fcfa06664cda89dd132630341574e0d600f72e8dff6af8cfe3b8ae2e6e9056444442867901e6ed3d46c3a9d6f8ba83aba806f8ba36824d43c7a806fc700fd41be1d4b59e9637c7b1ad83d9b6f4fa7f68b045971b3c5a2fd826e282efe20df469464eee37c9ba662e73ec1b745d4b2b967f9b6388a4642cd9afb13be1d03f4eff3ed582a7feeaff9f6346a5efcc37c7b3aa54c88e3db71b174820e3823b10864cd5a60206d09b4e72ce822ed1832ee21ed5832be85b4a791f601d286fca3972c38c6b7390cb9368721d7e630e4dae2281a0e43aecd61c8b563a9ee45e37c9bc3906b731872edb8d9898b1791f68c28fd6762dd56e691f6aca8f1d9b8bdb29ab4e760dd566a483b01da7357ae25edc428fa24c2c749dac951e3f3c95a0e878584663f692f8ea2591ad54e27f48f91f60ad23e47daab48fb05dc9e16a5ffb42859b3a2c66709b63c4d31540120920f31ce5006ca4eb1f0db44b929173c7e6a98f290915ae879a18dbfcd30ee20143930a3a09cf061281d8cf5c07a3fe5233d167e59a01e806f2ba18c834f03f4ba6194a50661444bb8bb40ae204703dc87817700f830c0d70d3c1d9405da16687b60ce1b96c384b5cf83bb1603277aa127a7a444073370f0002d0372cd2007f3b0507d3c6d23f4ec308a6703a0a32f6c13c6c141ec707ea33e36820543d540bf1b66f0a8992031d5468e8f9bb794215202306b21f6e29e0d780fc25a2f190900959520c7c0b8e00f35e884d17190752e826d3959cf120a96ea079918692bf966788d045a868cfb6004e3e7097b3062079ef783160e58e903141484125b847dd9037a39898eb7c646591425730b2d03779426a287175608b6665326629f2fac831ce4e1188c706a027ba3f90a389a092a3806adc4662ca58fe06bfb9be2f776ca482cd611da41a075814d385a6df071f09e5b45ac7503ea0e62433399b1c308b6dd4722b085c8f2921907d15d0fdf110f638bf2e1165702717b3b4ed8bb01d0c5437cc979d546f4f59328ed2091c410148649e4709ef687a357a0c6636e924338c6b04e2cd1cf4ae83c7c944b09be2e22c743b4e6d65a782e2cdf3713de1e62413f50f9c91c5ed54df410a2f6d608f4f32bb87cf0de36620bdb200df72319703b3a1ed2b7c21a0bf4a57c36e08ac3c99586e5dc6a01e7b141829385d4873b6136c85bea2095c3496a8450cb6ec51eaf71925616d0674fc9c83b73e774f85bb18dce77213ebd24c385781362fc4e1608d26fd7ab3c2a06b0259c2d7e224fc81e2fa911c3247edc80928bd445f3375acac59e794a5471f5cdcd7f7356716d5c693d7cbdc5da0ade14f8604a5cd5bf2d46b97dc9c57b26c25dc810078fb297ec000e92c37edeb7789712ea888d64b3935829a03c35aaa5c43366d2b6f271707bddbe3513b2c8fe85ed2ca372e1c3925a8465f491eacc12af9a610c23d40314c25c2ecf73e32d7b41369fbd916ae10b232668f37fb2dbfe95bb1bb3e8161e1a8107b3381ccdbd30c6f949881a969c0a9cfcae1889ee6fdbb185a8fce65d1b7bae259c39bea8fd85f33717052c2fab87c4b28bf7bb94d8ece57753aef6e0ca6026f8737e16e2988b2b0f5fc13909781fe0764f573852cc54e4d4726b3dfb6ff045182133b1ddcdef3942fdb092910060c3e548641764c8aee6e463264bd0f19b7d4be17d6ccab905bc9d1d859195ec32ce2975e6761bbf851fa9be0eb24ea0be737593de52dd04ec6f5d8d51e3ea69b4dd825e913365246b223b91e04329a9f76e22c516eeb3511182eb16e7211f708becb09cd6dd441796dfa902615f46d712ce87b9bcc77d244b9c611d84bc9e1a4b7f3daad13b3c6765f44e3335a623480c121cfbff463f0abb013ef3ba7864d8280dace41bcb8ce0d20b1496a8bdc3ff2df598abfc566281b0e3954da9e266e0e82615e7ceb708eefc27ec32117c849d2c8251744d99baca476a05e7ab6edeee3befb9e66ff0a8376cbd8f44a98b70e7b288db79a377f4bf350284fdad815292592da5825e1bec963a32a286317c6ed5c18c097a75305a07239940a1e7e73389a7dac83ed4007446b2c7713c74f0dd0cfd0e52e3541443fab8b706e89b81175eaba4da890c2570d3134a1de1dd04a31af855f27478452d8c18a18fdbf5a40a72f29a6115772752f37b22a7a901c699b08553b552138982664dd0d301ff067e5601bcd5841fd61fcb57917673584f15afa982608439639eb5a09186f4f0a8117e5b804e4fe42b88cd9cb6cdc40615cc73b628890658720e6f2b4787f131f133d847583f0d7c22562908060d449b087eb5f0db029a63fef5306b203b841656d6114bf5043d258f19b656437a11ab384fd5126b30aa18833a6837c1531fc64e47be395d7451dca662d746e623549c7d0afebb9620a7253dce1bb5a46720bec2b352de973a62c7ad52db48242a09958258ac0f47888a442fa7bd109d9c0c6d94269c3cecdb685d84a866be2547382ec2bc91f7f4edb860d4150413ac973e2cf99b38e73ccd14e4e5cb19839d659adc2eb77fd8c332b56eafc7ed35fb1d6e570ea3703a199da3c7eef7313ad6c77a07586b0e1317d7c0767bd94146eb615d06bc46631e7607fc8cd3dde3b03016b767d88bd730987d9e8cc9c03f7229a3333b3d76a6c1ecb2b82d7d30dae8b6bb988680d5872519ec0e1fe38ce663737b991a47b7d361313b195e22d0b84128e37307bc16167e6cfe41b39765022e2beb65fcd80eb581d1382caccbc796333e9665d8fe6ed66a65ad8c931b65acaccfe27578b081448695f59b1d4e5f8ec2eb303b756c4fc069f60a68949141861f65b29a1c16af1b4bcd36b15e1fe620cfc9cb27444d068e165434337eafd9caf69bbd7d8cdbf6cdf086070988755ef3a0c3d5c3686d36d09459c5e8dcdd0e17d3ecb0d8dd4eb34fcab498fd5e87c56166f46662af8fc92f2d2908abc4f8021e8fd30196dadc2e7f0ed3e10e30fde661260036fb31ba7898f1bb198b9735fb59296375f83c80b89431bbac8cc7eb80590b90b0f06bf6311ed6dbeff0fb815df7304156c0cf0f13e006afd0b0610952fc4bf00fabe3f1baad018b5fcae0b881b552bc461000860ddac1b228cd0641a8c3657106ac38c804eddd2ee73093e5c8e6fc18450e1cbe4d5bceed184f2febc3b861c42302f0f230af7282409603a4f8d97eec1eaf03a45add832ea7db6c9d8a9e99830ac20dcc718328f80ef83d10b656169b8969ecacd33315514825d7304f8e1d020c011fbba3db013ae7c4c5e118b1b99d4e3709011e6a29d36df681ae6e5738b4052764d9fd7e4f596e2eebca1974f4393cacd561ce717b7b72712f172837f249900dee2561e1c38a613677ceda3b65dbcf790a0da6780fc3dceb069b3034ec00eb844c24704fcd6b0ce594cc8e8b6bc1cef1917401bb01021656f578cd808c55cad8bc90a5103d16bbd9db0336638c012bf0282c67dcdd909d2e0c8a99541621cefe7a2bb042669fcf0d9983e3c3eab604fac12366ae00389c804c16e638c55a46cf9796f7b289465616a736e7873bd231830ebf1d0f47859b940f37acbd30ed74409c72b2312f2f575c410249226ca194e9775b1d36fccb12403c0130c86727090bacbb0338797d78908f12b030170cf7b150ad8103f6358fd21d55e5121e447249c3234d9418b4bbfbbfc5469c0601af0b94610903ab1b4a30d1a597b5f885008bc43104bfd54112af8c0b7173b77b808dda21a0fee19421fae024f34422859ff2d9cd6055373b2573cd51867ab1789f1f8209575f485e2ed1bf0d009c6f0d4a46af5519da143a25a3d6332d3aad495da7ac6332157ae8674a9936b5a1416b343040a153341b3a18ad8a513477306bd4cd755246d9dea253eaf58c56c7a89b5a346a258ca99b6b35c63a75733d5303eb9ab5b011a9211381a941cb60813c2bb5528f99352975b50dd055d4a8356a43879451a90dcd98a70a982a981685cea0ae356a143aa6c5a86bd1ea9520be0ed836ab9b553a90a26c52361b72402a8c314a1374187d8342a321a21446d05e47f4abd5b674e8d4f50d06a641aba953c2608d123453d468949c2830aa56a3503749993a4593a25e495669818b8e90f1dab53528c910c853c0ff5a835adb8ccda8d5361b74d09582953a4378699b5aaf94320a9d5a8f0151e9b4c01ec3092bb48409ac6b56725c30d4cc148f0009ee1bf5ca882e754a850678e9f1e268e21c38e3b8c97dc94c6e6addd4308a839b472fdc5cbe24b726614ecfdf73ace46e62153d26ba247a45f42a3c5744e3a2f3ff97df4dcd20cfddf753fff3de4ffdf7bd1bbafb46e6ee1b99bb6f64fedfbf91e16af3ddb732ff33dfca70debbfb66e6ee9b99bb6f66eebe99b9b59adf7d3b33f5ed8c80cedd373477dfd0dc7d43f3ffd91b9aa8bf6d98c91e21f47f0bbde8bf7bb053feba41febe31651e4e2ae225e27cf11a71bdb812be4ba77072c1fa66a01b206778ae96d9d145744a4491da8aefbe5e7213c732a8ff02d53a3a95656e6473747265616d0a656e646f626a0a35322030206f626a0a373937350a656e646f626a0a35302030206f626a0a3c3c202f54797065202f466f6e740a2f53756274797065202f434944466f6e7454797065320a2f42617365466f6e74202f417269616c526567756c61720a2f43494453797374656d496e666f203c3c202f5265676973747279202841646f626529202f4f72646572696e6720284964656e7469747929202f537570706c656d656e742030203e3e0a2f466f6e7444657363726970746f72203438203020520a2f434944546f4749444d6170202f4964656e746974790a2f57205b30205b37343420353532203237362036303620363632203731362032373620373136203535322034393620353532203232302032373620353532203232302036363220353532203333302035353220353532203832362035353220323736205d0a323320333220353532200a3333205b36363220373732203535322035353220353532203832362036363220363036203439362035373920313030372032373620343936203731362032323020343936203630362035353220323736203636322033333020323736205d0a5d0a3e3e0a656e646f626a0a35312030206f626a0a3c3c202f4c656e67746820373432203e3e0a73747265616d0a2f434944496e6974202f50726f635365742066696e647265736f7572636520626567696e0a3132206469637420626567696e0a626567696e636d61700a2f43494453797374656d496e666f203c3c202f5265676973747279202841646f626529202f4f72646572696e67202855435329202f537570706c656d656e742030203e3e206465660a2f434d61704e616d65202f41646f62652d4964656e746974792d554353206465660a2f434d6170547970652032206465660a3120626567696e636f6465737061636572616e67650a3c303030303e203c464646463e0a656e64636f6465737061636572616e67650a3220626567696e626672616e67650a3c303030303e203c303030303e203c303030303e0a3c303030313e203c303033363e205b3c303034433e203c303034393e203c303034363e203c303034353e203c303034453e203c303032303e203c303034383e203c303036463e203c303037333e203c303037303e203c303036393e203c303037343e203c303036313e203c303036433e203c303035303e203c303036353e203c303037323e203c303036453e203c303037353e203c303036443e203c303036323e203c303033413e203c303033313e203c303033323e203c303033333e203c303033343e203c303033353e203c303033363e203c303033373e203c303033383e203c303033393e203c303033303e203c303034313e203c303034373e203c303036383e203c303036373e203c303036343e203c303034443e203c303034323e203c303035343e203c303037393e203c303032423e203c303034303e203c303032453e203c303036333e203c303034343e203c303036413e203c303036423e203c303035413e203c303037313e203c303036363e203c303035363e203c303032443e203c303032463e205d0a656e64626672616e67650a656e64636d61700a434d61704e616d652063757272656e7464696374202f434d617020646566696e657265736f7572636520706f700a656e640a656e640a656e6473747265616d0a656e646f626a0a34322030206f626a0a3c3c202f54797065202f466f6e740a2f53756274797065202f54797065300a2f42617365466f6e74202f417269616c526567756c61720a2f456e636f64696e67202f4964656e746974792d480a2f44657363656e64616e74466f6e7473205b3530203020525d0a2f546f556e69636f6465203531203020523e3e0a656e646f626a0a35332030206f626a0a3c3c202f54797065202f466f6e7444657363726970746f720a2f466f6e744e616d65202f5142434141412b417269616c426f6c640a2f466c6167732034200a2f466f6e7442426f78205b2d3536322e303131373138202d3333362e39313430363220313739302e3033393036203934342e383234323138205d0a2f4974616c6963416e676c652030200a2f417363656e74203635312e333637313837200a2f44657363656e74202d3138382e343736353632200a2f4361704865696768742030200a2f5374656d562039332e37353030303030200a2f466f6e7446696c6532203534203020520a3e3e20656e646f626a0a35342030206f626a0a3c3c0a2f4c656e67746831203135363038200a2f4c656e677468203537203020520a2f46696c746572202f466c6174654465636f64650a3e3e0a73747265616d0a789ced590b7053d7993e47ba320ec10eb2b10d06e3e3077e60f98d1fbc9165d91696255b920d0e24e45abab605b2aeaa07ae9b9610926c4320d921c03621e4d16eda599a76d2b4dda4499b866632dd6e77329d866c3b6d37d34c775a9af4314d67dbcd3658defffce75e3d8c61ba99e9ee76062ed2fdcf7ffef33fbeff3fffb9d6259410924b8e1223216e6f735b51e2f62f01e7247cee980acd4d7eff4bafe603fd6b426e724e2b724079c6514ec8f26ee0754e036345a0b004c61118574fcfc43f7a686fee0f607c86af0fa97eb9acaff47730fe0f18b7cdc81f8d90b564172137d7c19885e519656df7bf26603c4048ebb3c4687cd3f00d6222b9a673a67642e85a71377e9f4c1a0a724d869b974906fe4f7a9b342d5c241fdd075a6e820ff10dd918816be18ae9527284b62fdb41bfbc8bd085850542a41ad34bdc1a2922061eac092e8876192115e60af306f8a244225798f1e2955d26f20161d245420ce42cac7c1f5616900a42dacd15aca4b8a4b868d5b21c7e555599cde6f6b6aeceaece8e9a5ab8aaced29fd03cef27c6465bdb760f0d1dfaceb73ef3ecd62d5515b4a979a0e329d34bc59533eab3f7efdbbfa97365d1fc0fa55793779414b7b55add1dedf9cbb9b581855f4a4dd20ed2487640dcb5a0b7ab180d1a57c1ad82dbe0662b6b6b3a6ab855b83a3681596052f4a804e4bad0a12eaa2c340483dffbfa6dfb6a3718f357d424dfbd7965ae61c0e3ddfff4ed07a8a5c1e53cfdda505d7d787063033dd09948547703d3eeb4b7999753c3cf9aceed7650dad064b3bf90fcdac99edec1b5dd6b72fb2babc6f71ebfb5bfafa6ba6c035b37525549d795272f15ac292da9ddb6b5c142db3674572b8492f2855f1a4e991e276510455195993b5f0c3895a0ebfcea305775b4776c301b3e7631472a2a28abddbd7ae2e343db76ac5dbffca6bbefa6a552cddb49df3dab4af2f2d7fe7863e99afa3a7beb59fabdb72f3d9d3cce713a0d7abf0059c1fc1542fe287c4ed335c9cb748df43c9592573ed82dd57cf0632e6b5db82cd500a66b4825ac3271fc2470602540d456526cac28168815f2f4550282863fd1d55db1c4b3c977ef0d3e70fccddf1cbfdf34bfcb68dd35d1d3d8586bdcb67d74ffb6ed06ea697ecc3d429f3ff516cdfdbb33f4fc13c96f7ec2de4fabab6968cebad3d61b0553e414d4ce385806142a2acc9b6a350b6003bcad28ea6c6f2b11d995c693970b0aeaea37efdebc75550985284c0fbc79db90b3bec67c8b61fd17da5bcbd6d5d55b7bbe9c2c976ace7fb5a2aabdc3da7327b700fb937e1571e0b5693e49eb4c2ffda98fcfac86d07f61ba045193c2f68e4d58116d25cbd081a2a276484a85b96af5f9b27543cec46cbca677fb8e356bdf782379f9bc54337c9fad67631dad7e6de5bab291c1b7aebc6074701c3d509be7209a4252053a51230fa0482bc8da9a0dab30c99d5d5a9c1e7befd123e77ff7d8397aeef15f3d7cefdff4da291b1c0ccf38a1b01cce99f0e0a0a1f2c4bdc7faece79ff8edef1f7fb2a7e7e85dfff084cfe7f37efa3c7c8ff2283e095bb40b6d72040132b059cca3c06237d3a73854b6ce4df63bc6f7f46fdf56b7b178b554f3a98350979bfed044cb2b46c792bfe77a8e1092f308e86901cf75e0852e7e0114a9d41499f54ce568c323d478e2e2e4e0604bdfc8c8fec4c870fd3a9ea075b5235b37751497242fdf724b39ebb46eea28025aaa397561e3c6d1d18d1b6953eb3efba7e6c70d071e6fde565d6def3f9b3418face35594a8a6965554fcfa3f357c02f79e1b2e976c852855e99acb6c60c95896dc6a4396536880a9576d2f29e471ffb55f2275fffc6cb2fd34d74c585405bf227a51eefe1a7039354f17f3a31e633acddf75e2cf19d6fd37d34fc2fdf7df2c0b37dd19e9e4422f9a7e4bb8767e9e020cfa41776848c3dad92e3dac10de7806103d60834423d911c08704092931f58f78edffac2b17be8d1bb5e7dee1eba66bea0d976a7dc6ba33d3d534a4feff9fd0d8df4ec699a4bf31f3c41cf18565e897cde19f67a9e7e61c44ddd2360f3ccc28249d8dcc073a057bed6486b2ba8d647a1936e122da2f68ca1ec853beedebfafb5a5b15b711df3fffdfc255af7d69ddd032d4de5ebd7afefecf2ecf847d34beb6ae489130fbdfefcb14f4f0c6e64547af54a47bed9d2e0979fb9b07f5f7b7b411e05ebbee4887407e4bf8ec08955622ad6e2ebece8c8a9cd11cd006aa1a3c2ac3776c63b6ca1de4c6b040e73d4ba6c7dddd84c77f5aabc23177ff8f189bbefbaf8dadd745939ebeabeedc043c9f7221fa1f33dbbe4a9fe3e4a6df6a9c95d3d7db5dd45eb2b8ada2a0f3cf6454a9f7fe807f4e6071fa45f387ba5ff1bb7ddbea963fdfadbf6fd6d9ee1decf0f0dd311f7939f1d7653d730d4450b646825f8db0a586de00daa583b61aa45e7c7c2d5eba328470353cb630b2d357777f943dd1b68619123f9ccad476838f48b1f1d0ad627ffb3a0a965afdac268d9869ffdf4d6bd74eecedffef81347697383b7de4269fdbae6f2e2c282c11da3e78e1fb89df6f59f68dd5e59515e52b9bea8ac6d93c379dfc3c1201ddf03fe59a0b3bd08d914a76747451174e09f2687a407932ee9d5f7dfff6007c83cccbb1fc8f033c09cea7525fafeaa4d6d37faccfd2fcbaea1fada5bf26067ad34d7d66fefefec5e5d9abc6c7a69fee74f566fe8da6cb33f347fcad0fab9a6c6b56b60fbd8faee9bff353fce0de44432247d0a905a45aac5de166dddbc128a8a7725ad9a8b453573b84ed09cf63d6387be76ecee63f77c6dbc6fc00dbbb9b8bf6f4aeed9456dbd13d3b65e68b2eef6567aeae16432f9c7d3676955e5d8fc3bc617bf323a46875d5ff99c67c4cd73940f35e5916a4809b75b58584145e96037acc58c75e5d386e4fbb42a79dc56c3aa365a765add23ae353d1d724b131c70f3f986df5f31bc785b6b5b195b6936ff5b3ea55b378ff398f8d3c92b88ee72be3f8d70d18a42a3d1f44af29b47e79f9f4b7edbb0956edef8dd6fd3a1e4574c2f5d79c0c0e6df068f7c50353b010bec2619c581d1f3f6c211293488870aa935f9abfcd636f7c1ed3ba975e721f7a6f622baca32f7b1d7df79e024a5274ffce65bf1a8e1d76d9e868d03bb2fbcec72d1e646b5f9953b26e8e9d354a239674e51eaf1f1de8a9fbbea8adf3870cbb63ff087c8abff2547721e812e47494e8a056b4c9dc92350a164e1e8c2d19c475053e6bfd539c0328d91b3528c380c9f27e586cde434d056e9dfc929a0097c4e027f358c3dc632f2c96565e488e99f880c631fdccff03bc8b7c0dd029f87e17302c6f93047e00e070c3c0b3ac997c8dbe48fb49d06e0fa083d47dfa4ef1b7a0d77195e34bc6f1c363e65fcb2f1e752a5e4960e499f137ec3d9ba5364e92a9ff93faff15dc29f2ce19fa1143946945c8e234e1b48aea15aa38d6487c1a2d1125965d8a1d126b2da7050a373803ea6d1cb48c0704ea373e13ccbd7e89bc80386a446e7e54bc6fb75df689ef9a446039c058f6ab48148054f68b49194177c46a325b2bce0198d36911505dfd2e81ca05fd7e865a4b5e0471a9d4b569b4f6bf44dc45eb85ca3f396190adda0994a46b0955f3aa2d112292d3d80b409f8cb4be7345a22c5a5f7209d03fc9cd247355a2205a54f22bd8ce356fa9c460356a52f229d0bfc15a5af6bb4445697fe0869f88bc0b0bef43d8d16f80b5ae02f6881bfa005fe8216f80b5ae02fe86564a2ec168d16f80b5ae02fe8bcfc55651f417a398fbde13e8d86d81b4e237d33f00b1abea8d11259dff00ad22bb86f0d6f6934f8d3f073a4f381bfb2e1bf345a22eb2c3721bd92ebb16cd068d063e942ba90636819d568c0d0b20fe955dc1fcb8c46833f963b9186bf89c82acb598d9608b35c40ba18e5ff59a3b9fc0f915e83f2ef6934c8379a905ecb73dab841a321a78dcd4897614e9fd3689e5391bb7294b76b3497173553cd73daa86834e4b451e0b991e3d3785ca3019fc6534837a29ecf6a34d7f32ca77333f0cfcdc03f3723aedc8cb85664c8afc8905f919197157a5e2ec0df926d5001ada40b281f99260adc87884ac2f089933912418e0d4651a0f9b70cfc204a34c18c9584e062c403bc29581f27311c29705740fa307c0750320fae01184d005721b3c071a3f630d8d5ed3841fb1ce84e801e067a55d019247ea0fd4047602e9ab2c352deb79076a06a52a32e38dbb90f326888802c03bb32d8e13afce49026bb1b46d3c0e5b309f031968a89e310c43842d7f46712b160a407c61330c3b93222911da3d0a36a9132b49280593fc6cb4793a07b16d646919300a90022c780afe7c3013e717482b82e8cd86ec5f50a4a2864066c72a403f8cd348f745986fc1870387e915406d371f0f938781184953140c18a923ca21e9008c1fce2aad89221c352520c9e4f87d07614387a7cf5640c638aa5ec76810d5e77691d8d19967c59ba751465c48457600023e6981d4274273f54f55e2d99aec45e949d05d930e49cd7ea245c412d6f8d585f2a601ec4685c38338dfecbe02bafbf61b415c59920faee85ef747e7944ad64333ccdb72d8118cf6d027c896026454e27d1df38d6e838d6114314e6b06e449ee3a9dad5a5394fc51dc42b8cfba4a07f01948b68356e417cc36827825e8bb57e4d8ba28d65d41dc10866402a8e737cd504faa1d7ece2fa8b6b2bc46e885ec5994cc560498dd3f57f353a111c07608d1fc6166d2ff07e23ec5a527616472032368b38f9b13b2c85d9ac166910fb46083b84dec91663cfd78490aa03f9faacfdb8b476e1c387c53673b7ebf519c5fdadd79b5ee34b45a05bbfdaafad1935c02311b1c4d19ebe7ba2d821e6b07e5440298c5d51be66a4a2f6e4acaa12dd4dd5be455482e67d36a2755beead9e4d5d0f97e43dfd7a352a4ea5b09699b4767d87043594a3d8ff83b887e35a6ef919a5f79149dccd218c524739bbaa2d981919e98056075777edc53ba10e4f2f1ee716d20c9782bd88db3884bd59c1accac0e3084d81843ed7ace93cb0e824a8d7766fba5bc45288e9defc4fceda3ff36c63eb16e970ea3a5859aa9a0f024fe449af1a059f0942da9998aeeeeb9dd77a555efbcce6991b4eed9c58c64923f22daa40d16c4d612d87b5bc5b30e6a876968adec33b838cf88b3ceb752cea2aa2757061819f03e2ec0ca72a4526e96796c5fdec2f908b144232c6ae6a678ede3f02c8490036628fa44f4186a75a48ab993addc76be796f0732ceba905b25d9f8151004f9950569fb93ac6ebe8c3ee1bc475baf4d2ddcdb2a8bbe9d82f5ecd5113fd34336eddaff413657ad7a44f223d8716ecf72a5a994c8d958c0ae17d4b642806dad227acf07a027d51b4932a91ca65662f11396cd6321ec35d124af9a0efebec5afaf351cd3ce1459499274d764da79198451c673e641ef5d3803ff1863564940c0f02f8cd6da671390812fe8cb3237e9d7e2c3a7f0023d04fbc2d595d5c068d2a769ca5ff8610cf7ffa2993c6473fc9d21865f694ec5531ec152257135adc4b9fb9f235321a4d451fc32a0da376b18bc4c99b79a27fd80ad0cfb70162c75937e983d11e382d3dc871008f3fb77a60660c46bdc0ed054e2d4878b5f95accd41e3c8706406e14cf38a1c303df2e188f638feb230cc77c3408f22ed0c5d7dac95eb461076d5e94f4a0ee21e03ae16ed7e4f80a1b704661cce97eec82c29e0b5689bf881cda99283cf5019fa522ccf6ca811675cf8660e401fd03daac15743b501ff79fdbef43da95f2b34ff3d48a1871cd5ca70d3c72e2887347e13e0c725eb46fc59885b72e8ca10fe6452c76f4805b6ed26215721c9f316d86e788fbe7842b1d95153118406fd2f8d9e03e0c9e73fdfd30ebc313c20d2b7b31522fa267d730e3d13a71948e4a64ca86d170543906bd400fc1a73f859d07bf852f9e0c6dd9d8edc1f9b49488cfaa7ddb1039378e44366c38f261aef8ac45cba507e3586c750f56a21da5ac18b13755217d58bdc27bbd3a850d778627c21ecf6da62f7a55b3ebec11a1459f1fd5327d352e1c752b62c2fdf2a62c5f4b73d305d6d6d2dac57cd30a1b52c36a7c2ea2309b1a8da851391e54c34dcc1a0a314f706a3a1e631e25a6440f2b8126969737a04c449559e68e28611f5fe394e7d4449c85d4a9a09ff9d5c85c94af615c7d4b3babe1b72e0bf3c8a1c8341b90c37ed57f08b8bbd5e9301b480462dc926f3a1863a14c3d936a94f504274241bf1c629a459051c1288ba989a85f81db647c568e2a2c110e285116e771387ccc19f42be198b295c514852933134a20a004584870594089f9a3c1080f106d0494b81c0cc59aacd1a01cea5143011d8a2dc8619cc5ea8682fea8caedd58f29d1185fdbd5d4d28a128db8c827a4c14399c5a372409991a387983a796d74534cc4b0372acf06c353cc3d39098eb246e651278261e60afaa7d5901cb3b061391e0dfa8332f3ca186e8cb56eee6e4bf9c56289482414844027d570bc898dab093623cfb104841ce7e072368babcc1f55e4b8626181602c02805b981c0eb0483408b37e1051e02ec7584489ce04e37150373187c0eaf0c56102b210d589496ec1c2ef087fca9d48540d24fc710be365036b2d7c8d6e00029b9d86c8323c9b05a3c1b03f9408f01ad3bd57c3a1395617ac1769cc10070dd7f356649de31955621c378e78da005f9ed2b51511a80b8295b832c3d3130d82d5803a1b0ea972201b3d594005d506e1a8600abe13f108546d40e1617299692514c946147652784e13e709018580cf747022083e37e5e5f11a99544321154b4083dac226e418f8aa865395ad27a16e3a1e8f6c696e56c24db3c143c1881208ca4d6a74aa998f9a41f280b607ea21bd581631ee1857b3f4a65d6ab3bda14938b9c4250ef3411562e2d0288795106c44843b7b5b7328b336765ede304f4e0cf70cc40d1028b06a2a2a0332010b9b8cc22685eaf14fcbd1298899630c584146613953276073863928323616bdcefefc28b843722ca6c2cee1f51150fd8919c8882cf67f3004c8d4718d59d132afd6592ed5a34701856f6d918725e5d86c303ecdd919e566d1ca8d7baf4f878250a7c236d71515bd152ce026e2115ad88c1a084ef2bb8280441210506c1a372ca89e48f0cd1be34cad4a20c266083ca640b3060d3cd71a4a4bba2a363c98149b46431a9d989d5667ae1323df068968189c51504140850e8cbe1c54fc71bdc0d2750cc51f08e2c6db224a5c9e500f2b190704f43fbe65d01fbec922e94ad1a662d3324435a164ed5c3923d028371f8b4331f1ee0b9b576cf4eb01c0f7db809d79dd7dbe3d568f9d39bc6cd8e31e73f4da7b59add50be35a0bdbe3f00db8477d0c243c56976f9cb9fb98d535ce061dae5e0bb3ef1df6d8bd5ee6f630c7d0b0d361079ec365738ef63a5cfdac07d6b9dc700e39602782529f9b71839a2a87ddcb950dd93db601185a7b1c4e876fdcc2fa1c3e17d7d9074aad6cd8eaf1396ca34eab870d8f7a86dd5e3b98ef05b52e87abcf0356ec437697af09ac028fd9c760c0bc0356a7134d5947c17b0ffa67730f8f7b1cfd033e36e076f6da81d96307cfac3d4ebb300541d99c56c79085f55a87acfd765ce5062d1e14d3bcdb33604716d8b3c27f9bcfe176f1306c6e97cf03430b44e9f1a596ee7178ed1666f538bc1c903e8f1bd4733861851b95c03a975d68e150b3ac8c80081f8f7aed695f7aed5627e8f2f2c599c24df088a3e08f2be26542e68ff8d9337192a079f0e7cc3b593269ee24fed9943927387db83e9e35a3f18cf71b5f36be667c05be9fcb9ccfe2ffefbef05a8e9f1b2fbdfefa5e7afde55e39dd78d173e345cf8d173dfff72f7a446fbef1b2e7aff3658fc8de8d173e375ef8dc78e173e385cfe26e7ee3a54ff64b1f1d9d1b2f7e6ebcf8b9f1e2e7ffd98b9fd42f23c16bfe662266f87320ef3987f1292b0e7b3f53f6ead97e7ce6896549e9bc3ef20e8c0f913f82fc3bc0cbfe3d257b4e5f1323e2b71775498de9d931a432650467004787f1979cecf9ec9961ec6651ec8ca2ffcd65492f359f89947a4d0c55a95cda216d956c52a7d42ded92b64b83d2e64ce925e77d4bfe5695e60e720e6d053a733ecd1dc43e1c0144d54512293e35939f19abe0c4c9984ff19cda5388bc28df3af7bf0192e44f3c656e6473747265616d0a656e646f626a0a35372030206f626a0a353830330a656e646f626a0a35352030206f626a0a3c3c202f54797065202f466f6e740a2f53756274797065202f434944466f6e7454797065320a2f42617365466f6e74202f417269616c426f6c640a2f43494453797374656d496e666f203c3c202f5265676973747279202841646f626529202f4f72646572696e6720284964656e7469747929202f537570706c656d656e742030203e3e0a2f466f6e7444657363726970746f72203533203020520a2f434944546f4749444d6170202f4964656e746974790a2f57205b30205b3734342036363220353532203333302032373620353532203630362032373620323736203333302036303620333836203838322037313620363036203731362036303620353532203630362036303620363036203535322037313620353532205d0a5d0a3e3e0a656e646f626a0a35362030206f626a0a3c3c202f4c656e67746820353235203e3e0a73747265616d0a2f434944496e6974202f50726f635365742066696e647265736f7572636520626567696e0a3132206469637420626567696e0a626567696e636d61700a2f43494453797374656d496e666f203c3c202f5265676973747279202841646f626529202f4f72646572696e67202855435329202f537570706c656d656e742030203e3e206465660a2f434d61704e616d65202f41646f62652d4964656e746974792d554353206465660a2f434d6170547970652032206465660a3120626567696e636f6465737061636572616e67650a3c303030303e203c464646463e0a656e64636f6465737061636572616e67650a3220626567696e626672616e67650a3c303030303e203c303030303e203c303030303e0a3c303030313e203c303031373e205b3c303035303e203c303036313e203c303037343e203c303036393e203c303036353e203c303036453e203c303032303e203c303034393e203c303036363e203c303036463e203c303037323e203c303036443e203c303034333e203c303036343e203c303034343e203c303036373e203c303037333e203c303035343e203c303036383e203c303037303e203c303037393e203c303034313e203c303036333e205d0a656e64626672616e67650a656e64636d61700a434d61704e616d652063757272656e7464696374202f434d617020646566696e657265736f7572636520706f700a656e640a656e640a656e6473747265616d0a656e646f626a0a34332030206f626a0a3c3c202f54797065202f466f6e740a2f53756274797065202f54797065300a2f42617365466f6e74202f417269616c426f6c640a2f456e636f64696e67202f4964656e746974792d480a2f44657363656e64616e74466f6e7473205b3535203020525d0a2f546f556e69636f6465203536203020523e3e0a656e646f626a0a332030206f626a0a3c3c0a2f54797065202f50616765730a2f4b696473200a5b0a36203020520a5d0a2f436f756e7420310a2f50726f63536574205b2f504446202f54657874202f496d61676542202f496d616765435d0a3e3e0a656e646f626a0a787265660a302035380a303030303030303030302036353533352066200a30303030303030303039203030303030206e200a30303030303030313230203030303030206e200a30303030303436373538203030303030206e200a30303030303030313639203030303030206e200a30303030303030323634203030303030206e200a30303030303238303635203030303030206e200a30303030303030333031203030303030206e200a30303030303030333436203030303030206e200a30303030303030353432203030303030206e200a30303030303030353630203030303030206e200a30303030303031333735203030303030206e200a30303030303031333935203030303030206e200a30303030303031353933203030303030206e200a30303030303031363132203030303030206e200a30303030303032343238203030303030206e200a30303030303032343438203030303030206e200a30303030303032363436203030303030206e200a30303030303032363635203030303030206e200a30303030303033343831203030303030206e200a30303030303033353031203030303030206e200a30303030303033363939203030303030206e200a30303030303033373138203030303030206e200a30303030303034353334203030303030206e200a30303030303034353534203030303030206e200a30303030303034393035203030303030206e200a30303030303034393235203030303030206e200a30303030303035373530203030303030206e200a30303030303035373730203030303030206e200a30303030303036313230203030303030206e200a30303030303036313430203030303030206e200a30303030303036393635203030303030206e200a30303030303036393835203030303030206e200a30303030303037333435203030303030206e200a30303030303037333635203030303030206e200a30303030303038313930203030303030206e200a30303030303038323130203030303030206e200a30303030303038353637203030303030206e200a30303030303038353837203030303030206e200a30303030303039343132203030303030206e200a30303030303039343332203030303030206e200a30303030303238303433203030303030206e200a30303030303339343337203030303030206e200a30303030303436363232203030303030206e200a30303030303238353138203030303030206e200a30303030303239383733203030303030206e200a30303030303238313836203030303030206e200a30303030303238343938203030303030206e200a30303030303239383934203030303030206e200a30303030303330313437203030303030206e200a30303030303338323334203030303030206e200a30303030303338363434203030303030206e200a30303030303338323133203030303030206e200a30303030303339353736203030303030206e200a30303030303339383236203030303030206e200a30303030303435373431203030303030206e200a30303030303436303436203030303030206e200a30303030303435373230203030303030206e200a747261696c65720a3c3c0a2f53697a652035380a2f496e666f2031203020520a2f526f6f742032203020520a3e3e0a7374617274787265660a34363835360a2525454f460a, '2024-06-27 09:50:46');
INSERT INTO `reports` (`Report_ID`, `personal_number`, `report`, `created_at`) VALUES
(2, 1122334455, 0x255044462d312e340a312030206f626a0a3c3c0a2f5469746c652028feff290a2f43726561746f722028feff290a2f50726f64756365722028feff0051007400200035002e0035002e0031290a2f4372656174696f6e446174652028443a3230323430363237313030343033290a3e3e0a656e646f626a0a322030206f626a0a3c3c0a2f54797065202f436174616c6f670a2f50616765732033203020520a3e3e0a656e646f626a0a342030206f626a0a3c3c0a2f54797065202f4578744753746174650a2f534120747275650a2f534d20302e30320a2f636120312e300a2f434120312e300a2f4149532066616c73650a2f534d61736b202f4e6f6e653e3e0a656e646f626a0a352030206f626a0a5b2f5061747465726e202f4465766963655247425d0a656e646f626a0a372030206f626a0a3c3c0a2f636120302e313439303139363037200a2f43412031200a3e3e0a656e646f626a0a382030206f626a0a3c3c0a2f54797065202f584f626a6563740a2f53756274797065202f496d6167650a2f576964746820310a2f4865696768742032300a2f42697473506572436f6d706f6e656e7420380a2f436f6c6f725370616365202f446576696365477261790a2f4c656e6774682039203020520a2f46696c746572202f466c6174654465636f64650a3e3e0a73747265616d0a789c636064646261e5e0e6131491909653505256555503000967017a656e6473747265616d0a656e646f626a0a392030206f626a0a32380a656e646f626a0a31302030206f626a0a3c3c0a2f54797065202f584f626a6563740a2f53756274797065202f496d6167650a2f576964746820310a2f4865696768742032300a2f42697473506572436f6d706f6e656e7420380a2f436f6c6f725370616365202f4465766963655247420a2f534d61736b2038203020520a2f4c656e677468203131203020520a2f46696c746572202f4443544465636f64650a3e3e0a73747265616d0affd8ffe000104a46494600010101006000600000ffdb0043000201010201010202020202020202030503030303030604040305070607070706070708090b0908080a0807070a0d0a0a0b0c0c0c0c07090e0f0d0c0e0b0c0c0cffdb004301020202030303060303060c0807080c0c0c0c0c0c0c0c0c0c0c0c0c0c0c0c0c0c0c0c0c0c0c0c0c0c0c0c0c0c0c0c0c0c0c0c0c0c0c0c0c0c0c0c0c0c0c0c0c0cffc00011080014000103012200021101031101ffc4001f0000010501010101010100000000000000000102030405060708090a0bffc400b5100002010303020403050504040000017d01020300041105122131410613516107227114328191a1082342b1c11552d1f02433627282090a161718191a25262728292a3435363738393a434445464748494a535455565758595a636465666768696a737475767778797a838485868788898a92939495969798999aa2a3a4a5a6a7a8a9aab2b3b4b5b6b7b8b9bac2c3c4c5c6c7c8c9cad2d3d4d5d6d7d8d9dae1e2e3e4e5e6e7e8e9eaf1f2f3f4f5f6f7f8f9faffc4001f0100030101010101010101010000000000000102030405060708090a0bffc400b51100020102040403040705040400010277000102031104052131061241510761711322328108144291a1b1c109233352f0156272d10a162434e125f11718191a262728292a35363738393a434445464748494a535455565758595a636465666768696a737475767778797a82838485868788898a92939495969798999aa2a3a4a5a6a7a8a9aab2b3b4b5b6b7b8b9bac2c3c4c5c6c7c8c9cad2d3d4d5d6d7d8d9dae2e3e4e5e6e7e8e9eaf2f3f4f5f6f7f8f9faffda000c03010002110311003f00fe7fe8a28a0028a28a00ffd9656e6473747265616d0a656e646f626a0a31312030206f626a0a3633350a656e646f626a0a31322030206f626a0a3c3c0a2f54797065202f584f626a6563740a2f53756274797065202f496d6167650a2f576964746820310a2f4865696768742032300a2f42697473506572436f6d706f6e656e7420380a2f436f6c6f725370616365202f446576696365477261790a2f4c656e677468203133203020520a2f46696c746572202f466c6174654465636f64650a3e3e0a73747265616d0a789c5353555556529093961011e4e3e6606561626464000015ae017a656e6473747265616d0a656e646f626a0a31332030206f626a0a32380a656e646f626a0a31342030206f626a0a3c3c0a2f54797065202f584f626a6563740a2f53756274797065202f496d6167650a2f576964746820310a2f4865696768742032300a2f42697473506572436f6d706f6e656e7420380a2f436f6c6f725370616365202f4465766963655247420a2f534d61736b203132203020520a2f4c656e677468203135203020520a2f46696c746572202f4443544465636f64650a3e3e0a73747265616d0affd8ffe000104a46494600010101006000600000ffdb0043000201010201010202020202020202030503030303030604040305070607070706070708090b0908080a0807070a0d0a0a0b0c0c0c0c07090e0f0d0c0e0b0c0c0cffdb004301020202030303060303060c0807080c0c0c0c0c0c0c0c0c0c0c0c0c0c0c0c0c0c0c0c0c0c0c0c0c0c0c0c0c0c0c0c0c0c0c0c0c0c0c0c0c0c0c0c0c0c0c0c0c0cffc00011080014000103012200021101031101ffc4001f0000010501010101010100000000000000000102030405060708090a0bffc400b5100002010303020403050504040000017d01020300041105122131410613516107227114328191a1082342b1c11552d1f02433627282090a161718191a25262728292a3435363738393a434445464748494a535455565758595a636465666768696a737475767778797a838485868788898a92939495969798999aa2a3a4a5a6a7a8a9aab2b3b4b5b6b7b8b9bac2c3c4c5c6c7c8c9cad2d3d4d5d6d7d8d9dae1e2e3e4e5e6e7e8e9eaf1f2f3f4f5f6f7f8f9faffc4001f0100030101010101010101010000000000000102030405060708090a0bffc400b51100020102040403040705040400010277000102031104052131061241510761711322328108144291a1b1c109233352f0156272d10a162434e125f11718191a262728292a35363738393a434445464748494a535455565758595a636465666768696a737475767778797a82838485868788898a92939495969798999aa2a3a4a5a6a7a8a9aab2b3b4b5b6b7b8b9bac2c3c4c5c6c7c8c9cad2d3d4d5d6d7d8d9dae2e3e4e5e6e7e8e9eaf2f3f4f5f6f7f8f9faffda000c03010002110311003f00fe7fe8a28a0028a28a00ffd9656e6473747265616d0a656e646f626a0a31352030206f626a0a3633350a656e646f626a0a31362030206f626a0a3c3c0a2f54797065202f584f626a6563740a2f53756274797065202f496d6167650a2f57696474682032300a2f48656967687420310a2f42697473506572436f6d706f6e656e7420380a2f436f6c6f725370616365202f446576696365477261790a2f4c656e677468203137203020520a2f46696c746572202f466c6174654465636f64650a3e3e0a73747265616d0a789c636060646266e5e0e21314919096535052565555030009370177656e6473747265616d0a656e646f626a0a31372030206f626a0a32380a656e646f626a0a31382030206f626a0a3c3c0a2f54797065202f584f626a6563740a2f53756274797065202f496d6167650a2f57696474682032300a2f48656967687420310a2f42697473506572436f6d706f6e656e7420380a2f436f6c6f725370616365202f4465766963655247420a2f534d61736b203136203020520a2f4c656e677468203139203020520a2f46696c746572202f4443544465636f64650a3e3e0a73747265616d0affd8ffe000104a46494600010101006000600000ffdb0043000201010201010202020202020202030503030303030604040305070607070706070708090b0908080a0807070a0d0a0a0b0c0c0c0c07090e0f0d0c0e0b0c0c0cffdb004301020202030303060303060c0807080c0c0c0c0c0c0c0c0c0c0c0c0c0c0c0c0c0c0c0c0c0c0c0c0c0c0c0c0c0c0c0c0c0c0c0c0c0c0c0c0c0c0c0c0c0c0c0c0c0cffc00011080001001403012200021101031101ffc4001f0000010501010101010100000000000000000102030405060708090a0bffc400b5100002010303020403050504040000017d01020300041105122131410613516107227114328191a1082342b1c11552d1f02433627282090a161718191a25262728292a3435363738393a434445464748494a535455565758595a636465666768696a737475767778797a838485868788898a92939495969798999aa2a3a4a5a6a7a8a9aab2b3b4b5b6b7b8b9bac2c3c4c5c6c7c8c9cad2d3d4d5d6d7d8d9dae1e2e3e4e5e6e7e8e9eaf1f2f3f4f5f6f7f8f9faffc4001f0100030101010101010101010000000000000102030405060708090a0bffc400b51100020102040403040705040400010277000102031104052131061241510761711322328108144291a1b1c109233352f0156272d10a162434e125f11718191a262728292a35363738393a434445464748494a535455565758595a636465666768696a737475767778797a82838485868788898a92939495969798999aa2a3a4a5a6a7a8a9aab2b3b4b5b6b7b8b9bac2c3c4c5c6c7c8c9cad2d3d4d5d6d7d8d9dae2e3e4e5e6e7e8e9eaf2f3f4f5f6f7f8f9faffda000c03010002110311003f00fe7fe8a28a0028a28a00ffd9656e6473747265616d0a656e646f626a0a31392030206f626a0a3633350a656e646f626a0a32302030206f626a0a3c3c0a2f54797065202f584f626a6563740a2f53756274797065202f496d6167650a2f57696474682032300a2f48656967687420310a2f42697473506572436f6d706f6e656e7420380a2f436f6c6f725370616365202f446576696365477261790a2f4c656e677468203231203020520a2f46696c746572202f466c6174654465636f64650a3e3e0a73747265616d0a789c5353555556529093961011e4e3e26065666264600000159f0177656e6473747265616d0a656e646f626a0a32312030206f626a0a32380a656e646f626a0a32322030206f626a0a3c3c0a2f54797065202f584f626a6563740a2f53756274797065202f496d6167650a2f57696474682032300a2f48656967687420310a2f42697473506572436f6d706f6e656e7420380a2f436f6c6f725370616365202f4465766963655247420a2f534d61736b203230203020520a2f4c656e677468203233203020520a2f46696c746572202f4443544465636f64650a3e3e0a73747265616d0affd8ffe000104a46494600010101006000600000ffdb0043000201010201010202020202020202030503030303030604040305070607070706070708090b0908080a0807070a0d0a0a0b0c0c0c0c07090e0f0d0c0e0b0c0c0cffdb004301020202030303060303060c0807080c0c0c0c0c0c0c0c0c0c0c0c0c0c0c0c0c0c0c0c0c0c0c0c0c0c0c0c0c0c0c0c0c0c0c0c0c0c0c0c0c0c0c0c0c0c0c0c0c0cffc00011080001001403012200021101031101ffc4001f0000010501010101010100000000000000000102030405060708090a0bffc400b5100002010303020403050504040000017d01020300041105122131410613516107227114328191a1082342b1c11552d1f02433627282090a161718191a25262728292a3435363738393a434445464748494a535455565758595a636465666768696a737475767778797a838485868788898a92939495969798999aa2a3a4a5a6a7a8a9aab2b3b4b5b6b7b8b9bac2c3c4c5c6c7c8c9cad2d3d4d5d6d7d8d9dae1e2e3e4e5e6e7e8e9eaf1f2f3f4f5f6f7f8f9faffc4001f0100030101010101010101010000000000000102030405060708090a0bffc400b51100020102040403040705040400010277000102031104052131061241510761711322328108144291a1b1c109233352f0156272d10a162434e125f11718191a262728292a35363738393a434445464748494a535455565758595a636465666768696a737475767778797a82838485868788898a92939495969798999aa2a3a4a5a6a7a8a9aab2b3b4b5b6b7b8b9bac2c3c4c5c6c7c8c9cad2d3d4d5d6d7d8d9dae2e3e4e5e6e7e8e9eaf2f3f4f5f6f7f8f9faffda000c03010002110311003f00fe7fe8a28a0028a28a00ffd9656e6473747265616d0a656e646f626a0a32332030206f626a0a3633350a656e646f626a0a32342030206f626a0a3c3c0a2f54797065202f584f626a6563740a2f53756274797065202f496d6167650a2f57696474682032300a2f4865696768742032300a2f42697473506572436f6d706f6e656e7420380a2f436f6c6f725370616365202f446576696365477261790a2f4c656e677468203235203020520a2f46696c746572202f466c6174654465636f64650a3e3e0a73747265616d0a789c85cbdd164420148661638a4a2122241a3ff77f8bb313cb389af76c3febdb51f4bf17f4bc420f884337c5f13b842ef282103eba080427490a11122cf6022765be1fa22ce35c08919f861342332ef2a294527a8319ac320150d54aa97396122059abb6d5ba3b0ce19471a04677fd60ccf90ab3b26ebade8cd64ec152ca73a9746fec343b7718062baaa63376769f65398dc16bdb8f13d0badea6f46067a06d0b4698900a5e1dd0be5f967b9b827d01558e0e7b656e6473747265616d0a656e646f626a0a32352030206f626a0a3138300a656e646f626a0a32362030206f626a0a3c3c0a2f54797065202f584f626a6563740a2f53756274797065202f496d6167650a2f57696474682032300a2f4865696768742032300a2f42697473506572436f6d706f6e656e7420380a2f436f6c6f725370616365202f4465766963655247420a2f534d61736b203234203020520a2f4c656e677468203237203020520a2f46696c746572202f4443544465636f64650a3e3e0a73747265616d0affd8ffe000104a46494600010101006000600000ffdb0043000201010201010202020202020202030503030303030604040305070607070706070708090b0908080a0807070a0d0a0a0b0c0c0c0c07090e0f0d0c0e0b0c0c0cffdb004301020202030303060303060c0807080c0c0c0c0c0c0c0c0c0c0c0c0c0c0c0c0c0c0c0c0c0c0c0c0c0c0c0c0c0c0c0c0c0c0c0c0c0c0c0c0c0c0c0c0c0c0c0c0c0cffc00011080014001403012200021101031101ffc4001f0000010501010101010100000000000000000102030405060708090a0bffc400b5100002010303020403050504040000017d01020300041105122131410613516107227114328191a1082342b1c11552d1f02433627282090a161718191a25262728292a3435363738393a434445464748494a535455565758595a636465666768696a737475767778797a838485868788898a92939495969798999aa2a3a4a5a6a7a8a9aab2b3b4b5b6b7b8b9bac2c3c4c5c6c7c8c9cad2d3d4d5d6d7d8d9dae1e2e3e4e5e6e7e8e9eaf1f2f3f4f5f6f7f8f9faffc4001f0100030101010101010101010000000000000102030405060708090a0bffc400b51100020102040403040705040400010277000102031104052131061241510761711322328108144291a1b1c109233352f0156272d10a162434e125f11718191a262728292a35363738393a434445464748494a535455565758595a636465666768696a737475767778797a82838485868788898a92939495969798999aa2a3a4a5a6a7a8a9aab2b3b4b5b6b7b8b9bac2c3c4c5c6c7c8c9cad2d3d4d5d6d7d8d9dae2e3e4e5e6e7e8e9eaf2f3f4f5f6f7f8f9faffda000c03010002110311003f00fe7fe8a28a0028a28a0028a28a0028a28a00ffd9656e6473747265616d0a656e646f626a0a32372030206f626a0a3634330a656e646f626a0a32382030206f626a0a3c3c0a2f54797065202f584f626a6563740a2f53756274797065202f496d6167650a2f57696474682032300a2f4865696768742032300a2f42697473506572436f6d706f6e656e7420380a2f436f6c6f725370616365202f446576696365477261790a2f4c656e677468203239203020520a2f46696c746572202f466c6174654465636f64650a3e3e0a73747265616d0a789c6dcbeb16433010465155218904210411d4e5fd5fb1934b175dedf9b9e79b28faed01fd33df65b1ef8b93a7cfb337e44a92a0ce30cea034455603521b8183d5d85bc139672ca7e4864288aa2c38cb094e513029655303f31c967608d62bd575b21180380b43adc7a1572d20a3194a9ccdc64c7ae8dba68261785ed765367a5052148c64deb6edb52e46f76d5d822167fb0e384f4307cf34d871002e6654f2b2f3045ce1590a4ef1dd666bc5c7ded0b80e7b656e6473747265616d0a656e646f626a0a32392030206f626a0a3137390a656e646f626a0a33302030206f626a0a3c3c0a2f54797065202f584f626a6563740a2f53756274797065202f496d6167650a2f57696474682032300a2f4865696768742032300a2f42697473506572436f6d706f6e656e7420380a2f436f6c6f725370616365202f4465766963655247420a2f534d61736b203238203020520a2f4c656e677468203331203020520a2f46696c746572202f4443544465636f64650a3e3e0a73747265616d0affd8ffe000104a46494600010101006000600000ffdb0043000201010201010202020202020202030503030303030604040305070607070706070708090b0908080a0807070a0d0a0a0b0c0c0c0c07090e0f0d0c0e0b0c0c0cffdb004301020202030303060303060c0807080c0c0c0c0c0c0c0c0c0c0c0c0c0c0c0c0c0c0c0c0c0c0c0c0c0c0c0c0c0c0c0c0c0c0c0c0c0c0c0c0c0c0c0c0c0c0c0c0c0cffc00011080014001403012200021101031101ffc4001f0000010501010101010100000000000000000102030405060708090a0bffc400b5100002010303020403050504040000017d01020300041105122131410613516107227114328191a1082342b1c11552d1f02433627282090a161718191a25262728292a3435363738393a434445464748494a535455565758595a636465666768696a737475767778797a838485868788898a92939495969798999aa2a3a4a5a6a7a8a9aab2b3b4b5b6b7b8b9bac2c3c4c5c6c7c8c9cad2d3d4d5d6d7d8d9dae1e2e3e4e5e6e7e8e9eaf1f2f3f4f5f6f7f8f9faffc4001f0100030101010101010101010000000000000102030405060708090a0bffc400b51100020102040403040705040400010277000102031104052131061241510761711322328108144291a1b1c109233352f0156272d10a162434e125f11718191a262728292a35363738393a434445464748494a535455565758595a636465666768696a737475767778797a82838485868788898a92939495969798999aa2a3a4a5a6a7a8a9aab2b3b4b5b6b7b8b9bac2c3c4c5c6c7c8c9cad2d3d4d5d6d7d8d9dae2e3e4e5e6e7e8e9eaf2f3f4f5f6f7f8f9faffda000c03010002110311003f00fe7fe8a28a0028a28a0028a28a0028a28a00ffd9656e6473747265616d0a656e646f626a0a33312030206f626a0a3634330a656e646f626a0a33322030206f626a0a3c3c0a2f54797065202f584f626a6563740a2f53756274797065202f496d6167650a2f57696474682032300a2f4865696768742032300a2f42697473506572436f6d706f6e656e7420380a2f436f6c6f725370616365202f446576696365477261790a2f4c656e677468203333203020520a2f46696c746572202f466c6174654465636f64650a3e3e0a73747265616d0a789c75cd491683201045d1c2d8a0824a44d1206a1af7bfc57cd07483bc59dd5305dbf6b8dfd6d90e5a55054f4e1123da82396ff2650fd0757117a31b5964bbdd41eb3c8d7dfbb11b68c16977ae457ed8ba2eb3b3a3c117b038d8ecdc64c7a1c369c9d3ddacbd8c83e95a550b3c17470c3618d3f71a84b5f01c4c6bdd9e5503cab3e3949402545294394f8f35aaa494429405b692f8b0c297f3ec8b88630478f1142c09c55e5e4418424176a2688fb10f117b47ef7ea7ff3d015bf60e7b656e6473747265616d0a656e646f626a0a33332030206f626a0a3138390a656e646f626a0a33342030206f626a0a3c3c0a2f54797065202f584f626a6563740a2f53756274797065202f496d6167650a2f57696474682032300a2f4865696768742032300a2f42697473506572436f6d706f6e656e7420380a2f436f6c6f725370616365202f4465766963655247420a2f534d61736b203332203020520a2f4c656e677468203335203020520a2f46696c746572202f4443544465636f64650a3e3e0a73747265616d0affd8ffe000104a46494600010101006000600000ffdb0043000201010201010202020202020202030503030303030604040305070607070706070708090b0908080a0807070a0d0a0a0b0c0c0c0c07090e0f0d0c0e0b0c0c0cffdb004301020202030303060303060c0807080c0c0c0c0c0c0c0c0c0c0c0c0c0c0c0c0c0c0c0c0c0c0c0c0c0c0c0c0c0c0c0c0c0c0c0c0c0c0c0c0c0c0c0c0c0c0c0c0c0cffc00011080014001403012200021101031101ffc4001f0000010501010101010100000000000000000102030405060708090a0bffc400b5100002010303020403050504040000017d01020300041105122131410613516107227114328191a1082342b1c11552d1f02433627282090a161718191a25262728292a3435363738393a434445464748494a535455565758595a636465666768696a737475767778797a838485868788898a92939495969798999aa2a3a4a5a6a7a8a9aab2b3b4b5b6b7b8b9bac2c3c4c5c6c7c8c9cad2d3d4d5d6d7d8d9dae1e2e3e4e5e6e7e8e9eaf1f2f3f4f5f6f7f8f9faffc4001f0100030101010101010101010000000000000102030405060708090a0bffc400b51100020102040403040705040400010277000102031104052131061241510761711322328108144291a1b1c109233352f0156272d10a162434e125f11718191a262728292a35363738393a434445464748494a535455565758595a636465666768696a737475767778797a82838485868788898a92939495969798999aa2a3a4a5a6a7a8a9aab2b3b4b5b6b7b8b9bac2c3c4c5c6c7c8c9cad2d3d4d5d6d7d8d9dae2e3e4e5e6e7e8e9eaf2f3f4f5f6f7f8f9faffda000c03010002110311003f00fe7fe8a28a0028a28a0028a28a0028a28a00ffd9656e6473747265616d0a656e646f626a0a33352030206f626a0a3634330a656e646f626a0a33362030206f626a0a3c3c0a2f54797065202f584f626a6563740a2f53756274797065202f496d6167650a2f57696474682032300a2f4865696768742032300a2f42697473506572436f6d706f6e656e7420380a2f436f6c6f725370616365202f446576696365477261790a2f4c656e677468203337203020520a2f46696c746572202f466c6174654465636f64650a3e3e0a73747265616d0a789c6dcdd11682201045d1b130514125513442cdeaff7fb10b91b65a9dc7cdcc40941c8e292f2aa5073b2debfdf17c5234e9cd7d5b56c8469b8b9b6fc0c76e6d3f5ea705788f968bfadc617906aec1180c9f98d1ba695e96b79d7889e56e18edd5b909961c180e8a5ab59d19c68bb5c170108340ddf7c60c1497b31cd8a873abb5a63878e279296405562a1a4b3159944248292bfac28ce785ef6d40af603c70faa0579686e88341438c76f41ca2ad648b7efa67be17e0bd0e7b656e6473747265616d0a656e646f626a0a33372030206f626a0a3138360a656e646f626a0a33382030206f626a0a3c3c0a2f54797065202f584f626a6563740a2f53756274797065202f496d6167650a2f57696474682032300a2f4865696768742032300a2f42697473506572436f6d706f6e656e7420380a2f436f6c6f725370616365202f4465766963655247420a2f534d61736b203336203020520a2f4c656e677468203339203020520a2f46696c746572202f4443544465636f64650a3e3e0a73747265616d0affd8ffe000104a46494600010101006000600000ffdb0043000201010201010202020202020202030503030303030604040305070607070706070708090b0908080a0807070a0d0a0a0b0c0c0c0c07090e0f0d0c0e0b0c0c0cffdb004301020202030303060303060c0807080c0c0c0c0c0c0c0c0c0c0c0c0c0c0c0c0c0c0c0c0c0c0c0c0c0c0c0c0c0c0c0c0c0c0c0c0c0c0c0c0c0c0c0c0c0c0c0c0c0cffc00011080014001403012200021101031101ffc4001f0000010501010101010100000000000000000102030405060708090a0bffc400b5100002010303020403050504040000017d01020300041105122131410613516107227114328191a1082342b1c11552d1f02433627282090a161718191a25262728292a3435363738393a434445464748494a535455565758595a636465666768696a737475767778797a838485868788898a92939495969798999aa2a3a4a5a6a7a8a9aab2b3b4b5b6b7b8b9bac2c3c4c5c6c7c8c9cad2d3d4d5d6d7d8d9dae1e2e3e4e5e6e7e8e9eaf1f2f3f4f5f6f7f8f9faffc4001f0100030101010101010101010000000000000102030405060708090a0bffc400b51100020102040403040705040400010277000102031104052131061241510761711322328108144291a1b1c109233352f0156272d10a162434e125f11718191a262728292a35363738393a434445464748494a535455565758595a636465666768696a737475767778797a82838485868788898a92939495969798999aa2a3a4a5a6a7a8a9aab2b3b4b5b6b7b8b9bac2c3c4c5c6c7c8c9cad2d3d4d5d6d7d8d9dae2e3e4e5e6e7e8e9eaf2f3f4f5f6f7f8f9faffda000c03010002110311003f00fe7fe8a28a0028a28a0028a28a0028a28a00ffd9656e6473747265616d0a656e646f626a0a33392030206f626a0a3634330a656e646f626a0a34302030206f626a0a3c3c0a2f54797065202f584f626a6563740a2f53756274797065202f496d6167650a2f5769647468203331320a2f486569676874203330370a2f42697473506572436f6d706f6e656e7420380a2f436f6c6f725370616365202f4465766963655247420a2f4c656e677468203431203020520a2f46696c746572202f4443544465636f64650a3e3e0a73747265616d0affd8ffe000104a46494600010101006000600000ffdb0043000201010201010202020202020202030503030303030604040305070607070706070708090b0908080a0807070a0d0a0a0b0c0c0c0c07090e0f0d0c0e0b0c0c0cffdb004301020202030303060303060c0807080c0c0c0c0c0c0c0c0c0c0c0c0c0c0c0c0c0c0c0c0c0c0c0c0c0c0c0c0c0c0c0c0c0c0c0c0c0c0c0c0c0c0c0c0c0c0c0c0c0cffc00011080133013803012200021101031101ffc4001f0000010501010101010100000000000000000102030405060708090a0bffc400b5100002010303020403050504040000017d01020300041105122131410613516107227114328191a1082342b1c11552d1f02433627282090a161718191a25262728292a3435363738393a434445464748494a535455565758595a636465666768696a737475767778797a838485868788898a92939495969798999aa2a3a4a5a6a7a8a9aab2b3b4b5b6b7b8b9bac2c3c4c5c6c7c8c9cad2d3d4d5d6d7d8d9dae1e2e3e4e5e6e7e8e9eaf1f2f3f4f5f6f7f8f9faffc4001f0100030101010101010101010000000000000102030405060708090a0bffc400b51100020102040403040705040400010277000102031104052131061241510761711322328108144291a1b1c109233352f0156272d10a162434e125f11718191a262728292a35363738393a434445464748494a535455565758595a636465666768696a737475767778797a82838485868788898a92939495969798999aa2a3a4a5a6a7a8a9aab2b3b4b5b6b7b8b9bac2c3c4c5c6c7c8c9cad2d3d4d5d6d7d8d9dae2e3e4e5e6e7e8e9eaf2f3f4f5f6f7f8f9faffda000c03010002110311003f00fdfca28a2800a28a2800a28a2800a28a2800a28a2800a28a2800a28a2800a28a2800a28a2800a28a2800a28a2800a28a2800a28a2800a28a2800a28a2800a28a2800a28a2800a28a2800a28a2800a28a2800a28a2800a28a2800a28a2800a28a2800a28a2800a28a2800a2b37c5be31d23c03e1eb9d5f5dd534ed174ab25df71797d7296f6f02fab3b90aa3ea6aa7c34f899a17c61f04d9788fc35a8c5ab689a96f36b771a32a4e11d90b2ee0095dca707186182090412aeaf6ea67ed61cfecb99735af6babdbbdb7b79d8dda09c0af21fdbbfe20f89fe117eca9e2bf177842e5adb57f0a4706b0e0431cc27b482e2392ee221d4801ad9661918233904119ad7f1f7ed7ff0b7e166996d75e22f1ff853485bd8926b786e3518c5cdc2b80ca52107cc7c820e1549e6a1d58a6d3d0e5a998d0a75654aac94795295db4959b6b76d6cd59faa3bfd2f55b5d734f8aeecae6def2d671ba39a090491c83d430c823e9562be62ff00825378eb4cd73e02788fc31a44d34ba6780bc5faae93a699eda5b595f4f92737966e629555d4182e914654709c71cd7d3b4529f3c14bb865b8d58bc2d3c4afb4afa6aafaa6afd754ff0000a28a2b43b82b2bc6de3bd13e1af866eb5af116afa6685a4592eeb8bdd42e52dade11eacee428fceb56be68bdf0ad87ed21ff000510d7f4df155bc5a9681f07fc3fa5de68da3dd0125acda8ea0f745f5068cf0ef1476eb1216042177230c7359d49b8a496ef43871f8a9d18c23492739c9455f6bb4ddddb5b249bb2d5e896f75e97f097f6cdf851f1db5f3a4f843e2178535ed570596cadb508cdcc8a064b2464867500672a08f7af4caf3afda57f674f0cfed11f0caf34ad72dadedaead6269f4ad623022bcd06e506e8aeade618689e3601b2a464020e4120e7fec39f17355f8f1fb217c3bf17ebaa06b3aee876f3deb05da26976ed6940ec1ca9703fdaa5194b9b925ea6587c4d78e23eab89b36e3cc9c6e9349a4d34db69a6d7569a7d1a68f55a2b91f8f9f18b4dfd9f3e0af8a3c6dab7cd61e18d366bf9230db5ae191494894ff79df6a0f7615aff000ff5ebff0015780f44d5354d2db43d4f52b082eaef4e69bce6b095e356784bed5dc51895ced19c74157ccafcbd4ed55e9fb5f617f7ad7b795edf99af453219d2e1498dd1c2b15254e7041c11f5078a7d51b0514514005145140051451400514514005145140051451400514514005145140051451400514514005145725f1dfe25ddfc1af841aff8aacb40bff144da05a9bc6d32c9d52e2e62420c9e5eee0b2c7b982f56db81c9149b495d99d5ab1a709549ec936fae8b57b5d9d6d54f105a5ddfe837b069f78ba7dfcf6f2476d74d08985b4a548490a1203856c1da48ce319154be1ef8ff0048f8a9e06d23c49a05f43a968bae5a477b657311f96689d4329f5070790790720f22b628d1ad071946a439a2ee9add766b74d7ae8cf88bf6b8fd9763f8176be0df8cfe29d7fc43f156e3c05afc375e274f11f977365fd973836f3cd6d60882de06b769127531a6e0236dced8cd7db3693c5756b14b03c724122068de320a329190411c118aa5e2ef0a69fe3bf0a6a7a1ead6d1dee97ac5a4b63796f20cacf0c8851d0fb15623f1af3afd8bbc03e2ef849fb3fe97e0ff00193a5cdf784a69f47d3ef84eb2b6a5a6c32b2594ef8fbae6dc46194f39524f5ac614f926f9568ff35fe68f1f0982583c6c9518fb9515dbd5da71d356db7ef45a7ab7ac5ed73d07c73e10b3f885e09d6340d453ccd3f5cb19b4fb95fef452c6d1b8ff00be58d7ce7ff04a4f863e13f0f7ec99e18b8b4f08f86746f16e88d75e1fd76eed34c861bb9ef2c6e65b495e590287677f28392c493bebea1a4540830000324f03b9ab74d39a9f63b2ae5f09e2e18b695e31947549eed3567d2cd74dee791fc3ef83badf80ff006c8f88be29863b76f09f8f346d26695fcd1e6c7aa5a79f6ee3675dad6c6dfe6f58c0ed5eb7321962655768cb02032e32bee3391f98a7515518a8ab237c3e1a1462e10d9b94be727776f2bdfef679afec7fa4f8bb44fd9c3c316fe3ad4753d57c52b14af7973a8a225db869e46884a14050eb118d4e0755f5af4aa28a231e5491586a2a8d28d24dbe5495deadd95aedf70af1df8eff00b3b6bdaefc4dd33e23fc3bd734ff000f78fb4bb13a55c26a56ed71a5f882c0bf982d6e95087529212f1cb19dc859c6183115ec545138292b3271585a78887b3a9dd34d3b34d6cd35b35fe7ba6d3f9bfc71e00fda03f68af0f5c784bc472fc3ef86de17d56336bacea3e1dd52eb56d5ef2dd86258ad7cdb7823b7f31495f31bcc640c485ce0d7bef833c1fa6fc3df08695a068d691d8691a25a4561656d1fddb78624088833d82a81f8569d1530a6a2efbbf331c2e021466eab94a526ad793bbb2d6cb4492beba2d5eadbe9f39fedc96e7e277c56f823f0ba721745f18f89e4d63580df76eedb4980deadab0ee249c4048f48dabd7fe3d7c5fd3be007c17f1478d755e6c7c33a6cd7ee99c19d91494897fda77da83dd85677ed05fb3d697fb41f87b4e86eaff54d0b5af0fdeaea7a1eb9a5c8b1df68f74aac9e6465832b2b23323c6eac8eac411d08f399bf63df1b7c4ed7b468fe29fc545f1b785341be87528b42b0f0d45a3c7aa5cc2c1e07be759643322380fe522c68ccaa482005ace4a6a527157becfb69d7f33cdad0c651ad5e5469f34aa72f2caead1b47952926d3b45b72d13e6bdb46751fb0efc21d47e0dfecdda1daebff003f8b75e69bc43e24948c34ba9dec86e2e33fee349e58ff006635af5a9a64b685e491d638e352cccc70aa072493d853abe66fdb77e2237c5af88be1afd9d7c3fac47a6eb1f10a092fbc4d751dc2c771a6f87e23fbf58f27266b9c18500070a6562005cd5b6a94125e8bccebab529e5b828c60afca9462afaca4f48abf793d5bff0013e87d1fa26b765e25d22db50d3af2d750b0bd8d66b7b9b69565867461957475243291c820e0d5aaf94fe34fc2eb4ff8276f84e5f88ff0cee26d0fc1da4dddaffc247e0a3219349bfb79a78e079ed118936b76be6061e5909295c32127757d594e136db8c959a36c1e2e75252a35e3cb52366d2774d3bd9a7a3b3b3566934d6bd1b28a28ad0ef0a28a2800a28a2800a28a2800a28a2800a28a2800a28a2800a28a2800a28af25fdbaf42f12ebffb22f8f63f076abab68fe25b4d31afec6e34cb96b6bb76b7659cc31c8bca9956368b23fe7a54ce5cb172ec73e2abba34275945cb953765bbb26ecbcdd8f5aa2be3ed4be3d7c4afd98be0768ff1163f14e87f18be1a6af696b77630eb0174af14ba5caa9821825810c17d33060046628e473c6e279af6cf817fb5ff0086be38f88e6f0e8d3fc51e12f18da5b7db2e7c3be23d265b0be8a10554c8a48314a99603744ee391d3359c6bc5be57a3febe47061b3bc355a8a8cef09b49a52eb7d55a4af177e9669bfe53c8347f1de91ff04d2f8d1aaf86bc4b7a9a3fc18f1d3dceb7e17bd9158c1e1ed4b996f34ac283849be69e0400658cb1a8638af58f831f15fc7ff1b3c683593e154f067c36481c5aaeb913aebfadb9c6c9840182d9c2392165dd2bf1948ebd4756d02c35e36a6facad2f7ec53add5bf9f0ac9f6799721644c83b5c64e1872326add11a4e2ec9e9dbfae82c2e5b568cf92352d493bc62959abebcae5afba9df96292d1d9bb24828a28ad8f6028a28a0028a28a0028a28a0028a28a0028a28a0028a28a002bc2b4dff00827ff82f598fc6775e3443e33f1078d75c6d667d667436b7ba76cf92ce1b49636f32dc5b4584468dc3125dbf8c8af75a2a2508cbe2573971382a188b7b78295af6beab5567a6db75dd74b6e7c6ff00b23fecedac7ed2bf0e741d77e26fc4af19f8db4af0bf893528adbc377a2d63b2371a76a9736d6f25d491c2b35d15104720595c8dfc907a57d9154b42f0de9fe17b69a1d36c6d34f86e2e25ba923b68562492691cbc9210a002cee4b31ea4924e493576a6952508dba9cf95e5d0c1d1505acacb9a576db6b45ac9b7b6caf65ad9051452330452490001924f415a9e90b4514500145145001451450014514500145145001451450014515e0dfb60fc6ed42d7c53e15f843e11d5e1d0fc75f137ce58b5495d53fb134e8866eaea20d8f32e769d90c6b93bdb79c2c6d5139a8abb397198b861a93ab3f249756dbb24bcdb692fbde899ee9657f06a56fe6db4d15c4459937c6e1d72ac55864770c083e8411529018104020f515e3be1cf14f877f671f14f803e0a781f417be97ec6f71710433855d0b4c40dbafae5c8259e59c85507e6964791b3f2b1af561e21b06d7db4a17d667544b7176d67e72fda1612c504a533bb6160577631904678a232befb861f131a89a935ccaca56d94ac9b49bb5ed7ff00349e8be49fd83ff67bd3bc3df193c73a27892faf75bd43e0aebb2e9be0ed32ef69b3f0f6917a9f6bb59e14030d3ba4cf0999b2cab6fb17680c0fd85505be976d697b717315bc115cddedf3e548c2bcdb4617711cb607033d054f4a953508f2a30caf2e860a87b08777af95ddafbed1b47d22924968145145687a2145145001451450014515f16ffc14a7fe0af67fe09e7f17743f0a8f87a3c5ff00db3a3aeabf6afeddfb079399a58bcbd9f67973feab3bb23ef631c64e55ab429479e6ec8f3735cdb0996e1de2f1b2e582695ecdeaf6d126cfb4a8afca2ff889d9bfe888affe161ffdc547fc44ecdff44457ff000b0ffee2ae5fed3c37f37e0cf97ff8895c39ff00411ff924ff00f913f5768afca2ff00889d9bfe888aff00e161ff00dc55f47ffc1353fe0ae6ff00f050ef8a7aff0086ff00e15e8f08a687a57f699bafeddfb7f9c7ce8e311ecfb3c5b7ef939c9fbb8c739aba78fa13928465abf267665fc7791e37110c261abf34e6ec972c95deaf76add0fb3a8a28aec3eb828a28a0028a28a0028a28a00a1e28f14e9be08f0e5f6b1ac5fda697a569b0b5c5ddddd4ab1436f1a8cb3bb3600007735f25f877c5f73ff0562d4b5582c353b8d0be016877a6c2fa0b6b86b7d63c6f32aab98e6da44969625594ed3b65995813b55863e96f8c3f037c2ff1f741b0d2bc5da5a6b5a569fa843a9a594b2badbcf345931f9d1a90b320273e5c819090a483815c27c5efd9ab5c8fe250f885f0b35ad2fc27e3696d92c755b6d42d1ee347f135bc7fea92ee38d95d658b24473c677aa92843290073d68cdbfeef55d5ff005dbafe7e0e6d87c5569256e6a2be28a7ef4fbf65cab4bc2e9cd5d3924b9659ff00b34f8935cf83ff0015f51f829e27d46e35f5d2b491ae784b5bb87df75a869026103dbdd1fe2b8b691e24327fcb549636386dd9f78af16f809fb3d78b74af8bbaa7c4bf899e20d235cf1adf698343b1b4d16d64b6d2742b0f344cf14224669257964547791c8276228002d7b4d5d14d475f97a1d794c2ac70fcb5134aef954be250bfba9eaf55af56d2e54db698514515a9e98514514005145140051451400514514005715f1e3f67bf09fed27e077d03c5ba5a5fdaac82e2d674730dde9b70bca5c5bccb878a553c86523d0e4120f2ff001dbf6aa9ff00674f18c27c43e06f155c780a4b55926f1669308d461d366dcdbd6e6d62cdc4712a843e72aba92c4103193df7c34f8a7e1bf8cbe11b6d7bc29aee95e22d1aec7eeaf34fb959e263dd495270c3ba9c107820567cd093707f71c12c46131329e0e6d37d62d6ebbd9a575e6aebcd347c99e12bcf197fc135fc49e2b93c51e1cf137c60d37c6b749269fe33d363375ae5d5cac6b0d9e99a9464fc8321638a78f116e932caacec6bde3f659f819aa7c3db1d5bc59e339adf50f897e39912ef5fb984ee86c55411069d6c4f4b7b7525477763248797e3d6a8a8850517be8b6f2ff33970593430f34d4dca11bf245fd96ef777de4f569395da4dabbbdc28a28adcf6428a28a0028a28a0028a28a002bf173fe0e50ff93b9f047fd8a11ffe96dd57ed1d7e2e7fc1ca1ff2773e08ff00b1423ffd2dbaaf3736ff00767ea8fce7c55ff927a7fe387fe94cfceaa28a2be54fe5d0afd43ff8367bc273b7c42f8a1ae988fd9934eb4b0593b6f32b3b2fe4aa6bf2f2bf73bfe0825f0525f84dfb2e6a17573198eef5eb886eae14ae0ab946700fa111bc408f55ad709552c651a4b7937f728b6ff4fbcfbff0cb072ad9fd19ada1cd27ff0080b4bf33eeaa28a2bedcfea90a28a2800a28a2800a28a2800a28a28012491618d9dd9551465989c003d4d7cdbf123fe0a0b26b579ab69df057c17a97c62bff000f079357bfd3e75b7d16c446373c0b76d95b8ba2a3090c3bbe661b99706bb1fda2bf6464fda8bc4905b78a7c61e255f87c967e55cf84b4c97ec106a971b9b325cdc4644d247b4a01082abb93712d9c0f1efd97ff006d3f875fb2e784356f849e3ff15683e1bbff00851792e8569a8cb18b4b2d7ad225478a488aa88dae96296359e24cb89431c10e2b96ad492972b7cabbff005b7ccf9accf1f5e15950a935429cae9546e2db695ecafeec55b54e576ecd24aeaff52fc2df899a37c65f875a2f8abc3f76b7ba2ebf691deda4c060b238ce187f0b0e4329e558107915bd5e01ff0004ed86e6e7e17f8c3588b4cd4346f0b789fc67a9eb5e15b3bc81ada58f4c9da3612792c034492cff006999508042cca70335eff5b5293941499ec65b8996230b4eb4d6b25f2eaaeafad9daebc9a0a28a2b43b428a28a0028a28a002b9df8aff13b4df835f0ff0052f136b11ea72697a4a2c973f60b09afa7442eaa5c4512b3b2aeedcc403b55589e01ae8a8a4ef6d08a8a4e2d41d9f476bd9fa697f4b9f3e7c73fdafb48f1c7ecf7672fc23f13691e21f127c45be8fc33e1ab9b19c4c2d2ee75264b89141dc9f6681659d958023ca00819aaba77fc1337c11f0fb4fd16e3e1d6a7e21f865e27d16cedecdb5af0fdc2c6dabac4a1737d6eead6f765b04b348858939dd5adf197fe09ede06f891e3d8fc71e1efb6fc38f8936acd25bf8a3c37b2dae5dd8107ed111530dcab03861221257237015defc02d2be22685e15bbb2f891ab78675fd4ed6e8c765a9e8f69259fdbed822ed927858b2c7316de0ac6c5300118ce0732a6e53fdeabf66bfaba67cec30556be29ff0069d252d1284a3f0ab6adead4e1293ed7d124a5d1f743a514515d47d285145140051451400514514005145140057e2e7fc1ca1ff2773e08ff00b1423ffd2dbaafda3afc5cff0083943fe4ee7c11ff0062847ffa5b755e6e6dfeecfd51f9cf8abff24f4ffc70ff00d299f9d54515dafc0af80faefed01e348f48d1a12234c35dde3a9f26ca3cfde63ebd70bd58fe247c856ad4e8d3756abb456adb3f9869529d59aa74d5dbd91d7fec59fb3b4bf1cfe27c57179016f0e686eb717ecc3e49d81ca41efb88e7d141e848afdfefd8b7c2dff08cfc01d2dd93649aa4b2deb8c7f79b6a9fc5110fe35f027c08f81b61f0dfc3ba3783bc39013e64c902bb0fde5dcf210a64723ab31c7d0600c0000fd44f0d6830f85bc3b61a65b0c5be9f6f1db47c63e5450a3f415e5f0562a59a66b5b30b5a9d38f247fede776fd5a5f7591fd09e18e44b08ea5697c4959bf37d3e497e25da28a2bf553f600a28a2800a28a2800a28a2800a28a28011c1284290ac47048ce0d79dfece7fb3e59fc0cf835a4786af278bc41a94134ba96a7a9dc4037ea5a94f2bcd717441ce0b4b2391c92abb4678af45ae5be327c67f0f7c03f01dc7893c4f773d9e956d24709682d26bb9649246091c691c4acecccc428007522a64a2bde97439abc2845fd66b5972a7abd92766fcba2d7e4753457ce1ff000bbbe387ed0bfbbf87de01b7f867a04dc0f1178f949bf753c16834a85b7861d47da258c1eebdabd67e04fc2fd6fe15f84ae2d3c45e38d7bc7dabdf5d35e5cea3a9c305b8466555f2e08614558a11b3213e6c1663b8e6a635399e89dbbff5a9861b305889da9425c9fccd72af9295a4efdd452f3676d45145687a014514500145145001451450014514500145145001451450014514500145145001451589e24f893a0784037f696b1a7da3af58de61e67fdf03e63f95635f114a8c3da56928aeeda4bef6d1329c62af27636ebf173fe0e50ff93b9f047fd8a11ffe96dd57e9d78d3f6d6d0747478f46b3bbd5a61c2c8e3c887ebcfcc7e9b47d6be59f8e034ef8f9f166cfc6be22d1748b9d7b4cb35b0b198c1b859c2b23c80206270dba463bbef738ce381f9e71278819451a2e8d09fb59f68edf393d3eeb9f01c76a966596cb01466b99ca2efab4926dbff807e6afecdfff0004ff00f13fc647b7d4f5c49fc35e1c7c3f9b3262eaed7fe99467a023f8db8e720374afbb7e1afc28d07e0df84e2d1bc3d61158d94477363e69277c0cbbb1e598e3a9f60300003ad9aab346d34811159dd982a803249f415f8b66fc418bcca56a8ed1e915b7cfbbf5f9247e7580c8f0d808feed5e4f793dfe5d9792fc4f5dfd883e1c1f177c593abcc9bacfc3d1f9d9238699c158c7e1f337d5057d975c0fecd9f09ffe1517c2eb3b19902ea5787ed77c7b89580f93fe02a02fa6413debbeafe86e0ac95e599542954569cbde97abe9f2565eb73f6be1fcb9e0f0718497bd2d5fabe9f2565f78514566f893c61a5783ed3cfd5350b4b18cf4334814b7d0753f857d455ab0a50752a49452ddb692fbdd91ed3924aecd2a2bc8bc51fb61e81a63b47a5da5e6ace3a39fdc447f1605bff1dae2757fdaebc47a9122d2df4eb043d0ac66471f8b1c7fe3b5f1598788d90e11b8fb6e76bf91397e3a2fc59c92c7d14ec9dfd0fa4e8af932efe3778b35572d2eb97aa5ba88984407fdf005571e3fd7ae31e66b7abc9fef5e487fad7cb56f1930117fbbc3cdfab8aff32a38a8cb647d77457907ecabab5d6a926bc6e6e6e2e4a0b7dbe6c85f6e7cdce335ebf5fa3f0e6751cdb2fa798421c8a77d1bbdacdadd7a1d29dd5c28a28af6c614514500145782fed21e2df15fc4df8e7a07c1ef06ebd73e10fb76932f88fc4fafda2235f5969cb30822b7b4de195679e52e3cc20f9690b100b118c8d73f60ed47e1ce8d36b3f0bfe247c47d37c6d6686780ebfe24bad6b4bd6a55e7cabdb7b86652927dd2f16c74ddb94f1838baaeef9637b7f5a1e4d4ccab73cd61e8b9c60ecdf325aa49b514fe26aeafac55f44ee7d2345711fb377c6883f688f815e18f1a416afa79d7ac9669ecddb73595c29293c04f731caae99efb735dbd6b1926ae8f468d6855a71ab4dde3249af46ae828a28a66a14514500794fed35f1cb5ef87179e15f0b78274ad3759f1ef8eeea6b7d2a2d4a678b4fb28608fcdb9bcb96405cc512941b53e6779514119cd79dcdfb6178b3f65bf1cd8e8ff00b4149e05b0d23c436b3cda2f897c36b771db4b710ec2f652daca64944ccae1a3f2d9f7ed650b9e2b43f689d2fe24784ff6b3f0c78ffc2df0f1be22687a27856f747fb2dbebb6ba75d5a5c5d5d5bcb24a8b7042bfeeed635fbc3ef1f4af33f89dfb565eeaff00b4b7c31f11f8bbe0efc63f0a787fc0d6fabdc5f5c4fe196d5218ef278a082dca3d8b4e0a88dae4963820edc039ae2ab51a937769df4d1dadf77ea7c76639854a55a7375250929c6314e32f66e3eea72768352de4efce9ae556b6b7fa8fe087c5d9be35f862e759ff00845fc4de17b0fb5343609aeda8b4bbd4210887ed220c9789199982aca15cec24aa8233d9d637c3cf881a5fc54f04e9be21d1269ee34ad5a113db4935acb6b23212465a29556443c1e1941ad9aeb8ecb5b9f57866dd28b72e7d37b257f3b2d2ddbc828a28aa360a28a280382f8c3f18e6f8617d650c56315dfdae36725e42bb7040ec2b85bafdadf53507cbd22c54ff00b523b7f854ff00b59ffc87347ffae127fe842bc727ef5fce7c6bc699d60f3aaf84c2e21c6116ac928e9eec5ff2b7bb39ab4e4b63d22fbf6b7f11ba91159e9117bf952311f9be3f4ac1d57f69df18de2909a8c36c0ffcf2b68ff9b026b8b9bbd549ebe3aaf18e795749e2e7f295bf248f2abe22a7f3334fc43f143c45e234297bad6a53c67ac6676087fe02303f4ae5a739ab735549ebc7ad8aad5e5cf5e6e4fbb6dfe6d9e16265293bc9dca92d549aadcb5526a2278b5ca9357b8fec67f021fc4dafa78b35387fe25ba749fe828e38b89c7f1ffba87ff1ec7f748ae53f67ef80379f19bc44249964b7d0acdc7daee00c193a1f290f7623a9fe10727b03f68e93a4db683a65bd959c11db5adac6228a241854503000afd6bc3be10962aac734c5c7f771778a7f6a4baff853fbdf9267adc3f92bad5162ab2f756cbbbefe8bf17e858acef14f8b74df04e8f25feab790d95a45d5e43d4fa01d58fb0e6b03e32fc67d2fe0d7877ed7787cfbc9f2b6b66ad87b86fe8a3bb76f7240af8ffe23fc55d63e2c6bc6fb55b8dc109105ba64436ca7b28fe64f271c9afd078bb8e30d93af614973d77f67a47ce4ff0024b57e4b53e9b33ce69e17f771d67dbb7aff0091eb5f13ff006cdbed61e5b4f0cc274fb6e54ddcca1a77f755e5507d727e95e3f7dabdd6b97cf757b733dddcc9cbcb3485ddbea4f35990f5ab70d7f3ce75c418fcd2a7b4c6d472ecb68af48ad17e2fccf989632b6225cd5657fcbee2dc3d6adc1c62aa43d6adc1c62bc091e8502dc3daadc1daaa43daadc1dab091ecd03daff647fbfe20fa5bff00ed5af67af18fd91feff883e96fff00b56bd9ebfaafc34ff92730ff00f6ff00fe9723d586c1451457dd94145145007817ed21a6eb9f05be3e787be31e89a0ea9e2ad2a0d1e5f0c78af4cd2e1fb46a0964d32dc5bde5bc23994c328903c6b9629392a094c564ebdff0531f07f8bf499b4ef855a77893e2578e2e90c763a3d9e877b6b1c131e15af279e28e3b6895b1bd9d81033804d7d274562e9caef95dafe5f91e454cbf10a73786abc919bbb5caa4d36926e2eead7b27aa924f55d51e77fb26fc149ff677fd9dbc2be0fbcbc4d4752d2ad59f50ba40425c5e4d23cf70e9900ec334b215c8ce315e894515a462a2945743d1c3d0851a51a34d5a31492f44ac14514551b051451400515e45f163e297c63f0df8e2eac7c1ff00097c3fe28d0e354306a97be355d31e625017060fb24a576b12b9dc738cf19c571be24fdac7e2dfc1ad1e6f10fc43f82f6367e0dd3d7ced5751f0df8ad757bad26dc7dfb87b57b685a48d07ccde5b165504ed38aca55a2b7bfdccf2eb66f42936aa29a4b77c93e556eb7b5ade7b5b5d8fa3e8a834bd52df5bd32daf6ce78ae6d2f2259e09a36dc92a300caca7b820820fbd4f5a9e9a69aba0a28a281851451401e1ff00b59ffc87347ffae127fe842bc727ef5ec7fb59ff00c87347ff00ae127fe842bc727ef5fc97e21ffc9458af55ff00a4c4e4ae559bbd549eadcddeaa4f5f2313c6ae549aaa4f574c6d34815159998e0003249f6aecfc19fb3478afc6ee8ff613a5da37267bdcc5c7b27de3edc63debd4cbb2cc5e36a7b2c25394df926fef7b2f9b47972a33a8f969abb3cd25af56f827fb276a5f10248751d6c4da5e8d90ea846db8bb1fec83f754ff0078fe00f51ed3f0bbf65ef0f7c3b68aeae231ac6a698227b841b233ea91f207d4e48ec457a557ecfc31e1772496233869f5504f4ffb79f5f45a7767a183e1f57e7c56be5fe6ff0045f794f40f0fd9785b47834fd3ada2b4b3b55d914518c2a8fea7b9279279ac6f8aff001434ff00847e0e9f57d40eedbfbbb7801c3dcca41da83f2c93d8026ba39a64b685e49195238d4b3331c0503a927d2be1afda37e33cbf193e20cb34323ff63e9e4c16119c80573cc847ab919fa051dabedb8c388e1926017b14bda4bdd82e8acb7b768ae9decbb9db9de691c061d727c4f48afd7d17e76460f8ebc7da97c4bf145c6adaa4c65b89cfcaa3ee4299e1107651fe24f249aa10ff005aa90d5b87fad7f31e22b54ad51d5ab272949ddb7bb6cfcee9ce53939cdddb2dc3d6adc3556da369640aa0b331c00064935dbf85be04f8bbc5015ad743bd48dba4970a205c7a82f8c8fa66a70d81c4e2a5c986a729bed14dfe49fe87b385a739bb4137e873b0f5ab70718af57d03f632d72e5035fea7a75967f8630d330fafdd1f9135d5699fb1a69d6ea3ed5addecc4753142b17f32d5f4d87f0ef882babac3f2afef4a31fc2edfe07d0e1f035fac6c784c3daadc1dabe86b3fd943c2f6a06e93559c8fefcea3ff0041515a16ff00b36f84a0033633c98eed7327f422bd2878499e497bce9aff00b7aff944f56961a71dce53f647fbfe20fa5bff00ed5af67ac4f077c3bd23c05f68fecab536c6eb6f9a4caefbb6e71f789c7de3d3d6b6ebf72e10c9eb65594d2c0e21a728f35edaad64df54bbf63ba2acac1451457d294145145006478f759d53c3be0dd4afb44d15bc45ab5ac0d25a698b751da9bd90748c4b27c899f56e057ce0bfb6a7c6bbbf8aefe0b83f67ab18b5f4d2575b315dfc41b58d3ecc663086df1db4833bd48da39ef5f4a78cfc5769e03f07eadae5f8b8363a359cd7d73f6781e797cb890bb6c8d01676c29c2a8249c000935f26cbf117e27f867f682d3be39788fe19eb36fe06d4b449bc33fd83a5dbbea1e26d26d8cf1dcc17f776f1920ee65915a08773c2aea58b1dc179abc9a6acdaf4eddf667cee775ea539d3f675671d57372c534a1769c9b7095acecbeff75d9b5e95f08ff696f88fabfed1961e03f883f0ef41f070d67c3f7bae585c69fe253ab3486d6e2d2278dc7d9e20b91740e413f77a57bd57ce1f07fc45aa7ed3bfb5cd9fc45b7f0c78a3c35e09f06f862f343d3e7f1069d269b77ad5e5edcdb4b2bc76f201208238ed106f755dcd21c02149afa3eae8b6d3bbbeba7f5a1d993d49ce94e529b9c799f2ca4acdc7ddd7e18e97e6b3b2baf930a28a2b63d60a28a2803c8fe31fedddf09be0078d64f0e78bbc636ba3eb714493b5a1b4b99a408e32adfbb8d8723debccfe2e7fc1423c17f19be196bde14f85b69e23f88fe2ff0011e9f3e99616165a05ec56b1c9346d1896e6e2689218a052d97667ce01c035f545158ca151dd5d5bd3fe09e4e270b8eabcd05563184aeb4837249e9bb9daf66f5e5b791cc7c12f00c9f0a3e0c7847c2d35c0bb9bc35a2d9e94f38ce266820488bf3cf2573f8d74f4515aa565647a74a9c69c1538ec924bd12497e0828a28a65851451401e6bf1dbe136a9f11b52d3e5d3dad156d62647f3a42a72483c601ae162fd947c43707f7977a4c23febabb1fd13fad7d09457c3669e1de4f9863278ec52939cf576934b64b64bcbb912a6a5b9e1563fb1e5c4ae0ddeb90c6bdc436c5c9fc4b0ae9347fd927c316255aee4d475061d43cc2343f82007f5af51a2b7c1f87f90619de386527fde6e5f9bb7e067f55a5d518de19f87ba1f8380feccd2ecacdc0c798918f308f773f31fc4d6cd1457d650c3d2a1054e8c5462ba2492fb9246d18a8ab2560a28a2b619e2ffb6c7c573e07f86eba35ac9b350f111684ed3cc76e31e61ff81642fb866f4af8f60aef3f6a8f8887e22fc6bd5258e4df67a63ff67db63a6d8c90c47ae5cb9cfa115f337ed2ff00b5fe81fb38e966ddf6ea9e249d375be9b1be0a03d1e56fe04fd5bb0c648fe69e2dc757ceb3a9d3c3272517c914bb27abf9bbb6fb58fc6f89739a73c54ebd595a10d17cbf56eff81ea7e2ef1ce8ff000ebc3f36abaeea569a569f0637cf712045cf603b963d80c93d853bfe09f5f1c3c21fb71fed11ad78434d8f564d2f41d21f5592fc8587ed656786208884160a7cd277360f18c739afca6f8c1f1c3c4bf1d3c48da9f88b5192e9c13e45bae56ded14ff000c69d1474e79271c926bee8ff836bffe4eebc6ff00f62849ff00a5b6b5f51c39c078585684b30fde3bfc3f67f46ff05e47ca70ff00134b1d9de1f074e36a52959df76ad27f2d979f99fb09e0df85fe1ff0040a9a4e956968ca31e684dd337d5ce58fe75bf4515fb461f0d4a84152a11518ae8924bee491fd1b08460b960ac828a28ad8a0a28a2800a28a2800a28a2800a28a2800a2b03e285bf89eebc09a827832eb43b2f13154fb0cdac5bcb71628dbd4b798913a39053701b5860907b62bc5c7887f6a9f0dfcf73e18f819e298d7aad86b5a96952bfd04b04ca3fefa359cea72bb59fc91c389c72a125174e725de31e65f83bfe07d0f45799fc09f899f127c71ab5fdb78efe185bf8122b5855edeeedfc4d06b10de396c1401238dd7039cb2815e995519292ba3a30f5e35a0aa4134bcd38bfb9a4c28a28aa360a28a280313e247c46d13e10f80b56f13f88f50834ad0f43b67bbbdba949db0c6a32781c927a05009248001240af0cb1fdab3e3478cec975cf0d7ecf7793785e65f36d86b5e2cb6d2b59bd84f475b331bac448e424b2a31cf3b6b47fe0a3b0adbfc04d2355be4697c35e1cf17e83ac788e2dbb95f4c835185e7675fe244f9646078db1313d2bde6d2ee2bfb58a78258e682641247246c192452321811c104771584b9a53714ed63c6acebe23173c3c2aba6a0a2fdd51bc9cafade49fbaad6b25abbddec8e33e00fc7dd17f68af033eb3a445a8584f6775269da9e97a8c1f67bfd1ef23c79b6d711e4ed91720f04821958120835dbd7cfbfb3a5f5bebdfb70fc7cbfd15d25d0a28f41d3af6688ee864d62182e3ed2a08e3cc481ec91fb82aa0f2a40fa0aae949ca377fd58e9cb3113ad439aa3bb4e51bad13e5938dd7adbd2f7b6960a28a2b43d00a28a2800a28a2800a28a2800a28a2800ae7be2d78c07803e1a6b9ac642c9616723c59e864c6107e2e547e35d0d784ffc143bc756fe09fd9f666b99d6dedae6e95ae5d8e024312bccec7d818d6bc9cf718f099757c44778c5dbd5ab2fc5a3cfcd715f56c1d5af7b72c5bf9db4fc59f9d1fb59fed3f6bfb3b7827cd8cc777e24d5372e9f6ce7383de693bec527eac703d48fce2f12f896ff00c63af5dea9aa5dcd7da85f48659e795b2f231eff00e00700000715d2fc7ff8c377f1cfe29ea5e20b9de90ccfe559c2c73f66b7527cb4fae3938eaccc7bd7195f9c70ee490cbf0e9c97ef25ac9fe9e8bf1777d8fe3fce7349632b593f716cbf5f57f9057e8aff00c1b5ff00f2775e37ff00b1424ffd2db5afceaafd15ff00836bff00e4eebc6fff0062849ffa5b6b5f5b97ff00bcc3d7fccf5b80bfe4a1c27f8fff006d91fb47451457d81fd7414514500145145001451450014514500145145001457957c73f899f14fe1d78a6da5f08fc33d3fe207869ad55ae7ecfe238b4ed5609f7bee0914f188644d9b31fbd5624b0c7033c647ff052ef03785e4587e21685f103e145c13b4378a7c3b3c366edd0edbb804b6e47b9900fe5594ab422ed276f5ff3d8f36b66f84a3374ebcb92dd649a8bf4935cafff000247d1145794fec51f1075ef8bbfb3968be2ff0010dd3dcdcf8b67bcd62c95a148becba7cf752c965100a0642da9846e6cb1e4926bd5aae12e68a92ea75e17111af4615e0aca49357ecf55f859fcc28a28aa370a28a28020d534cb6d6f4db8b2bdb782eeceee268678268c4914d1b02ac8ca7865209041e0835f3eaffc137f41d1e36d3fc3bf11fe32f843c2a4fcbe1bd1bc52d169b021eb1c45e379e18ce4fc914aa067802be89ac0f117c56f0bf8435f8349d5bc49a0697aa5d45e7436777a84305c4d1e4aef58d98315c823206320d67521096b3febf23831b83c256b4b1515a689b76dfa5d4a2f5ed7b3ec43f08be0f786be03f806cbc31e12d26db46d134f0de55bc5962ccc77348eec4b3bb31259d896627249ae96a38af219ed44e92c6f095de24560548f5cf4c563780fe28786fe29da5f5c78675ed1fc416fa65db585dcba75dc7731dbdc2aab344cc8480e03a923a8c8aa56568a3a69fb2a4a346164ada2565a2ecbb25d9686ed1451546c1451450014514500145145001451450015f9bdff0007187c5f6f07fc15f0af872d6731dd788269d25456c1f23f7658ff00e39b7e8e6bf486bf1c3fe0e5ad67cefda17e1ce9f9e2dbc3b2dc633ff3d2e5d7ff0069d78f9ed3f6985e47b7346ff277fcd23e13c4ac4ca8f0f5771fb5cb1fbe5ff00fcd6a28a2be6cfe520afd15ff00836bff00e4eebc6fff0062849ffa5b6b5f9d55fa2bff0006d7ff00c9dd78dffec5093ff4b6d6bb32ff00f7987aff0099f5dc05ff00250e13fc7ffb6c8fda3a28a2bec0feba0a28a2800a28a2800a28a2800a28a2800a28ac0f1b7c55f0cfc35bbd2a0f11788346d0a5d72e0da69eb7f791dbfdb660a5bcb8f791b9b03a0e693696ac89d48c23cd3692f3d3f3b1bf5c37ed37e0ff00107c43fd9e3c6be1ff000a4b67078875ed1ae74db19aea431c5049346d1f984804fca18b0e3a815da5e5f41a75abcf7134504118cb492385451ea49e05637853e29f863c77aa5e58e87e23d0759bdd3955aeadec7508ae25b60c4852ea8c4a8241c640ce0fa52959ae57d4cb10a9d483a1395b9d35ba4f54d3b75bd9bd932cf817c1f67f0f7c13a3681a72797a7e8763069f6a9fdd8a28d6341ff7ca8ad5a28aa4ada2368c5462a31564b40a28a282828a28a002b9cf881f077c23f166de387c55e16f0e789a2881544d574d86f5501ea00915b00d7474cb8845cc0f1b1755914a928c5586463823907dc52693566454a709c5c66935d9a4d7e29afc0f872c7f627f855fb48fed4b7fa67853c13a4681f0cbe1d4b25a78965d237d95bf8ab57651ff0012e090b2a1b7b6560d3607cd2b247d15ebed0f03f80743f867e1ab7d1bc39a3e97a0e916836c365a7daa5b4110f644000fcab3be0dfc21d0be037c33d23c25e1bb56b5d234687ca883bef965624b3cb239e5e4772cecc7966627bd74f5951a2a1ad95dff00563caca729a5848babc915527acb952497f75592f756dd2eef26aef428a28ad8f6028a28a0028a28a0028a28a0028a28a002bcb7e39fec53f0aff697f125a6b1e3bf05691e26d4ec6d859c17177bf7c5087670836b018dcec7f1af52a2a6508c95a4ae6188c2d1c443d9d782947b349afb9a68f9e3fe1d39fb39ff00d126f0c7e52fff001747fc3a73f673ff00a24de18fca5ffe2ebe87a2b3fabd2fe55f723cff00f57f2bff00a06a7ff8047ff913e78ff874e7ece7ff00449bc31f94bffc5d76df033f629f857fb347892ef58f01f82748f0cea77d6c6ce7b8b4dfbe584b2b943b98f1b914fe15ea34538d0a69dd457dc8d68e4d97d19aa94a842325b3508a6bd1a570a28a2b53d20a28a2800a28a2800a28a2800a28a2800ac2f88df0bfc39f17fc2d3e89e2ad0b49f1169173feb2cf51b54b8858faed604061d88e47635bb4526935664ce119c5c26ae9ee9ea9fc99f0f7863f618f84bf03bf6a23e12f1a781f49f11f85fc71235d781f51d6da5bf8f4eb88e3ccda2b0999906114cb6e4ae593cd4258c633f607c3df847e14f847612daf853c31e1ef0c5b4fb7cc8749d3a1b28e4db9dbb96355071938cf4c9a87e2f7c20d0fe387831f42d7e0965b5fb4437904b04a61b8b3b886459229e1917e68e44750430f71d0907a7aca9518c1bb2479196e51470739aa54e2a37bc5a4b995f78b76bd93f85df67cbf650514515b1ec85145140051451400514514005145140051451400515f98ff00b476af7717fc1c3ff0bed56eae16d9f4db72d089088dbfd1af3aae715fa715851aded1c95be1763c5ca33858ea988a6a1cbec6a386f7bd9277db4df6d428a2bf323f6e1d5eeedffe0be3f02eda3bab88ede4d334e2f12c84237fa4dff519c1a2bd6f6514ed7bb4bef0cf738596d185670e6e69c21bdadcf2b5f67b76ea7e9bd1457e27fece7fb135bfedff00ff000509fda0741d67c63e25f0edb78735fd4ef206d3e40c5cb6a52c7b487e0003d2a7115e54dc6318ddcbcec72e7f9ed6cbea61e861e8fb59d6938a5cca3b479b7699fb61457e73ff00c43a9e15ff00a2b9f113f286beadfd84ff0062bd3ff616f853a9f8534df11eb5e278353d5a4d59ae753dbe6c6cf0c3179636f1b40841fab1a74ea5672b4e165eb734cbb30cd6b5750c5e1152859fbded232d7a2b28a7afe07b5d15f919ff000529f83edfb4a7fc16a3c23f0eee75dd5f43d37c4ba35a432cf632624876c57326554fcb92500e7d6bd6ff00e21d4f0aff00d15cf889f94358ac55594a51a70bd9db7b7e87930e26ccb1188af470383538d29b836eac6376927b38be8cfd18a2be56fd843fe0963a2fec27f12b56f12e9be37f14f89e6d5b4c3a635bea7e5f951299639378dbceecc607d09aa9ff0005c4bd9b4fff008268f8fa5b79a582559f4cc3c6c5587fc4c6d87515b3ab28d275271b357d2ffa9ecd4cd713432cab8fc651e49c2329722929691575ef256d7d343eb4a2be7cff008253dd4b7bff0004eff8512cd23cb2be8a0b3bb16663e6c9d49afa0eb5a73e68a9773d2c062beb385a789b5b9e3195bb5d276fc428af983fe0b37793587fc1347e27cd04b2432a4161b5e362acbff131b51c1153ff00c11d6ee5beff00826c7c2e9679649a57b4bbdceec599bfd3ae7a9359fb6fdf7b2b74bfe36383fb617f6b7f65727fcbbf69cd7fef72dad6f9dee7d31457e5effc1c9bafea9e1fb7f8252e917b7f65782f356689ed2678e4f300b12841520ee07a7bd7d01ff0493ff829047fb67fc3397c33e2a916cbe29f83e210ead6f22f94fa944a420bb54e30dbb0b2a81f2b907003a819c7191f6ee83d1f4f33cea3c5b8696755324aab96714b95b7a4af1e66bc9a5b2d6e93b6d63ec2a2bc27fe0a737325a7fc13f7e2dcb148f1489e1db82ae8c5594e07208af32ff82125f4fa8ffc1387c2d2dc4d2cf29d475205e472cc7fd2e4ee6b475ad5952b74b9e8cf3851cda195f27c54dcf9afda4a36b5bcef7b9f61d15f999ff072aead75a57c2cf8586d6e6e2d8beab7c18c52142dfb98bae2b621ff0083763c2b2c28dff0b73e218dca0f486b19626a7b4953a70bdadd6db9e462388f1ef31ad97e0709ed7d928b6dd450f8d5d68e2fb33f46e8af867f67aff821c7873f67bf8d9e1af1b5afc4bf1bead71e1abd5bd8eceec45e45c15cfcaf8e71cd7dcd5d14a5392f7e36f9dcf7b2bc4e36bd394b1b43d9493d129a9dd5b7ba4adae960a28a2b53d30a28a2800a28a2800a28a2800a28a2800a28a2800a28a2800a28a2803f2fff00692ff958b7e16ffd832dff00f496f2bf502bf2a7f6ccf1e68bf0c7fe0e01f875af788b55b0d1345d3b4ab692eafaf665860b7536f76a0b3b600192073dc8afbbbfe1e37f013fe8b17c39ff00c1edbfff00155e7616a4633a8a4d2f79fe48fcff0085f1f85a18acc635eac62fdbcb4728afb31eed1ed15f981fb73ffca7f7e047fd8334dffd29bfafd07f845fb4bfc3df8fd737d0f823c69e1af15cba62a3dda695a84774d6cae4852e109c0255b19f435f9f1fb73ffca7f7e047fd8334dffd29bfaac7493a7169fda8fe66dc6b5e9d5cbf0f529494a2ebd1d534d7f13ba6d7e27e9fd7e247eccbfb6e1fd887fe0a23fb436ae3c13aff008dff00b6fc41aa59fd9f4a387b6dba9cafbdbe56e0f4afdb7afcc0ff00823aff00ca50ff006a3ffb09ea3ffa7696963549d4a4a2eceeff00232e33a55aae3f2da787a9ece6ea4ed2b295bf76fa3d19d5ff00c3ff009bfe880fc48ffbefff00b557dc3fb3c7c5ff00f85fbf04fc37e323a3dee81ff090d9addff675e7fafb4c92363f039e3d075aece8ae9a54ea45de73bfc923e932bc066342a3963315ed535a2f671859df7ba6efdac7e42ffc14a7c6be2df875ff0005baf076b5e04f0f47e2bf16d868b68fa6e92f9db7ae62ba52a7041e10b1ea3eed7b57fc37cfedadff0046c9a77e737ff1eaf39fdb33c79a2fc31ff83807e1d6bde22d56c344d174ed2ada4babebd996182dd4dbdda82ced8006481cf722beeeff00878dfc04ff00a2c5f0e7ff0007b6ff00fc5579d4a37a953f79cbef3ede5dcfcff2aa0a78ecc1bc7cb0ff00bf97baa54d5fdd8ebefabf969a6843fb0b7c65f8adf1abe1deafa87c5bf0041f0f75bb5d44dbd9d9445b1736fe52379bf33b1fbecebd7f86bcd3fe0b9fff0028c9f1ff00fd77d2ff00f4e36d5ee7f0bbf6bcf85bf1b7c4e745f07fc41f08f89b5710b5c7d8f4dd522b99bcb52033ed5627032327dc57867fc173ff00e5193e3fff00aefa5ffe9c6dabb2b5bead24a57d1ebff0c7d6e6ee3feaee2631adedad4a6b9ef16dbb3df974bebd0ecffe093dff0028e8f84dff006051ff00a364afa1abe24ff8269fedc9f073e1bfec25f0cf43d7fe27f81f46d674dd2445776579ac410cf6efe639dae8cd90704707d6bde74dff0082857c0bd635182d2d7e2e7c3eb8baba91618628f5cb76795d880aa006e4924002ab0f5a9fb28ae65b2eabb7a9d190e6b818e5b8683ad04f920adcf1bdf963a5b98f3eff0082d2ff00ca327e28ff00d70b0ffd395ad4ff00f046aff94687c2cffaf3bbff00d2fb9a83fe0b4bff0028c9f8a3ff005c2c3ff4e56b53ff00c11abfe51a1f0b3febceefff004bee6b3ff98cff00b77f53817fc95dff0072dffb94f96ffe0e40ff009097c04ffb09ea7fcec2b4bfe0ac3fb17f893f672f8af6bfb52fc1457d3b5dd0a7fb6789ec6d932920e8f79e58fbd1ba92b70bdd5b7ffcf46acdff0083903fe425f013fec27a9ff3b0afd3cbbb48afed658278a39e09d0c7247228649148c1520f0411c60d63ec155ad562f7f76cfb3b1e2bc9296699b66987a8f9649d17192de12507692f47bf75747c4df16bf6cff0dfedcdff00047ff89be30d0992daf57c39716dac698d26e974abb0a0b467d50fde46c7cca4742081abff000418ff00946d7857fec23a97fe95c95f0e7fc14d7f647f15ff00c1337c65e2cd6fe1c34abf07fe2fd8cda36a16382f069b2480b0b671db69cbc0fd400e872036ff00b8ff00e0831ff28daf0aff00d84752ff00d2b92a30f5272c528d45ef28b4fcf5dfe673e459862f11c4d0a1984396b52a338cbb4bdf8b538f9496be4eebd3c33fe0e65ff9255f0abfec2d7dff00a262aea20fdbe3f6d458502feccba7950a00399b91ff007fab97ff0083997fe4957c2aff00b0b5f7fe898abecfb6ff00828cfc055b68c1f8c3f0e810a011fdbb6fe9fef5371be26a7bfcbb76ede65ce8a9f11e3ef8c787d28ece0b9bdd7fcfdbcbbea703fb0dfed39fb42fc69f8b1a8e97f16be0f5afc3ef0edbe9325d5b6a31193335d89a15587e6918731bcadd3fe59f5afaaabc8fc3dfb7d7c12f16ebf63a5697f15bc03a86a7a9dc4769696b06b50492dccd230448d1436599988000ea4d7ae57a146dcb6e6e6f3d3f43efb26e48d0f671c4fb769bbc9b837aec9f269a74ea1451456c7ac145145001451450014514500145145001451450014514500145145007857ed0bff04d3f827fb557c423e2af1ef82bfb7b5e36d1d99bafed7bfb5fdd2676aec86744e371e76e79eb5c37fc3907f65eff00a263ff00971eadff00c955f575158cb0d4a4eee2afe878f5b8772aad51d5ab86a7293d5b708b6df76ec7917ecc9fb08fc29fd8e6ff0057baf871e15ff84727d7a38a2be6fed3bcbcf3d632c506279640b82edf7719cf39abbe3afd8cbe1afc4af8ff00a0fc52d6fc37f6df1df86628e1d3753fed0ba8fecc91b48e83ca49444d8695cfcc873bb9e831ea14552a5051e54958ea8e57838d18e1e34a2a117751e5564d3ba695ac9a7adfbea15e5ff077f632f86bf007e28f8a7c69e11f0dff0064f897c692c936b379fda1753fdb1e498cce764b2b2266462df22ae3381c715ea145538a6d36b637ab86a35270a95209ca0ef16d26d36ad75d9db4d3a051451546e7857ed0bff04d3f827fb557c423e2af1ef82bfb7b5e36d1d99bafed7bfb5fdd2676aec86744e371e76e79eb5c37fc3907f65eff00a263ff00971eadff00c955f575158cb0d4a4eee2afe878f5b8772aad51d5ab86a7293d5b708b6df76ec785fecf1ff04d6f829fb29fc413e29f00f82ffb075e36b2597dabfb5efeebf74e54b2ec9a774e4aaf3b73c75af46f8e9f023c29fb4a7c32d43c1be36d2bfb6bc37aa344d7567f699adbcd3148b2a7cf0ba38c3a29e186718391915d751551a5051e4495bb1d5472cc1d1a0f0b4a94634ddef1514a2efbdd6daf5ee7ca3ff0e41fd97bfe898ffe5c7ab7ff002555bd0bfe08b9fb34786b5cb3d4acbe1af917ba7ce9736f27fc243aab7972230656c1b920e080704115f51d151f55a3fc8bee470ae18c9d3bac253ffc023fe472df1a7e0b7867f687f863aa7837c63a6ff6c786f5a58d6f6cfed12dbf9c1244957e78995d70e8a7e561d31d3229df06be0df86ff67df867a5783fc21a6ff64787344478ecad3ed12dc792af2348c37cacced97763f331ebe95d3d15af2ae6e6b6a7abf56a3edbeb1c8b9ed6e6b2bdaf7b5f7b5f5b773cbff690fd8cbe1afed732e80ff10fc37ff090378625966d30ff00685d5a7d99e4f2f79fdc4a9bb3e547f7b38dbc63273ea1451428a4db4b5614f0d4615255a104a52b733495ddb4577d6cb6bec73df15be147877e38fc3cd57c29e2cd2adb5bf0f6b70982f2ce7dc1655c8230ca432b020156521948041040359df017f67ff08fecc7f0dad3c21e07d23fb13c3b6324b34169f6a9ae76348e5dcef99ddce5893cb71dabb2a28e48f3735b50785a2eb2c4382e74adcd657b6f6bef6bf43cc3f699fd8d7e1b7ed89a569563f11fc37ff091dae892c93d927f685d59f92ee02b1cc12465b2147dec8e2bc83fe1c83fb2f7fd131ffcb8f56ffe4aafaba8a89e1e949f34a29bf4387159165b89a8eb6230f09c9f59462de9e6d1f32f81ff00e08e9fb38fc38f1a68fe22d17e1d7d8b58d06f61d46c2e3fb7f5493c89e191648df6bdc956c3a8386041c7208afa6a8a2aa14a10d2092f43a30596e1307171c2528d34f57ca92bfad828a28ab3b428a28a0028a28a0028a28a0028a28a0028a28a0028a28a0028a28a0028a28a0028a28a002be77fdad7e386abf06ff69ef82cb6b6de2cd5b4ad563d785fe91a0c0d732df98edadcc4cd08601c46cccd93f7724d7d115c8f8bbe0c697e34f8b3e0ff00195d4f7f1ea7e094be8ec6289d04128bb8d2393cd054b1c08c6ddacb824e7359d58c9c6d1f2fcce0cca856ad479284ad2e68bbf92926fd74be9d763c67e107ed0faafc5bfdbe2fb4bfecdf1c786b42b5f0025d0d275eb46b2592e7fb44afda122dc413b084dfd7823b55cf190d77f693fdacfc4fe023e2cf11783fc23e00d174dbeb98340bc3617faedd5f35c9566b951e625bc496f8db1152cee77310a16bd697e0c696bf1e5be21fda2fff00b69f401e1d306f4fb2fd9c5c1b8dfb76eef3379233bb18fe1cf3583f18ff0065dd2fe2bf8d2c3c5565aef89fc15e30d3ad0e9f1eb9e1eb98a1b99ad4b6ff00b3cc93472c33441f2c1648db6b1254a927393a73e5b3d75f4ba3cc960317ec1c2a3e7fde39357e5e6874574ecbbdae93b59bd4e3be07ea7aff00c20fdaaf5af8557de27d63c63e1eb8f0cc5e29d22eb59985c6a5a57fa535b4b6b2ce0069a363b5e36932e36c8a4b0008f3efda0efb5df0c7c79f18ea5f11afbe35e91e028d6d9fc33ac781ae263a5e936cb6c9f687bd86d374c6513f9ac5e68a48bcbd98c00457be7c10fd9b746f821a8eb3aac7a96bde26f137888c7fda9af6bb74b737f789102228b28a91c7126e6db1c48880b31c649358ff00133f656baf887e20d5eeadfe287c50f0e69dafaedd4349d3750b57b4917cb11b088dc5bcb2db8651c8824419248009cd29539f25bcfbfe1e6655f2ec54b06a9a4eea4da8f3269277e58c9b6b992f2926afeeb7ca883f69cf1e3e9dfb0378ff00c4de17f105cdcbc1e02d4353d275bb69c09a5234f92486e92440a371f95c32803272315f3bfc34f8c3a3c5e33f8509f09be30f8afe24f88b5ad52cedfc51a1cdaf3f886ca2d39e226f2e262e1cda342406460e996c261b762beb2f117ecfbe1dd77f672bef8590c773a57852f3c3b2785d12ce4026b4b36b636c046ce186f58cf0583720120d755e1bd060f0b787ac74db62ed069f6f1db46cf82eca8a141380067039e0539d294a49deda7e37e9ff0004db1595e27118885472514a114dae66d494949f2fbc96a95af252ba76b1e49fb4b78c756f0e7c7df80b6161a8ded9d96bbe2abdb5d460865648ef625d1efe554900e1944888c01eea0f6ae63fe0a67e10bcd3ff00662f1c78ef48f16f8e3c37ae784fc3d717162ba36bd71636cd2202caf2451b0576c9c64f60057b0fc42f831a5fc4af1bf8275fbe9efe2bcf01ea536aba7a40e8b14d2cb6935ab2ca0a9257cb9dc80a54ee0a7246417fc74f83da67ed03f07bc47e09d667beb6d2bc5161269f752d93a25c471b8c128ceaca1bd32a47b554e9b929aefb7ddfe66b8ccbeb56a38aa7fcebdcd5ab3f6765b356f7b5fc487e0c7c2483e1268335bc1af78b75efb73aced2ebdaccfa9cb11da06d469492abdf038cd7ca5abfed973db7ed333fc461e3db04f871a6789d3e1ecbe1a3a944165b624c32eb5e56edc59352648f701ff1ef13b7439afb435dd11b59f0cde69b15edee9cd776af6c97768cab716a590a89232caca1d73904a91903208e2bcc6cff00617f85b67f0497c047c21a2cda40d1ff00b15ae65b285afe48cc5e5195a7d9b8cc412c64ebb8eea5569cda4a9e96fcfa19e6580c54e34e9609a8287bdab96b25f0ad1b76ddbbb69ded6d0a5ff0512f196adf0fbf62af885ace87a8de691ab69fa7092daf2d2568a681bce8c6558720e091c7ad7b4d79e7c47fd9c34cf8adfb35dcfc31d6b59f10dce997ba5c3a55c6a9e743fda732c6131333988c6656280b1f2f0493f28a6fc2af813ac7c36f12bea17ff14be22f8ca0781a1161ae1d33eccac4a9120fb35942fbc608197db863907822fdee7bdb4691d915898e33da725e128c57c4bdd69c9bd3aee95d6f63d168a28ad4f5028a28a0028a28a0028a28a0028a28a0028a28a0028a28a0028a28a0028a28a0028a28a0028a28a0028a28a0028a28a0028a28a0028a28a0028a28a0028a28a0028a28a0028a28a0028a28a0028a28a0028a28a0028a28a0028a28a0028a28a0028a28a0028a28a0028a28a0028a28a0028a28a0028a28a0028a28a0028a28a0028a28a0028a28a0028a28a0028a28a0028a28a0028a28a0028a28a0028a28a0028a28a0028a28a0028a28a0028a28a0028a28a0028a28a00fffd9656e6473747265616d0a656e646f626a0a34312030206f626a0a31383434310a656e646f626a0a362030206f626a0a3c3c0a2f54797065202f506167650a2f506172656e742033203020520a2f436f6e74656e7473203434203020520a2f5265736f7572636573203436203020520a2f416e6e6f7473203437203020520a2f4d65646961426f78205b30203020353935203834325d0a3e3e0a656e646f626a0a34362030206f626a0a3c3c0a2f436f6c6f725370616365203c3c0a2f504353702035203020520a2f435370202f4465766963655247420a2f43537067202f446576696365477261790a3e3e0a2f457874475374617465203c3c0a2f4753612034203020520a2f475374617465372037203020520a3e3e0a2f5061747465726e203c3c0a3e3e0a2f466f6e74203c3c0a2f463432203432203020520a2f463433203433203020520a3e3e0a2f584f626a656374203c3c0a2f496d3130203130203020520a2f496d3134203134203020520a2f496d3138203138203020520a2f496d3232203232203020520a2f496d3236203236203020520a2f496d3330203330203020520a2f496d3334203334203020520a2f496d3338203338203020520a2f496d3430203430203020520a3e3e0a3e3e0a656e646f626a0a34372030206f626a0a5b205d0a656e646f626a0a34342030206f626a0a3c3c0a2f4c656e677468203435203020520a2f46696c746572202f466c6174654465636f64650a3e3e0a73747265616d0a789ced5adb6edc36107dd757f0b98077c921c50b5004f05e5cb4400b185ea00f451f0c276911c469dd04e8ef97baed72e7ac44adbc49e4a08ab35a8dc81972cee1cc90f6f287bb7bf1c747b15cdffd2d1edafbfaae5042c67f574a90175e19f1f0583c89a7e2b6b88d9fd5fda9900b57cae6aa1bf3e7d8a5d3da083e3e7c28968dbda291dcad7f8996fe15247e8aff7f8e9277e2b7dfe3ed756ba96af45894da2fca4ef1fbf4d1791b05877bf5facfe2d7efc487f90ff0ca2cf6c349bf4775461f49ded712a74c3b8128485ff7be38d6f1bf5f06fd921d71aa0d1e1b4556d85a07759d6cad63ffe8a45950d7c9f247fb25417a3addfdd3fda737ae52316a04ca8bf8633d89a094f8e74df1b682ffb38f3e37f24e511cd8c2c6cbbbbaa112ca2d747d0571d5bcb256eaded1ec55b6d190aa4faa462f963f3e2a29c4e6afc695230c861849271a3260a8691794eccca5d3498c660d92ec027d35dcd69ecfdb7311c8e7da21eab1a38ea67316529d9d630f92edb5544de40216349221b5300afc1ecd7de81f7be939163abcfb97646fbcb81f1d2b1c95c24767c458a19358d1d41343969f5d070c4feb0b06da45d0edd5fbfd6cb7fad6a97b978eec15f4b47e31e2a7008e835e06deefe0136fdbabf7fbd93e8901897c29ac91674e2f76ac2a8a491d2db9691d5d4c9dd33a0636c773e97ca6efb3643f4428b9305e3a1b4877a3309ea43736c4b8e38d6029e3cc8168454d1cd3b24ab4d56713c98ce4916ca1936576fafbd11447b4af1c20f70e48273fd1e86a572c6f0c093262f756ec775ed56df75890ad027d5c39bbd7e2fb88a27a2576ef0aa5abb78d846a893d0874d3a43c484c2349da8c5053364ddc901a5b4b92260e3a79b0141a091d24d78dc41c24ab5a924c61cd2d6d40efb6966c7791005f11c85880d95340d645a7d30c00c501081c4780d1708802c743c901258e2bf15c804a0257720d4d569c3e6bc074c204d18e9d05c83400b28e736e077bc3415692f94029ee83c6d79ee3937421de62c31ddbac04cdbd06cc4947a6995665f802539c6ef9d92830cc05ca71bb8e2b050780206405d759c1eab460d64c33ba174f20c5093c01be3c5a6be0cd8637c99362cbf9bae276d75c001487a16a1e2a46ac356e57ddf02cf30248e0a8171c02174c809caf4752b3f789915dbd44c48b0d74018fa7c0cf4bc4b931fc84159a8fecad925983a1f7ccd110a52053f1d88ee90fa2077735190628957c5943f4bf4428a4f9d726a60cac985767d10f0235f0f1e5a410727c3b83e1f2122e215e6053bec433f36792f7bd552e5d9f5dc34e588004151bac6a2803f3a5e484da32cc02aca17d6779383fd8f07cd8bbc74a255b90c056eddbdccc95fbeaaaddb10fe58c6c2181052706188897d9a5825dc02eb01a02ea3cea8821125b55b288430364e3870ded0487690e0c551c7430a4e65f0ddbd21e5746490ee4911a4aa57c2ea6f53c6bd2412e8570bcbc52cca152c7733638ed02ba19505bcec22b43447186cd67e8ec0722081c20e5cb3a9a854b8688e27c77c4d21624e9e605521e08461cd08e48add0e9443083635d8c9118ddf8d61e27d077d0fbb5311ba2b1a7ee0096b0dae199108b71d838e49367be56dd0279a014e0499be0300a8ef4e02498dbd512365b7008063b1aee1134c3c7ae214dbe009694ba9f25e0134e8a7c1186b4e1f110d1a22c4bf0d703d98def882d392c0ad85ac164f85eab3dfc28fb7510270974412b2f80469e2e49a3096069cd053c8180e7a1c57406d4d8747fc7f399ff9846dc16ff01653f82b3656e6473747265616d0a656e646f626a0a34352030206f626a0a313238340a656e646f626a0a34382030206f626a0a3c3c202f54797065202f466f6e7444657363726970746f720a2f466f6e744e616d65202f5157424141412b417269616c526567756c61720a2f466c6167732034200a2f466f6e7442426f78205b2d3539342e373236353632202d3239302e35323733343320313739302e3033393036203933302e313735373831205d0a2f4974616c6963416e676c652030200a2f417363656e74203635312e333637313837200a2f44657363656e74202d3138382e343736353632200a2f4361704865696768742030200a2f5374656d562036352e34323936383735200a2f466f6e7446696c6532203439203020520a3e3e20656e646f626a0a34392030206f626a0a3c3c0a2f4c656e67746831203137353834200a2f4c656e677468203532203020520a2f46696c746572202f466c6174654465636f64650a3e3e0a73747265616d0a789ced59097813d79d9f37bab84c30be08e7081bcb06f9946df9c6b22dd9c2b2654bb28ccd294b234bb62c293a7c9423100c184228a10d340704080d490b0914a70d4ed2246c36499b926c4ad236e9264db7db23ddb6df76b7d9ed0292f7ffdecc4832907cdd7edf5edf07c368def17fffe3f73fde1b0f85288a9a41eda0441465341714a7aed930062307e0dedce719755eed5bf43368ff8ea252c65caccde1dcaf67282ad50f63652e18481a4e9980fe53d0cf720d86467eb1347512fa3f80fe7b1e9fdd366adcb691a2d24e40df33681bf15315d43045a5cf813ee3b50db27945bffe3df49514957f1f25128da34394849a217944a2a228b4887b8adea59cf4fc19127ab6544ce37fe24fa8fca957a89175c06526dc94a5b581a1ea2866ea86e46ab403a964b5e85b75149a9a9aa22871b6e4052c8d4aa3686cac042eb0564651f26479f20af8419498bac1885eb95127a1ae538cf815104d1d81952b2593985895ac4a96a71db94cff503279ed5fcfe1d997e16727cc8ab8d9972fc38c0ec60107f16e189f89c7e56972723f25fae8c62fe9f39176c9e4b968e5b9881373380594bf01cad98994f2b453e2ac1bc745ab6ebc2f1ac3d4abcf4693ce01f563a0f73281af0a81c84c94fcd81b227af28d1b51c9e4f59de27bafe9c43baeef00dad340bb5ce00cbc3131fc9ebe4c5fbb7c3922954c469ea47baee9e88b91568aa61aa77e2356886ba9644a0e3e9ea72e53a567a4a7a5caa43269e67245764a6a46baaa585da6ce56642b60acf1f4f8eb1f1eb8bfa6363cbcff93f1fd97bad78eefee598bd0da9edde36bbbe91494fde52174f050e4edd0709de6cb07d1dc2b0ea7d3f9ee6b7d0e841c2c68b77aea37a20b206f354853a773cc4b317372a94b40145caae20c98cb90c15026484d93922eb9e2baadfed65dda86ad5babab5149f6e1d70dad8a5c245f5691bba6d9bc75f3c6bcbce4f3732aaa5cdb4a4a51467ac1a2b1efb6ae51ae2a29b53bb6bee3f1a29ac5031515aa226d4d664676517696a6ae4d575b95bb34232d2baba6b66f4147413ecac955672e5e92323bb364d9f29ad5eb7a8cedab94d64e0a30db1b758be560c3022a07ac4856a5c53526ca29403945b22835c13a18dd7bba628dde35eeea2b2b419555be7bbeb44ed79c9f6c360d8f583b91a93318eaea8eba252fedefc8cdd1356ddf79f4f4ce5dda2694bda22a725d74fa6d5bafd3f1a3ef3b01c67e0fd6611c82a89a442044724aa92a4d047e1e9f989810ffd33bef5c4f13675fff10d0ce9afa23bd52f230b588a2566448155282717266a92a590d6a6726135cd5e9f4bc85ad55bd6565e919686cece273cfa1d933325273979c7c3c19216699aae809da7e00c93cd1070e44bed29a9e31672e4258073dc4ce62c0a198d2027fde2b820bf1555ac2f94fa6e0bc2ab8300da0c9c8cc16e129b832400d553a5922aa66d76de83fbf6113ca5a5e55d15ce2f9c08554daf11d55b58bcf6794ab5d7dfbf75a2db98ae499736665beb824bdf7355f7ec18285089597b9fb4c1dd98bd12eebf24cab654f9ba64ea1484d9a7bf78aacd983f9356855be7f81bf499bbd022d630a8bf505c3ff7cbdbeb15a8d3ece5d949c92b62227bfb9b0101528db6b8601b55d80ad3a9eddbb264876d3d471c8d9088ccfa39690ac1562124c803a027dce62b0597e9cce7db06d608d3e6f15424323d1ef47c7d19617da8df90586e25dd17d9249949452a45ab7def3e28e5d28725684509376c7ba86baf4248c6b0be0ba14705d44658126193cb0c9f3b8284b4e9561c9183024e7634bb471326f68e4f94fc7f7eddff7d1fb7bf7a21bbf99d5bd764f6f932ef221dd91a4ee1adf66b6226bc6e9ee9e43079118cd7ee8ab0f1e8e5e4b5e767efd06545a821edaddd88790c98c2bd36e50e175909e42ace7635bc6f9519a96bcfb544d59c9ea9e4db5f5f5d5f985294bc5d927fd2bb22acf28d0f2acd59b0391f7308fbd50627f452ce078f0d9919e06a58820a4588e79ed3d15fe68738711fc396b222dbda4ac3964b288b38f3ebb3c4b5d61506d8d04e93d83e565f26548bfe6adc88bd833503d3e116763fce5a504157c95829370447195aa0c423b59b47adb7b9bdacdd9b977cd9e983daf5cddd1d1a45bb6184d3c369195595eda5e12a20f472e3e50d49493bb3247afdb475740ba707a4bb3416f65cc7635d69ce88f75e7ca14c18174329773a0ec3d5964310d845bd730dbde3a66edbc88e6cdcf2fa8b947bf6602ad523a5a57d72f5e22ce7ea8ad301f1515774d76753f1751d0c73c85f94b1723a4373c11394a7f6ba4ba3a27d7d0fa60e40388803d53bf16e37a9f8a23409e0906718ae06b1e8483542192e2c405fd4a382d50de9989c0055b7757851af0dabbf7a597fa69546a393c848b8b393cdc6985c2ffd941a4c8d5e91d6c30fa87af3e848ea3232f771e40c8e57cebefec76a70bc7de2580610f201caf2b705fba72e58aa8fbca951b67ae5c0194e044405f97bc42cd21bae1b828c548a9e8eb131af780f9e83dfec29078cbea9ada65cfe89c8ecdb0a21a3247062b145027d2e4d9d3eac372be3e108c53657c4d90896537d4744696b9fdd13f745a0cad5b76b5b6a14bf3b76d7df7ea962d592b4c9daf9eca2f5872ee5c5d8d7df3e6ed7f130a38fb5bf46d6dfb53def67ac24367bb2dd60d9b9ed857505c08d2ad53bf14a783f47261cf1112552a53733153c245644c0fbe92e3889512b8b3ad13cb5af49eeddd5d1da6ad2a43eafcd9c1f5eb5043a3dbad6b4a999087c3cf8cb00e750952a91cf73537a3fb0ffce8f2f61d68d782871b1a5177d7aead1d4684528ed3d5d5dbec9a3a545f3fc64cb07655e9da6ec7a6b6b6fca51b371d7c65f71e140a8207160256f3c0f7b3a824724629452a52ab45c9883e1219a38f7de5f5d727a2a568d3d745dfbeb1e6ebd193b4987e28320076764efd4a2c973c896386d8a916761f625a0a9c3044248cb04d782fe87c29add5e0b9afa70775aebdbf4bd7a478fa20fd41e43bc65d875f191b43c107fef426d8b063de7ed8867a6d4f3cd2bd16a2a7369dfee3d9e8d03ab47bcfdfbd79e82242f7f8297a2a02678e6ed05946cda5a84ca4429922b928452ec2108b68d5bbf4da8fbe1979f4e407e88f0f37c99714e37a8a5e8c36d23de8c8f3230fdc0fba43b5a17748ae5277e3cc830daa345b9d587932d23004df7afc71947a7743ddb061fda28a22b33c13bdf38ee89103f7f497ea94abe61f9b8596676eee3d70c30928eaa67e2dfa1968944e6573b582ec7da525b1d305e4144a8dc70216222a675fdbe11ea8ac2a2d19e8dfb5b9a5a5e06284b1760e0d994d16cb965163c79ee3a849b77debe9e3bb766ab5392bebe8b9708e9a7fc5c1a2decdaf7fd0e744b65e5c45e054207a0f7208b050952269a6bc549e8664652a795a0e7d3ad415358a1c91577d2303e89f0e8b66480f0f47366e99f928e8ac8976887e0bd56705554a5119f182564a4e143c22e919b07b4b6f3e9f95f2c5c8f9ec2c554368abb6e1eea4e1677f3a3282cad5eebe832f6c791215a906bd275e0e0d3d62366ddf6ab180cb47472c96b50b3b56141717ad539f3f808e1ffbf8e87df736e9d0d11d37faffdce7aaaeb65a44abdeddbc79f3c62b7f63b763db68ca00319606b994459581a93221baa432218339d500ed149a1b4152c11221dd45d72fdebd6a4d7f579db5b018d56ddae0bab8633baaace9738dfdfce097113a3efee959ff60a41ce52a9a74c67bcca68e8e2d5feab48acd73fb0b0da870f5d0f0dfdb0b0bc7f6bcbb7f6878f56a74e6eb682b7aeaf253b6de1b1f6fe8b4aeca5bbfeef1a3dd5d5ddde089c1a95f492e4154e1b789d215c9c2d92c310eb85366cc0c29399b70a5355964a0070f1dfdda890f9ebdd0d3d3b3f6e9a77efaf8ce7bd7e8b39f951715f7acf7eed9dc5b592d2f6f6cd8b9e3f0f691915a7af55914f92450518536ac3bffec4f7e34f9fcba1e55e9baf55f2df4c17164059c28ebeb8dfb8effedaeb13a0d42c505e52819eaec91a929f1a710a9f83459113f57a4f10528832f890a24e78281d3963f6f908b3f731ca1b39f723aaa2a54aabeddcd3ad878ea349b7aef8f7e05d5ec2cd783f8e55975f5c7a23f45831bb31bf2f2962c462b57e90df747cfc1696455feba8d8e4d26b34ab171d3bdaeaeeec2423854894cc9e92a55abbe5c9d9682a2dac83a3463f692c565254d1db5550b1700ba8550a92649d6933a85df60e894e812f1fee82249d2b973d7fe1568e4d176d11f201716434d52908a442ea44a816d559da2427cbcdc9b5a99579d9595314f219e131dbcfcd1cacca5ca5f4c443d9aaca29ad59da5d1bea7215d53562c1ab86b893827f27078e796617ae0fa9be7353d392b11c8d1a0e7e97e7a109fd95240130d9d8b9e7fee391cb1de68bbec7dc9fbd4062acc9d52b96330974e645755ab44c4eddc19943fc22d4f080631dedda4b1a33db77abeba8cf7d43c611c171475fa4d675fb8c4fbea8d1d1ddd160bbc8c98dbbf341ab0b61b2b965f3cb4342d656949d73d8df59dd6a7bf71e5b7af5eee1f1870bff5bdcf90f4c2f9eee7545bb77de39b7ffcf88517c7c61a2c881dfd879f21cdbfbff15ad0f6836fff44bb529932379aa1a9eb54afaea954afc86a68b469d4952565cb98275af20a101cea3c9e9dc74f3ede6e447905eb1f8dd80edcb5282515d51ac7771f7af2f0835d5d83de1fbcfde967172e58ac0875afddee1ef4d66a50457928f0d04b3ffdd347e8ae438790c3f9bd67be1ffdf8e76fa1b434c502d4bacfd08a50a6bcbedee9e81b6f6941cbe4cdcd7d2e5cf1e09d1feda5ae9013339c1726af907382114e6bbf877a9699708a4d89679e8c87191fff716088aa2f2c1d1a79e6c3b13da8a2221cdc7fd637c83cbbb056d3bd0feb68368df5436dda9df19d3e17bc58ce3abb73a7a6aeabfbc4a27e7599adf7ea8f37f7224d9d70f6c46fd67773a777fee0c49f3c8553ecde89edaf0c757565af98a8acee6fd7352d5d0ac7a37f7910e51798cc8f4636d127f7d6d6a09c55bae6ad911720862c701e4b86aa97814f30f82d192ee165868ed5629a2b73c9f3b86ad2595632e03a39d4bdb6aa522e4725a5ee8113ef8d1e9e4456f3b62d568bc5ba6d9b7e037d15894e1cebea4428bf68edba7beffb201a3976a2b3eb6bdf41c7a2478646a080bb907b6408b9f7c02e7b2ada8e2ac97b490a7736436a6effc2e75f1cd77b26a2aee5a58c7ad1a20995e6e81af1a7efbefb1f5b1e9e8bb2b30e8bd75f3ff1b706165edce03d666a4ad2434e972b48bd110ee7b1c3976285bc787a6d398efee39b3ddbbb8355150a454d6dd31ad63516bd802a1e3477146ba1b4b4b40e18cf467f20994c5b62b01f7df8b5333b775aac05c55044ce2d5a58ac0d07cffc72db96954b41f649382940c58113fccab86cb269601d523245fc5f02323385024712497e92deff9a9305a738d8ab865c4bebd49f2e5bcbca572af3e42d3f472777b7b428142dada7a285924945ae9d1d39d6ef599c9dd9168ede838a763569972c9e2d8b84452ab464616d75535f6303c4c9421c2750996641f58a9723f44cd4f3dd7fcc623294bfbb14f58ab323632eaf79981ee7de0f8e80f6a6f8df56901cc17f59f291cbf44f902cf2307ddf1415f9b77f8650caa57f1c79e6c6d7e85ffd362a06ab9ba36e786fa9e5cef32899df21934bf81254ca9d45d40947519172654babe5a5f17de56503eeedaf054e45e4d6ced1a0d984babac3e10e73d44dcfa85228d0d78e22d9e33beeadaf434f1ebcd6203af736eb82c3c89b573dfdc88effde321334d691d324b612612be1416b226ffe106dcb6396e7a103af472e4b26afff78877f64449c0b2fbab0ca06953d5d7206de744935c56723a92c938b089be8b907c6f7b794dd7549a4a9db32ba4f7ceddc8187fefdcfd11b973e3cfb6f7ffae53f1c83f5d4d4afe90ad877a11ea48138f4f4a1e8dabb25bfbb968ae7f0fdcce645e14d77557f86fff878f33f1ce7a462234a1a1b843592b2e8769492d639d539f54dd98f08a7c47fa552181207a9237405f5b2f817d453122b754af206f518f429789e86b9463145ad86e75ef406350ee359d05e03ed5d407b1cda2df437a8dd781eee5dd26f90e71ea0bb04cf9fc15d0db715ee8570774aac5311984b81b60ef8e6c0b31eee5669053508fc8e800e85302e079e9a19cb281fd04e42bf9de7df89de98c2fa1d87fb248c2f246b8254333c67c2d386f5867f6910338594965a4f05e0da47bd8a32118b46d0193a855e469be9c3f404fd89689ec8227a50f484e845d175b149ec139f155f117f2651498c9293923f4bd748cf482f497f2fbd263b2bfb8eec5f662c9eb169c6ae19afce94ce646656cf1c9df9d59913332f13444ba921ec350ef15bfe55d2dfa5286e9e5e484644847216e9e1364dcda5b3f8b6886aa48bf9b6388146422da087f8b614e80ff26d19e5a01fe3db33c0e6b97c7b26b55f24c84a9a2b16ed17744349c907f936a224f31fe5db34259b7f826f8ba8e5f3cff06d71028d849a33ff7b7c5b0af4eff36d195534ffeff9f60c6a41f2437c7b26a54d49e2db49323ac5049c915804b2e62cb490b604daf3166e266d2919f793b68c8c6f25ed19a47d80b42133e9a50b1fe3db1c865c9bc3906b7318726d71020d8721d7e630e4da32aa77f124dfe630e4da1c865c3b696eea92c5a43d2b41ffd958b75585a43d27617c2e6eafaa23ed7958b75506d24e81f6fc553da49d9a409f46f878483b3d61fc6eb296c36111a1d94fda4b12689625b4b308fd23a4bd92b49f22ed3cd2fe366ecf48d07f4682ac3909e373045b9ea618aa181029a2d4d0b2502e8a85672be5a3bc7087a851ca4f461aa0178036feb5c1b89b50e4c38c86f2c0c5502618eb83f5212a487a2c3c59a01e825f07a14c82ab197abd30ca52c3306224dcbd2057906300eea3c03b0c7c18e0eb039e6eca0e6d3bb4fd301788c96162da17c2bb0c03efb4424f4d29890e36e0e0075a06e4da400ee661a70678da35d073c1289e0d838ec1984d180737b1c3f3b9fa3809160c550ffd5e98c1a33682c4741b393e3ede52864809c3ac9dd88b7b4ee03d0c6b0364240c540e821c03e3823ff4a01346c74dd67909b655643d4b28586a106462a41de497e135126819321e84118c9f3fe6c1b81d783e045ab861651050d0104a6c11f6651fe8e5213ade1c1b950994cc4db40cbcbdb5123d02b042b03597b212fb82311dd4200fc7609c532bd89bc857c0d14650c131e82036632903045fe75f15bfb752c663b191d00e03ad176cc2d1ea84cbcd7b2e8f58eb03d4ddc4863632e382116c7b9044603b911520336ea2bb197ee31ec61615c1fb6d39c4edad3861ef8641173ff125e75527d13744a2b49b44124350182591c3793a148b5e811a8ff9480ee118c33ab1443f07a1f3f351ae24f87a891c3fd19a5b6be7b9b07cdf4678fb8905834015227378552fd14388da9b2330c4afe0f22170cb8833668332d68f67c0ade8f849df016becd057f2d9802b0e2757199373b3059cc786094e76521f6e87d9306fa99b540e0fa911422dbb197bbcc6435a39409f3b2d236fcf9dd3e1afc53631df85f80c900c17e24d88f1db592048bf55afaa8418c09670b684883c217b02a4468c92f8f1014a5e52176d9f6b29177bb66951c5d5371fffcb59c5b571a5f5f3f5166b2b7853e083297155ffa218e5f6252fef9938772143dc3cca01b203b8490e8778dfe25d4aa8234e92cd1e62a580f2f4a85612cfd848dbc1c7c1ad75fbe64cc821fb17b6b3922a808b25b508cb1820d599255eb5c11846a80f2884b9029ee7a69bf6825c3e7be3d52218434cd0e6bfb2dbfe85bb1bb3f8261e068107b32416cdfd30c6f949881a969c0a3cfcae188fee2fdab185a8fcfc5d1b7bae3d9639c184fd85f33717052c2fab8fc4b297f7bb92d81ce07753aef6e0ca6023f8737e16e2988b2b3f5fc13909781fe0764f6f2c526c54fcd472733dfb6ff0450c211bb1ddc7ef3942fd7090913060c3e5487c1764c8aee6e1632647d0f1f37d4be17d6cdab905bc9d9b809183ec329e6975e6561bbf801fa9be6eb24ea0be7d7553de54dd04ec6f5e8d51e3ea69a2dd825ef133653c6be23b91e04325a9f73e22c519ebb3091182eb16e7a120708befb09cd6bd441796dfa9c2315f26d612ce8705bcc783244b3c311d84bc9e1e4b7f39aa893b3c6765e24e333da6e3480c131c07ff4a3f0abb013ef37a7964d8040d1ce417cb8ce3d20f14f684bd23f405f598abfc0e6281b0e3554eabe236e0e82315e7f66f11dcf94fd865e2f8083b591ca3c49a327d5590d40ace57bdbcddb7df736d9fe3d140ccfa2089522fe1ce6511b7f326eee87f6d0408fb5b33a525b3464a07bd2ed82d4d64440f63f8dc6a82192bf41a61b41146144061e6e715c4535d641f6a06ba4eb2c7713c4cf0db06fd6e52e3741443fab8d702f46dc00bafd5526b890c2d7033134a13e1dd0aa306786a793abca201463aa18fdb4da40a72f2da6015f74ea4e7f7444e530b8c33310ba76ba5271205cd5aa16702fecdfcac0678eb093fac3f96af23edb6989e3a5e530dc10873c63c1b402303e9e1d14e78b6039d99c8d7109b396ddb880d3a98e76cd1120db0e47cde568e0ee363e567b08fb07e06b8e256690806cd449b387e0df06c07cd31ff2698b5901dc2082b1b89a566829e96c70c5b6b20bdb8559ca71a883518558c4123b45be16e8a616722bf9c2ea6046ed3b1eb22f3712ace3e0dffdb409033921ee78d06d2b3105fe15925ef4b13b1e366a95d2412b5844a432c36c7224447a297d35e884e4e863141134e1ef66da22e4254335f90231c1761be93f7f4adb860d4350413ac973926f9f338e73fcd141716a9198b8b655a7d5e5f68d4cf320dbe80df17b085dc3e6f3ea3f1781893bbcf150a322636c8068658473e9394d4ccf606d861c6e867bd16bcc6601bf585438cc7d7e7b633769f7f3480d730987da18ac9c60fb59231d93c7e17d36cf3da7df601185de3737999e6b0238825595cee20e349e4e3f405987a77afc76db779185e22d0f8402813f4850376161eced0b02dc03261af830d30216c87dec218dc76d61b64ab9820cb32ec602feb70b00ec6c38d320e36680fb8fdd84022c3c1866c6e4f305f1370db3c26b62fecb10504342ac920c38f3239ad6e7bc087a5e65ad940107350e7171611a2560b470b2ada9850c0e660076d8101c6e7fc7c78638304c4c6806dd8eded638c4e2768cae431265fafdbcbb4b9ed2e9fc7165432edb650c06d77db18b38dd81b648a2aca8b632a31c1b0dfef7183a54e9f3794cf74fbc2cca06d940983cd218c2e1e66423ec61e606d2156c938dc413f20ae646c5e07e30fb861d60e242c3c6d41c6cf0606dda110b0eb1d25c80af8856002dc10101a4e2c41899f04ff983afe80cf11b687940c8e1b58abc46b040160d8b00b2c4bd06c1884babd764fd881834cd0dee7f58c3239ee5cce8f09e4c0e18bb4e5dc8ef10cb0418c1b463c2e002f8ff1aa2208e4b8414a881dc4ee09b841aac337ecf5f86c8ee9e8d938a820dcc01c1f8882df70c80f61eb60b19998c6c57afcd3118554f28ef2e4d821c010f071b97bdda0737e52128e11a7cfe3f19110e0a15632bdb620e8eaf3c6425b70428e2b14f2571614b0defc61f780dbcf3adcb67c5fa0af00f70a8072139f04b9e05e121641ac186673fbacbd5db6fd90a730608aab18e67e1fd884a16187580f6422817b7a5e6328a7657652523b764e90a40bd80d10b0b0aa2f6003641c4ac619802c85e8b1bb6c813eb019630c5881476139e3eb85ecf462506ca4b20871f6975b8115b205833ec81c1c1f0e9f3d3c081eb17105c0ed01647230c769d63266beb45ccd251a39589cda9c1f6e4bc70cbb432e3c9c106e4a3edcb0f6c2b4c70d71cac9c6bc025c7105092489b0854a66d0e7703bf1932580f8c36050d045121658f78671f206f1201f25606101181e64a15a0307ec6b1ea5dbaaca253c88e49286479a2831ecf20d7e818d380dc2012f28c312060e1f9460a24b3f6b0f0901168f63087e879b245e2517e2b65edf109bb04340fdc32943f4c149e68f470a3f1574d9c0aa5e765ae6da120c0d60f1c1100413aebe90bc5ca27f110038df9ab58cd9a8b374694c5a466f66da4d46abbe51dbc8283466e82b944c97ded26cecb4304061d2b459ba19a38ed1b475332dfab64625a35ddb6ed29acd8cd1c4e85bdb0d7a2d8ce9db1a0c9d8dfab626a61ed6b5196123d2432602538b91c10279567aad19336bd59a1a9aa1aba9d71bf4966e25a3d35bda304f1d30d530ed1a9345dfd069d09898f64e53bbd1ac05f18dc0b64ddfa63381146dabb6cd920f52618cd15aa1c3989b35060311a5e904ed4d44bf06637bb749dfd46c619a8d86462d0cd66b41334dbd41cb8902a31a0c1a7dab9269d4b46a9ab4649511b8980819af5d57b3960c813c0dfc6fb0e88d6dd88c06639bc5045d255869b2c49676e9cd5a25a331e9cd18109dc908ec319cb0c24898c0ba362dc70543cd4cf30890e07ea7591bd7a551ab31002f335e9c489c0f671c1f795fb29137b55e6a1425c19b473fbcb97c4ade9a843933ff9ee320ef260ed123a20ba297442fc37d4934293afb3ffc6d6a16b9ef7c9ffafff77deabfefdbd09d2f3277bec8dcf922f3bfff4586abcd77becafcfffc2ac379efce97993b5f66ee7c99b9f365e6e66a7ee7ebccf4af33023a77bed0dcf94273e70bcdffb12f34097fdbb0913d42e8ff1c7a897ff760a7fd7583fc7d63da3c9c54c44bc545e2167193b8067e2ba671f2c2fa36a01b226778ae96b9d07974524491da8adf7d03e44d1ccba0fe134adfddca656e6473747265616d0a656e646f626a0a35322030206f626a0a373733360a656e646f626a0a35302030206f626a0a3c3c202f54797065202f466f6e740a2f53756274797065202f434944466f6e7454797065320a2f42617365466f6e74202f417269616c526567756c61720a2f43494453797374656d496e666f203c3c202f5265676973747279202841646f626529202f4f72646572696e6720284964656e7469747929202f537570706c656d656e742030203e3e0a2f466f6e7444657363726970746f72203438203020520a2f434944546f4749444d6170202f4964656e746974790a2f57205b30205b3734342035353220323736203630362036363220373136203237362037313620353532203439362035353220323230203237362035353220323230203636322035353220333330203535322035353220383236203535322032373620353532203535322035353220353532203535322036363220323736203535322034393620353532203535322037373220363632203630362034393620333330203130303720323736203439362035353220353532203232302037313620373136203439362036363220353532203636322035353220323736205d0a5d0a3e3e0a656e646f626a0a35312030206f626a0a3c3c202f4c656e67746820373238203e3e0a73747265616d0a2f434944496e6974202f50726f635365742066696e647265736f7572636520626567696e0a3132206469637420626567696e0a626567696e636d61700a2f43494453797374656d496e666f203c3c202f5265676973747279202841646f626529202f4f72646572696e67202855435329202f537570706c656d656e742030203e3e206465660a2f434d61704e616d65202f41646f62652d4964656e746974792d554353206465660a2f434d6170547970652032206465660a3120626567696e636f6465737061636572616e67650a3c303030303e203c464646463e0a656e64636f6465737061636572616e67650a3220626567696e626672616e67650a3c303030303e203c303030303e203c303030303e0a3c303030313e203c303033343e205b3c303034433e203c303034393e203c303034363e203c303034353e203c303034453e203c303032303e203c303034383e203c303036463e203c303037333e203c303037303e203c303036393e203c303037343e203c303036313e203c303036433e203c303035303e203c303036353e203c303037323e203c303036453e203c303037353e203c303036443e203c303036323e203c303033413e203c303033313e203c303033323e203c303033333e203c303033343e203c303033353e203c303034313e203c303036363e203c303036343e203c303037413e203c303036373e203c303033363e203c303034373e203c303034323e203c303035343e203c303037393e203c303032443e203c303034303e203c303032453e203c303036333e203c303036383e203c303033303e203c303036413e203c303034343e203c303035323e203c303037363e203c303034423e203c303037313e203c303035363e203c303033373e203c303032463e205d0a656e64626672616e67650a656e64636d61700a434d61704e616d652063757272656e7464696374202f434d617020646566696e657265736f7572636520706f700a656e640a656e640a656e6473747265616d0a656e646f626a0a34322030206f626a0a3c3c202f54797065202f466f6e740a2f53756274797065202f54797065300a2f42617365466f6e74202f417269616c526567756c61720a2f456e636f64696e67202f4964656e746974792d480a2f44657363656e64616e74466f6e7473205b3530203020525d0a2f546f556e69636f6465203531203020523e3e0a656e646f626a0a35332030206f626a0a3c3c202f54797065202f466f6e7444657363726970746f720a2f466f6e744e616d65202f5142434141412b417269616c426f6c640a2f466c6167732034200a2f466f6e7442426f78205b2d3536322e303131373138202d3333362e39313430363220313739302e3033393036203934342e383234323138205d0a2f4974616c6963416e676c652030200a2f417363656e74203635312e333637313837200a2f44657363656e74202d3138382e343736353632200a2f4361704865696768742030200a2f5374656d562039332e37353030303030200a2f466f6e7446696c6532203534203020520a3e3e20656e646f626a0a35342030206f626a0a3c3c0a2f4c656e67746831203135363038200a2f4c656e677468203537203020520a2f46696c746572202f466c6174654465636f64650a3e3e0a73747265616d0a789ced590b7053d7993e47ba320ec10eb2b10d06e3e3077e60f98d1fbc9165d91696255b920d0e24e45abab605b2aeaa07ae9b9610926c4320d921c03621e4d16eda599a76d2b4dda4499b866632dd6e77329d866c3b6d37d34c775a9af4314d67dbcd3658defffce75e3d8c61ba99e9ee76062ed2fdcf7ffef33fbeff3fffb9d6259410924b8e1223216e6f735b51e2f62f01e7247cee980acd4d7eff4bafe603fd6b426e724e2b724079c6514ec8f26ee0754e036345a0b004c61118574fcfc43f7a686fee0f607c86af0fa97eb9acaff47730fe0f18b7cdc81f8d90b564172137d7c19885e519656df7bf26603c4048ebb3c4687cd3f00d6222b9a673a67642e85a71377e9f4c1a0a724d869b974906fe4f7a9b342d5c241fdd075a6e820ff10dd918816be18ae9527284b62fdb41bfbc8bd085850542a41ad34bdc1a2922061eac092e8876192115e60af306f8a244225798f1e2955d26f20161d245420ce42cac7c1f5616900a42dacd15aca4b8a4b868d5b21c7e555599cde6f6b6aeceaece8e9a5ab8aaced29fd03cef27c6465bdb760f0d1dfaceb73ef3ecd62d5515b4a979a0e329d34bc59533eab3f7efdbbfa97365d1fc0fa55793779414b7b55add1dedf9cbb9b581855f4a4dd20ed2487640dcb5a0b7ab180d1a57c1ad82dbe0662b6b6b3a6ab855b83a3681596052f4a804e4bad0a12eaa2c340483dffbfa6dfb6a3718f357d424dfbd7965ae61c0e3ddfff4ed07a8a5c1e53cfdda505d7d787063033dd09948547703d3eeb4b7999753c3cf9aceed7650dad064b3bf90fcdac99edec1b5dd6b72fb2babc6f71ebfb5bfafa6ba6c035b37525549d795272f15ac292da9ddb6b5c142db3674572b8492f2855f1a4e991e276510455195993b5f0c3895a0ebfcea305775b4776c301b3e7631472a2a28abddbd7ae2e343db76ac5dbffca6bbefa6a552cddb49df3dab4af2f2d7fe7863e99afa3a7beb59fabdb72f3d9d3cce713a0d7abf0059c1fc1542fe287c4ed335c9cb748df43c9592573ed82dd57cf0632e6b5db82cd500a66b4825ac3271fc2470602540d456526cac28168815f2f4550282863fd1d55db1c4b3c977ef0d3e70fccddf1cbfdf34bfcb68dd35d1d3d8586bdcb67d74ffb6ed06ea697ecc3d429f3ff516cdfdbb33f4fc13c96f7ec2de4fabab6968cebad3d61b0553e414d4ce385806142a2acc9b6a350b6003bcad28ea6c6f2b11d995c693970b0aeaea37efdebc75550985284c0fbc79db90b3bec67c8b61fd17da5bcbd6d5d55b7bbe9c2c976ace7fb5a2aabdc3da7327b700fb937e1571e0b5693e49eb4c2ffda98fcfac86d07f61ba045193c2f68e4d58116d25cbd081a2a276484a85b96af5f9b27543cec46cbca677fb8e356bdf782379f9bc54337c9fad67631dad7e6de5bab291c1b7aebc6074701c3d509be7209a4252053a51230fa0482bc8da9a0dab30c99d5d5a9c1e7befd123e77ff7d8397aeef15f3d7cefdff4da291b1c0ccf38a1b01cce99f0e0a0a1f2c4bdc7faece79ff8edef1f7fb2a7e7e85dfff084cfe7f37efa3c7c8ff2283e095bb40b6d72040132b059cca3c06237d3a73854b6ce4df63bc6f7f46fdf56b7b178b554f3a98350979bfed044cb2b46c792bfe77a8e1092f308e86901cf75e0852e7e0114a9d41499f54ce568c323d478e2e2e4e0604bdfc8c8fec4c870fd3a9ea075b5235b37751497242fdf724b39ebb46eea28025aaa397561e3c6d1d18d1b6953eb3efba7e6c70d071e6fde565d6def3f9b3418face35594a8a6965554fcfa3f357c02f79e1b2e976c852855e99acb6c60c95896dc6a4396536880a9576d2f29e471ffb55f2275fffc6cb2fd34d74c585405bf227a51eefe1a7039354f17f3a31e633acddf75e2cf19d6fd37d34fc2fdf7df2c0b37dd19e9e4422f9a7e4bb8767e9e020cfa41776848c3dad92e3dac10de7806103d60834423d911c08704092931f58f78edffac2b17be8d1bb5e7dee1eba66bea0d976a7dc6ba33d3d534a4feff9fd0d8df4ec699a4bf31f3c41cf18565e897cde19f67a9e7e61c44ddd2360f3ccc28249d8dcc073a057bed6486b2ba8d647a1936e122da2f68ca1ec853beedebfafb5a5b15b711df3fffdfc255af7d69ddd032d4de5ebd7afefecf2ecf847d34beb6ae489130fbdfefcb14f4f0c6e64547af54a47bed9d2e0979fb9b07f5f7b7b411e05ebbee4887407e4bf8ec08955622ad6e2ebece8c8a9cd11cd006aa1a3c2ac3776c63b6ca1de4c6b040e73d4ba6c7dddd84c77f5aabc23177ff8f189bbefbaf8dadd745939ebeabeedc043c9f7221fa1f33dbbe4a9fe3e4a6df6a9c95d3d7db5dd45eb2b8ada2a0f3cf6454a9f7fe807f4e6071fa45f387ba5ff1bb7ddbea963fdfadbf6fd6d9ee1decf0f0dd311f7939f1d7653d730d4450b646825f8db0a586de00daa583b61aa45e7c7c2d5eba328470353cb630b2d357777f943dd1b68619123f9ccad476838f48b1f1d0ad627ffb3a0a965afdac268d9869ffdf4d6bd74eecedffef81347697383b7de4269fdbae6f2e2c282c11da3e78e1fb89df6f59f68dd5e59515e52b9bea8ac6d93c379dfc3c1201ddf03fe59a0b3bd08d914a76747451174e09f2687a407932ee9d5f7dfff6007c83cccbb1fc8f033c09cea7525fafeaa4d6d37faccfd2fcbaea1fada5bf26067ad34d7d66fefefec5e5d9abc6c7a69fee74f566fe8da6cb33f347fcad0fab9a6c6b56b60fbd8faee9bff353fce0de44432247d0a905a45aac5de166dddbc128a8a7725ad9a8b453573b84ed09cf63d6387be76ecee63f77c6dbc6fc00dbbb9b8bf6f4aeed9456dbd13d3b65e68b2eef6567aeae16432f9c7d3676955e5d8fc3bc617bf323a46875d5ff99c67c4cd73940f35e5916a4809b75b58584145e96037acc58c75e5d386e4fbb42a79dc56c3aa365a765add23ae353d1d724b131c70f3f986df5f31bc785b6b5b195b6936ff5b3ea55b378ff398f8d3c92b88ee72be3f8d70d18a42a3d1f44af29b47e79f9f4b7edbb0956edef8dd6fd3a1e4574c2f5d79c0c0e6df068f7c50353b010bec2619c581d1f3f6c211293488870aa935f9abfcd636f7c1ed3ba975e721f7a6f622baca32f7b1d7df79e024a5274ffce65bf1a8e1d76d9e868d03bb2fbcec72d1e646b5f9953b26e8e9d354a239674e51eaf1f1de8a9fbbea8adf3870cbb63ff087c8abff2547721e812e47494e8a056b4c9dc92350a164e1e8c2d19c475053e6bfd539c0328d91b3528c380c9f27e586cde434d056e9dfc929a0097c4e027f358c3dc632f2c96565e488e99f880c631fdccff03bc8b7c0dd029f87e17302c6f93047e00e070c3c0b3ac997c8dbe48fb49d06e0fa083d47dfa4ef1b7a0d77195e34bc6f1c363e65fcb2f1e752a5e4960e499f137ec3d9ba5364e92a9ff93faff15dc29f2ce19fa1143946945c8e234e1b48aea15aa38d6487c1a2d1125965d8a1d126b2da7050a373803ea6d1cb48c0704ea373e13ccbd7e89bc80386a446e7e54bc6fb75df689ef9a446039c058f6ab48148054f68b49194177c46a325b2bce0198d36911505dfd2e81ca05fd7e865a4b5e0471a9d4b569b4f6bf44dc45eb85ca3f396190adda0994a46b0955f3aa2d112292d3d80b409f8cb4be7345a22c5a5f7209d03fc9cd247355a2205a54f22bd8ce356fa9c460356a52f229d0bfc15a5af6bb4445697fe0869f88bc0b0bef43d8d16f80b5ae02f6881bfa005fe8216f80b5ae02fe86564a2ec168d16f80b5ae02fe8bcfc55651f417a398fbde13e8d86d81b4e237d33f00b1abea8d11259dff00ad22bb86f0d6f6934f8d3f073a4f381bfb2e1bf345a22eb2c3721bd92ebb16cd068d063e942ba90636819d568c0d0b20fe955dc1fcb8c46833f963b9186bf89c82acb598d9608b35c40ba18e5ff59a3b9fc0f915e83f2ef6934c8379a905ecb73dab841a321a78dcd4897614e9fd3689e5391bb7294b76b3497173553cd73daa86834e4b451e0b991e3d3785ca3019fc6534837a29ecf6a34d7f32ca77333f0cfcdc03f3723aedc8cb85664c8afc8905f919197157a5e2ec0df926d5001ada40b281f99260adc87884ac2f089933912418e0d4651a0f9b70cfc204a34c18c9584e062c403bc29581f27311c29705740fa307c0750320fae01184d005721b3c071a3f630d8d5ed3841fb1ce84e801e067a55d019247ea0fd4047602e9ab2c352deb79076a06a52a32e38dbb90f326888802c03bb32d8e13afce49026bb1b46d3c0e5b309f031968a89e310c43842d7f46712b160a407c61330c3b93222911da3d0a36a9132b49280593fc6cb4793a07b16d646919300a90022c780afe7c3013e717482b82e8cd86ec5f50a4a2864066c72a403f8cd348f745986fc1870387e915406d371f0f938781184953140c18a923ca21e9008c1fce2aad89221c352520c9e4f87d07614387a7cf5640c638aa5ec76810d5e77691d8d19967c59ba751465c48457600023e6981d4274273f54f55e2d99aec45e949d05d930e49cd7ea245c412d6f8d585f2a601ec4685c38338dfecbe02bafbf61b415c59920faee85ef747e7944ad64333ccdb72d8118cf6d027c896026454e27d1df38d6e838d6114314e6b06e449ee3a9dad5a5394fc51dc42b8cfba4a07f01948b68356e417cc36827825e8bb57e4d8ba28d65d41dc10866402a8e737cd504faa1d7ece2fa8b6b2bc46e885ec5994cc560498dd3f57f353a111c07608d1fc6166d2ff07e23ec5a527616472032368b38f9b13b2c85d9ac166910fb46083b84dec91663cfd78490aa03f9faacfdb8b476e1c387c53673b7ebf519c5fdadd79b5ee34b45a05bbfdaafad1935c02311b1c4d19ebe7ba2d821e6b07e5440298c5d51be66a4a2f6e4acaa12dd4dd5be455482e67d36a2755beead9e4d5d0f97e43dfd7a352a4ea5b09699b4767d87043594a3d8ff83b887e35a6ef919a5f79149dccd218c524739bbaa2d981919e98056075777edc53ba10e4f2f1ee716d20c9782bd88db3884bd59c1accac0e3084d81843ed7ace93cb0e824a8d7766fba5bc45288e9defc4fceda3ff36c63eb16e970ea3a5859aa9a0f024fe449af1a059f0942da9998aeeeeb9dd77a555efbcce6991b4eed9c58c64923f22daa40d16c4d612d87b5bc5b30e6a876968adec33b838cf88b3ceb752cea2aa2757061819f03e2ec0ca72a4526e96796c5fdec2f908b144232c6ae6a678ede3f02c8490036628fa44f4186a75a48ab993addc76be796f0732ceba905b25d9f8151004f9950569fb93ac6ebe8c3ee1bc475baf4d2ddcdb2a8bbe9d82f5ecd5113fd34336eddaff413657ad7a44f223d8716ecf72a5a994c8d958c0ae17d4b642806dad227acf07a027d51b4932a91ca65662f11396cd6321ec35d124af9a0efebec5afaf351cd3ce1459499274d764da79198451c673e641ef5d3803ff1863564940c0f02f8cd6da671390812fe8cb3237e9d7e2c3a7f0023d04fbc2d595d5c068d2a769ca5ff8610cf7ffa2993c6473fc9d21865f694ec5531ec152257135adc4b9fb9f235321a4d451fc32a0da376b18bc4c99b79a27fd80ad0cfb70162c75937e983d11e382d3dc871008f3fb77a60660c46bdc0ed054e2d4878b5f95accd41e3c8706406e14cf38a1c303df2e188f638feb230cc77c3408f22ed0c5d7dac95eb461076d5e94f4a0ee21e03ae16ed7e4f80a1b704661cce97eec82c29e0b5689bf881cda99283cf5019fa522ccf6ca811675cf8660e401fd03daac15743b501ff79fdbef43da95f2b34ff3d48a1871cd5ca70d3c72e2887347e13e0c725eb46fc59885b72e8ca10fe6452c76f4805b6ed26215721c9f316d86e788fbe7842b1d95153118406fd2f8d9e03e0c9e73fdfd30ebc313c20d2b7b31522fa267d730e3d13a71948e4a64ca86d170543906bd400fc1a73f859d07bf852f9e0c6dd9d8edc1f9b49488cfaa7ddb1039378e44366c38f261aef8ac45cba507e3586c750f56a21da5ac18b13755217d58bdc27bbd3a850d778627c21ecf6da62f7a55b3ebec11a1459f1fd5327d352e1c752b62c2fdf2a62c5f4b73d305d6d6d2dac57cd30a1b52c36a7c2ea2309b1a8da851391e54c34dcc1a0a314f706a3a1e631e25a6440f2b8126969737a04c449559e68e28611f5fe394e7d4449c85d4a9a09ff9d5c85c94af615c7d4b3babe1b72e0bf3c8a1c8341b90c37ed57f08b8bbd5e9301b480462dc926f3a1863a14c3d936a94f504274241bf1c629a459051c1288ba989a85f81db647c568e2a2c110e285116e771387ccc19f42be198b295c514852933134a20a004584870594089f9a3c1080f106d0494b81c0cc59aacd1a01cea5143011d8a2dc8619cc5ea8682fea8caedd58f29d1185fdbd5d4d28a128db8c827a4c14399c5a372409991a387983a796d74534cc4b0372acf06c353cc3d39098eb246e651278261e60afaa7d5901cb3b061391e0dfa8332f3ca186e8cb56eee6e4bf9c56289482414844027d570bc898dab093623cfb104841ce7e072368babcc1f55e4b8626181602c02805b981c0eb0483408b37e1051e02ec7584489ce04e37150373187c0eaf0c56102b210d589496ec1c2ef087fca9d48540d24fc710be365036b2d7c8d6e00029b9d86c8323c9b05a3c1b03f9408f01ad3bd57c3a1395617ac1769cc10070dd7f356649de31955621c378e78da005f9ed2b51511a80b8295b832c3d3130d82d5803a1b0ea972201b3d594005d506e1a8600abe13f108546d40e1617299692514c946147652784e13e709018580cf747022083e37e5e5f11a99544321154b4083dac226e418f8aa865395ad27a16e3a1e8f6c696e56c24db3c143c1881208ca4d6a74aa998f9a41f280b607ea21bd581631ee1857b3f4a65d6ab3bda14938b9c4250ef3411562e2d0288795106c44843b7b5b7328b336765ede304f4e0cf70cc40d1028b06a2a2a0332010b9b8cc22685eaf14fcbd1298899630c584146613953276073863928323616bdcefefc28b843722ca6c2cee1f51150fd8919c8882cf67f3004c8d4718d59d132afd6592ed5a34701856f6d918725e5d86c303ecdd919e566d1ca8d7baf4f878250a7c236d71515bd152ce026e2115ad88c1a084ef2bb8280441210506c1a372ca89e48f0cd1be34cad4a20c266083ca640b3060d3cd71a4a4bba2a363c98149b46431a9d989d5667ae1323df068968189c51504140850e8cbe1c54fc71bdc0d2750cc51f08e2c6db224a5c9e500f2b190704f43fbe65d01fbec922e94ad1a662d3324435a164ed5c3923d028371f8b4331f1ee0b9b576cf4eb01c0f7db809d79dd7dbe3d568f9d39bc6cd8e31e73f4da7b59add50be35a0bdbe3f00db8477d0c243c56976f9cb9fb98d535ce061dae5e0bb3ef1df6d8bd5ee6f630c7d0b0d361079ec365738ef63a5cfdac07d6b9dc700e39602782529f9b71839a2a87ddcb950dd93db601185a7b1c4e876fdcc2fa1c3e17d7d9074aad6cd8eaf1396ca34eab870d8f7a86dd5e3b98ef05b52e87abcf0356ec437697af09ac028fd9c760c0bc0356a7134d5947c17b0ffa67730f8f7b1cfd033e36e076f6da81d96307cfac3d4ebb300541d99c56c79085f55a87acfd765ce5062d1e14d3bcdb33604716d8b3c27f9bcfe176f1306c6e97cf03430b44e9f1a596ee7178ed1666f538bc1c903e8f1bd4733861851b95c03a975d68e150b3ac8c80081f8f7aed695f7aed5627e8f2f2c599c24df088a3e08f2be26542e68ff8d9337192a079f0e7cc3b593269ee24fed9943927387db83e9e35a3f18cf71b5f36be667c05be9fcb9ccfe2ffefbef05a8e9f1b2fbdfefa5e7afde55e39dd78d173e345cf8d173dfff72f7a446fbef1b2e7aff3658fc8de8d173e375ef8dc78e173e385cfe26e7ee3a54ff64b1f1d9d1b2f7e6ebcf8b9f1e2e7ffd98b9fd42f23c16bfe662266f87320ef3987f1292b0e7b3f53f6ead97e7ce6896549e9bc3ef20e8c0f913f82fc3bc0cbfe3d257b4e5f1323e2b71775498de9d931a432650467004787f1979cecf9ec9961ec6651ec8ca2ffcd65492f359f89947a4d0c55a95cda216d956c52a7d42ded92b64b83d2e64ce925e77d4bfe5695e60e720e6d053a733ecd1dc43e1c0144d54512293e35939f19abe0c4c9984ff19cda5388bc28df3af7bf0192e44f3c656e6473747265616d0a656e646f626a0a35372030206f626a0a353830330a656e646f626a0a35352030206f626a0a3c3c202f54797065202f466f6e740a2f53756274797065202f434944466f6e7454797065320a2f42617365466f6e74202f417269616c426f6c640a2f43494453797374656d496e666f203c3c202f5265676973747279202841646f626529202f4f72646572696e6720284964656e7469747929202f537570706c656d656e742030203e3e0a2f466f6e7444657363726970746f72203533203020520a2f434944546f4749444d6170202f4964656e746974790a2f57205b30205b3734342036363220353532203333302032373620353532203630362032373620323736203333302036303620333836203838322037313620363036203731362036303620353532203630362036303620363036203535322037313620353532205d0a5d0a3e3e0a656e646f626a0a35362030206f626a0a3c3c202f4c656e67746820353235203e3e0a73747265616d0a2f434944496e6974202f50726f635365742066696e647265736f7572636520626567696e0a3132206469637420626567696e0a626567696e636d61700a2f43494453797374656d496e666f203c3c202f5265676973747279202841646f626529202f4f72646572696e67202855435329202f537570706c656d656e742030203e3e206465660a2f434d61704e616d65202f41646f62652d4964656e746974792d554353206465660a2f434d6170547970652032206465660a3120626567696e636f6465737061636572616e67650a3c303030303e203c464646463e0a656e64636f6465737061636572616e67650a3220626567696e626672616e67650a3c303030303e203c303030303e203c303030303e0a3c303030313e203c303031373e205b3c303035303e203c303036313e203c303037343e203c303036393e203c303036353e203c303036453e203c303032303e203c303034393e203c303036363e203c303036463e203c303037323e203c303036443e203c303034333e203c303036343e203c303034343e203c303036373e203c303037333e203c303035343e203c303036383e203c303037303e203c303037393e203c303034313e203c303036333e205d0a656e64626672616e67650a656e64636d61700a434d61704e616d652063757272656e7464696374202f434d617020646566696e657265736f7572636520706f700a656e640a656e640a656e6473747265616d0a656e646f626a0a34332030206f626a0a3c3c202f54797065202f466f6e740a2f53756274797065202f54797065300a2f42617365466f6e74202f417269616c426f6c640a2f456e636f64696e67202f4964656e746974792d480a2f44657363656e64616e74466f6e7473205b3535203020525d0a2f546f556e69636f6465203536203020523e3e0a656e646f626a0a332030206f626a0a3c3c0a2f54797065202f50616765730a2f4b696473200a5b0a36203020520a5d0a2f436f756e7420310a2f50726f63536574205b2f504446202f54657874202f496d61676542202f496d616765435d0a3e3e0a656e646f626a0a787265660a302035380a303030303030303030302036353533352066200a30303030303030303039203030303030206e200a30303030303030313230203030303030206e200a30303030303436353234203030303030206e200a30303030303030313639203030303030206e200a30303030303030323634203030303030206e200a30303030303238303635203030303030206e200a30303030303030333031203030303030206e200a30303030303030333436203030303030206e200a30303030303030353432203030303030206e200a30303030303030353630203030303030206e200a30303030303031333735203030303030206e200a30303030303031333935203030303030206e200a30303030303031353933203030303030206e200a30303030303031363132203030303030206e200a30303030303032343238203030303030206e200a30303030303032343438203030303030206e200a30303030303032363436203030303030206e200a30303030303032363635203030303030206e200a30303030303033343831203030303030206e200a30303030303033353031203030303030206e200a30303030303033363939203030303030206e200a30303030303033373138203030303030206e200a30303030303034353334203030303030206e200a30303030303034353534203030303030206e200a30303030303034393035203030303030206e200a30303030303034393235203030303030206e200a30303030303035373530203030303030206e200a30303030303035373730203030303030206e200a30303030303036313230203030303030206e200a30303030303036313430203030303030206e200a30303030303036393635203030303030206e200a30303030303036393835203030303030206e200a30303030303037333435203030303030206e200a30303030303037333635203030303030206e200a30303030303038313930203030303030206e200a30303030303038323130203030303030206e200a30303030303038353637203030303030206e200a30303030303038353837203030303030206e200a30303030303039343132203030303030206e200a30303030303039343332203030303030206e200a30303030303238303433203030303030206e200a30303030303339323033203030303030206e200a30303030303436333838203030303030206e200a30303030303238353138203030303030206e200a30303030303239383737203030303030206e200a30303030303238313836203030303030206e200a30303030303238343938203030303030206e200a30303030303239383938203030303030206e200a30303030303330313531203030303030206e200a30303030303337393939203030303030206e200a30303030303338343234203030303030206e200a30303030303337393738203030303030206e200a30303030303339333432203030303030206e200a30303030303339353932203030303030206e200a30303030303435353037203030303030206e200a30303030303435383132203030303030206e200a30303030303435343836203030303030206e200a747261696c65720a3c3c0a2f53697a652035380a2f496e666f2031203020520a2f526f6f742032203020520a3e3e0a7374617274787265660a34363632320a2525454f460a, '2024-06-27 10:04:03');

-- --------------------------------------------------------

--
-- Table structure for table `roles`
--

CREATE TABLE `roles` (
  `role_id` int NOT NULL,
  `role_name` varchar(255) NOT NULL,
  `createdAt` datetime NOT NULL DEFAULT CURRENT_TIMESTAMP,
  `updatedAt` datetime NOT NULL DEFAULT CURRENT_TIMESTAMP ON UPDATE CURRENT_TIMESTAMP
) ENGINE=InnoDB DEFAULT CHARSET=latin1;

--
-- Dumping data for table `roles`
--

INSERT INTO `roles` (`role_id`, `role_name`, `createdAt`, `updatedAt`) VALUES
(1, 'patient', '2024-06-02 12:19:18', '2024-06-02 12:19:18'),
(2, 'admin', '2024-06-02 12:19:18', '2024-06-02 12:19:18'),
(3, 'doctor', '2024-06-02 12:19:18', '2024-06-02 12:19:18');

-- --------------------------------------------------------

--
-- Table structure for table `room`
--

CREATE TABLE `room` (
  `Room_ID` int NOT NULL,
  `Room_type` varchar(20) NOT NULL,
  `Patient_ID` int DEFAULT NULL,
  `Room_cost` decimal(10,2) DEFAULT NULL
) ENGINE=InnoDB DEFAULT CHARSET=utf8mb4 COLLATE=utf8mb4_0900_ai_ci;

--
-- Dumping data for table `room`
--

INSERT INTO `room` (`Room_ID`, `Room_type`, `Patient_ID`, `Room_cost`) VALUES
(1, 'Four-bed room ', 1, 50.00),
(2, 'Two-bed room ', 4, 85.00),
(3, 'Three-bed room ', 3, 64.00);

-- --------------------------------------------------------

--
-- Table structure for table `staff`
--

CREATE TABLE `staff` (
  `Emp_ID` int NOT NULL,
  `Emp_Fname` varchar(50) NOT NULL,
  `Emp_Lname` varchar(50) NOT NULL,
  `Joining_Date` date NOT NULL,
  `Emp_type` varchar(50) NOT NULL,
  `Email` varchar(100) DEFAULT NULL,
  `Address` varchar(255) DEFAULT NULL,
  `Dept_ID` int DEFAULT NULL,
  `SSN` varchar(20) DEFAULT NULL,
  `DOB` date DEFAULT NULL,
  `Date_Separation` date DEFAULT NULL
) ENGINE=InnoDB DEFAULT CHARSET=utf8mb4 COLLATE=utf8mb4_0900_ai_ci;

--
-- Dumping data for table `staff`
--

INSERT INTO `staff` (`Emp_ID`, `Emp_Fname`, `Emp_Lname`, `Joining_Date`, `Emp_type`, `Email`, `Address`, `Dept_ID`, `SSN`, `DOB`, `Date_Separation`) VALUES
(4, 'Ilir', 'Zeqiri', '2021-08-17', 'Doctor', 'Ilir@gmail.com', 'Prishtin, Dardani', 1, '12345', '1978-07-30', '2022-12-22'),
(5, 'Besnik', 'Rama', '2022-07-18', 'Doctor', 'besnik@gmail.com', 'Prizren', 2, '11225', '1977-12-14', '2023-12-14'),
(6, 'Shpresa', 'Gashi', '2020-02-05', 'Nurse', 'Shpresa@gmail.com', 'Malishev', 3, '21256', '1994-07-12', '2024-01-18'),
(7, 'Anila', 'Shehu', '2024-01-30', 'Doctor', 'anila@gmail.com', 'Mitrovic', 3, '32145', '1994-12-21', '2023-12-27'),
(8, 'Ridvan', 'Krasniqi', '2020-04-15', 'Doctor', 'ridvan@gmail.com', 'Prishtin', 5, '64512', '1967-07-23', '2024-03-14'),
(9, 'Alma', 'Aliu', '2021-05-27', 'Nurse', 'Alma@gmail.com', 'Prishtin', 5, '87151', '1996-09-24', '2024-04-11'),
(10, 'Blerina', 'Hoxha', '2022-01-11', 'Nurse', 'blerina@gmail.com', 'Ferizaj', 4, '69871', '1989-05-17', '2023-11-16');

-- --------------------------------------------------------

--
-- Table structure for table `userrole`
--

CREATE TABLE `userrole` (
  `UserRole_Id` int NOT NULL,
  `user_id` int NOT NULL,
  `role_id` int NOT NULL,
  `createdAt` timestamp NULL DEFAULT CURRENT_TIMESTAMP,
  `updatedAt` timestamp NULL DEFAULT CURRENT_TIMESTAMP ON UPDATE CURRENT_TIMESTAMP
) ENGINE=InnoDB DEFAULT CHARSET=latin1;

--
-- Dumping data for table `userrole`
--

INSERT INTO `userrole` (`UserRole_Id`, `user_id`, `role_id`, `createdAt`, `updatedAt`) VALUES
(1, 1, 2, '2024-06-27 08:17:51', '2024-06-27 08:18:10'),
(2, 2, 2, '2024-06-27 08:19:53', '2024-06-27 08:19:53'),
(3, 3, 2, '2024-06-27 08:20:42', '2024-06-27 08:20:42'),
(4, 4, 2, '2024-06-27 08:21:37', '2024-06-27 08:21:37'),
(5, 5, 2, '2024-06-27 08:22:18', '2024-06-27 08:22:18'),
(6, 6, 3, '2024-06-27 10:06:03', '2024-06-27 10:06:03'),
(7, 7, 1, '2024-06-27 10:07:01', '2024-06-27 10:07:01');

-- --------------------------------------------------------

--
-- Table structure for table `users`
--

CREATE TABLE `users` (
  `user_id` int NOT NULL,
  `email` varchar(100) NOT NULL,
  `username` varchar(50) NOT NULL,
  `password` varchar(100) NOT NULL
) ENGINE=InnoDB DEFAULT CHARSET=utf8mb4 COLLATE=utf8mb4_0900_ai_ci;

--
-- Dumping data for table `users`
--

INSERT INTO `users` (`user_id`, `email`, `username`, `password`) VALUES
(1, 'bledarxhemaili@gmail.com', 'Bledar', '$2b$10$7.GJk6aIHBDrFCfE0GBqQO.OalRkoZfEhhZKaR2GL34KrLdXMvjUe'),
(2, 'lg69462@ubt-uni.net', 'Lind', '$2b$10$a.nxkGWFVOHS7cgv1qQJRevF55wIIbW5Gw3rRDoJv6E4Dv2SNMI.W'),
(3, 'fm64768@ubt-uni.net', 'Fjolla', '$2b$10$mnWbHrFJLkYGVB7e35vTteS0p4SkZQHay5jALZ2sCvoUGdMTdlYfO'),
(4, 'es64810@ubt-uni.net', 'Egzona', '$2b$10$dYiyyJ8rld7wjyH.VFzLQOUNPC1RlBflv3XXv7XnSBadOaqf4nRPG'),
(5, 'aa68723@ubt-uni.net', 'Alton', '$2b$10$0QjewCE/IYn1UgdeQdcB1O1QY3nkZ3x0eQYsFc9xEnnCAfvoveLt2'),
(6, 'doctor@gmail.com', 'Doctor', '$2b$10$U3bEhB2JYG.6iUcfGKykFO5GzTVKpDD60lTpjpRaL7xP7XBcDId0K'),
(7, 'patient@gmail.com', 'Patient', '$2b$10$jL1HSKjh.LeF4vVvo0Z52uJV/JIWBdLl68yXXgnmYkDxBK0k/OeHy');

-- --------------------------------------------------------

--
-- Table structure for table `visits`
--

CREATE TABLE `visits` (
  `Visit_ID` int NOT NULL,
  `Patient_ID` int DEFAULT NULL,
  `Doctor_ID` int DEFAULT NULL,
  `date_of_visit` date DEFAULT NULL,
  `condition` varchar(255) DEFAULT NULL,
  `diagnosis` varchar(255) DEFAULT NULL,
  `therapy` varchar(255) DEFAULT NULL
) ENGINE=InnoDB DEFAULT CHARSET=latin1;

--
-- Dumping data for table `visits`
--

INSERT INTO `visits` (`Visit_ID`, `Patient_ID`, `Doctor_ID`, `date_of_visit`, `condition`, `diagnosis`, `therapy`) VALUES
(1, 1, 1, '2024-06-19', 'Dhimbje koke', 'Migren', 'Parecetamol'),
(2, 3, 4, '2024-06-25', 'Lendim ne dore', 'Thyerje', 'Ibrufen');

--
-- Indexes for dumped tables
--

--
-- Indexes for table `appointment`
--
ALTER TABLE `appointment`
  ADD PRIMARY KEY (`Appoint_ID`),
  ADD KEY `Doctor_ID` (`Doctor_ID`),
  ADD KEY `Patient_ID` (`Patient_ID`);

--
-- Indexes for table `bill`
--
ALTER TABLE `bill`
  ADD PRIMARY KEY (`Bill_ID`),
  ADD KEY `Patient_ID` (`Patient_ID`);

--
-- Indexes for table `department`
--
ALTER TABLE `department`
  ADD PRIMARY KEY (`Dept_ID`);

--
-- Indexes for table `doctor`
--
ALTER TABLE `doctor`
  ADD PRIMARY KEY (`Doctor_ID`),
  ADD KEY `Emp_ID` (`Emp_ID`);

--
-- Indexes for table `emergency_contact`
--
ALTER TABLE `emergency_contact`
  ADD PRIMARY KEY (`Contact_ID`),
  ADD KEY `Patient_ID` (`Patient_ID`);

--
-- Indexes for table `insurance`
--
ALTER TABLE `insurance`
  ADD PRIMARY KEY (`Policy_Number`),
  ADD KEY `Patient_ID` (`Patient_ID`);

--
-- Indexes for table `lab_screening`
--
ALTER TABLE `lab_screening`
  ADD PRIMARY KEY (`Lab_ID`),
  ADD KEY `Patient_ID` (`Patient_ID`),
  ADD KEY `Doctor_ID` (`Doctor_ID`);

--
-- Indexes for table `medical_history`
--
ALTER TABLE `medical_history`
  ADD PRIMARY KEY (`Record_ID`),
  ADD KEY `Patient_ID` (`Patient_ID`);

--
-- Indexes for table `medicine`
--
ALTER TABLE `medicine`
  ADD PRIMARY KEY (`Medicine_ID`);

--
-- Indexes for table `nurse`
--
ALTER TABLE `nurse`
  ADD PRIMARY KEY (`Nurse_ID`),
  ADD KEY `Patient_ID` (`Patient_ID`),
  ADD KEY `Emp_ID` (`Emp_ID`);

--
-- Indexes for table `patient`
--
ALTER TABLE `patient`
  ADD PRIMARY KEY (`Patient_ID`);

--
-- Indexes for table `payroll`
--
ALTER TABLE `payroll`
  ADD PRIMARY KEY (`Account_no`),
  ADD KEY `Emp_ID` (`Emp_ID`);

--
-- Indexes for table `rating`
--
ALTER TABLE `rating`
  ADD PRIMARY KEY (`Rating_ID`),
  ADD KEY `Emp_ID` (`Emp_ID`);

--
-- Indexes for table `reports`
--
ALTER TABLE `reports`
  ADD PRIMARY KEY (`Report_ID`);

--
-- Indexes for table `roles`
--
ALTER TABLE `roles`
  ADD PRIMARY KEY (`role_id`);

--
-- Indexes for table `room`
--
ALTER TABLE `room`
  ADD PRIMARY KEY (`Room_ID`),
  ADD KEY `Patient_ID` (`Patient_ID`);

--
-- Indexes for table `staff`
--
ALTER TABLE `staff`
  ADD PRIMARY KEY (`Emp_ID`),
  ADD KEY `Dept_ID` (`Dept_ID`);

--
-- Indexes for table `userrole`
--
ALTER TABLE `userrole`
  ADD PRIMARY KEY (`UserRole_Id`),
  ADD KEY `user_id` (`user_id`),
  ADD KEY `role_id` (`role_id`);

--
-- Indexes for table `users`
--
ALTER TABLE `users`
  ADD PRIMARY KEY (`user_id`),
  ADD UNIQUE KEY `email` (`email`),
  ADD UNIQUE KEY `username` (`username`);

--
-- Indexes for table `visits`
--
ALTER TABLE `visits`
  ADD PRIMARY KEY (`Visit_ID`),
  ADD KEY `Patient_ID` (`Patient_ID`),
  ADD KEY `Doctor_ID` (`Doctor_ID`);

--
-- AUTO_INCREMENT for dumped tables
--

--
-- AUTO_INCREMENT for table `appointment`
--
ALTER TABLE `appointment`
  MODIFY `Appoint_ID` int NOT NULL AUTO_INCREMENT, AUTO_INCREMENT=3;

--
-- AUTO_INCREMENT for table `bill`
--
ALTER TABLE `bill`
  MODIFY `Bill_ID` int NOT NULL AUTO_INCREMENT, AUTO_INCREMENT=3;

--
-- AUTO_INCREMENT for table `department`
--
ALTER TABLE `department`
  MODIFY `Dept_ID` int NOT NULL AUTO_INCREMENT, AUTO_INCREMENT=6;

--
-- AUTO_INCREMENT for table `doctor`
--
ALTER TABLE `doctor`
  MODIFY `Doctor_ID` int NOT NULL AUTO_INCREMENT, AUTO_INCREMENT=5;

--
-- AUTO_INCREMENT for table `emergency_contact`
--
ALTER TABLE `emergency_contact`
  MODIFY `Contact_ID` int NOT NULL AUTO_INCREMENT, AUTO_INCREMENT=3;

--
-- AUTO_INCREMENT for table `insurance`
--
ALTER TABLE `insurance`
  MODIFY `Policy_Number` int NOT NULL AUTO_INCREMENT, AUTO_INCREMENT=4;

--
-- AUTO_INCREMENT for table `lab_screening`
--
ALTER TABLE `lab_screening`
  MODIFY `Lab_ID` int NOT NULL AUTO_INCREMENT;

--
-- AUTO_INCREMENT for table `medical_history`
--
ALTER TABLE `medical_history`
  MODIFY `Record_ID` int NOT NULL AUTO_INCREMENT, AUTO_INCREMENT=3;

--
-- AUTO_INCREMENT for table `medicine`
--
ALTER TABLE `medicine`
  MODIFY `Medicine_ID` int NOT NULL AUTO_INCREMENT, AUTO_INCREMENT=16;

--
-- AUTO_INCREMENT for table `nurse`
--
ALTER TABLE `nurse`
  MODIFY `Nurse_ID` int NOT NULL AUTO_INCREMENT, AUTO_INCREMENT=5;

--
-- AUTO_INCREMENT for table `patient`
--
ALTER TABLE `patient`
  MODIFY `Patient_ID` int NOT NULL AUTO_INCREMENT, AUTO_INCREMENT=6;

--
-- AUTO_INCREMENT for table `payroll`
--
ALTER TABLE `payroll`
  MODIFY `Account_no` int NOT NULL AUTO_INCREMENT;

--
-- AUTO_INCREMENT for table `rating`
--
ALTER TABLE `rating`
  MODIFY `Rating_ID` int NOT NULL AUTO_INCREMENT, AUTO_INCREMENT=4;

--
-- AUTO_INCREMENT for table `reports`
--
ALTER TABLE `reports`
  MODIFY `Report_ID` int NOT NULL AUTO_INCREMENT, AUTO_INCREMENT=3;

--
-- AUTO_INCREMENT for table `roles`
--
ALTER TABLE `roles`
  MODIFY `role_id` int NOT NULL AUTO_INCREMENT, AUTO_INCREMENT=4;

--
-- AUTO_INCREMENT for table `room`
--
ALTER TABLE `room`
  MODIFY `Room_ID` int NOT NULL AUTO_INCREMENT, AUTO_INCREMENT=4;

--
-- AUTO_INCREMENT for table `staff`
--
ALTER TABLE `staff`
  MODIFY `Emp_ID` int NOT NULL AUTO_INCREMENT, AUTO_INCREMENT=11;

--
-- AUTO_INCREMENT for table `userrole`
--
ALTER TABLE `userrole`
  MODIFY `UserRole_Id` int NOT NULL AUTO_INCREMENT, AUTO_INCREMENT=8;

--
-- AUTO_INCREMENT for table `users`
--
ALTER TABLE `users`
  MODIFY `user_id` int NOT NULL AUTO_INCREMENT, AUTO_INCREMENT=8;

--
-- AUTO_INCREMENT for table `visits`
--
ALTER TABLE `visits`
  MODIFY `Visit_ID` int NOT NULL AUTO_INCREMENT, AUTO_INCREMENT=3;

--
-- Constraints for dumped tables
--

--
-- Constraints for table `appointment`
--
ALTER TABLE `appointment`
  ADD CONSTRAINT `appointment_ibfk_1` FOREIGN KEY (`Doctor_ID`) REFERENCES `doctor` (`Doctor_ID`) ON DELETE CASCADE ON UPDATE RESTRICT,
  ADD CONSTRAINT `appointment_ibfk_2` FOREIGN KEY (`Patient_ID`) REFERENCES `patient` (`Patient_ID`) ON DELETE CASCADE ON UPDATE RESTRICT;

--
-- Constraints for table `bill`
--
ALTER TABLE `bill`
  ADD CONSTRAINT `bill_ibfk_1` FOREIGN KEY (`Patient_ID`) REFERENCES `patient` (`Patient_ID`) ON DELETE CASCADE ON UPDATE RESTRICT;

--
-- Constraints for table `doctor`
--
ALTER TABLE `doctor`
  ADD CONSTRAINT `doctor_ibfk_1` FOREIGN KEY (`Emp_ID`) REFERENCES `staff` (`Emp_ID`) ON DELETE CASCADE ON UPDATE RESTRICT;

--
-- Constraints for table `emergency_contact`
--
ALTER TABLE `emergency_contact`
  ADD CONSTRAINT `emergency_contact_ibfk_1` FOREIGN KEY (`Patient_ID`) REFERENCES `patient` (`Patient_ID`) ON DELETE CASCADE ON UPDATE RESTRICT;

--
-- Constraints for table `insurance`
--
ALTER TABLE `insurance`
  ADD CONSTRAINT `insurance_ibfk_1` FOREIGN KEY (`Patient_ID`) REFERENCES `patient` (`Patient_ID`) ON DELETE CASCADE ON UPDATE RESTRICT;

--
-- Constraints for table `lab_screening`
--
ALTER TABLE `lab_screening`
  ADD CONSTRAINT `lab_screening_ibfk_1` FOREIGN KEY (`Patient_ID`) REFERENCES `patient` (`Patient_ID`) ON DELETE CASCADE ON UPDATE RESTRICT,
  ADD CONSTRAINT `lab_screening_ibfk_2` FOREIGN KEY (`Doctor_ID`) REFERENCES `doctor` (`Doctor_ID`) ON DELETE CASCADE ON UPDATE RESTRICT;

--
-- Constraints for table `medical_history`
--
ALTER TABLE `medical_history`
  ADD CONSTRAINT `medical_history_ibfk_1` FOREIGN KEY (`Patient_ID`) REFERENCES `patient` (`Patient_ID`) ON DELETE CASCADE ON UPDATE RESTRICT;

--
-- Constraints for table `nurse`
--
ALTER TABLE `nurse`
  ADD CONSTRAINT `nurse_ibfk_1` FOREIGN KEY (`Patient_ID`) REFERENCES `patient` (`Patient_ID`) ON DELETE CASCADE ON UPDATE RESTRICT,
  ADD CONSTRAINT `nurse_ibfk_2` FOREIGN KEY (`Emp_ID`) REFERENCES `staff` (`Emp_ID`) ON DELETE CASCADE ON UPDATE RESTRICT;

--
-- Constraints for table `payroll`
--
ALTER TABLE `payroll`
  ADD CONSTRAINT `payroll_ibfk_1` FOREIGN KEY (`Emp_ID`) REFERENCES `staff` (`Emp_ID`) ON DELETE CASCADE ON UPDATE RESTRICT;

--
-- Constraints for table `rating`
--
ALTER TABLE `rating`
  ADD CONSTRAINT `fk_rating_staff` FOREIGN KEY (`Emp_ID`) REFERENCES `staff` (`Emp_ID`) ON DELETE CASCADE ON UPDATE RESTRICT,
  ADD CONSTRAINT `rating_ibfk_2` FOREIGN KEY (`Emp_ID`) REFERENCES `staff` (`Emp_ID`) ON DELETE CASCADE ON UPDATE RESTRICT;

--
-- Constraints for table `room`
--
ALTER TABLE `room`
  ADD CONSTRAINT `room_ibfk_1` FOREIGN KEY (`Patient_ID`) REFERENCES `patient` (`Patient_ID`) ON DELETE CASCADE ON UPDATE RESTRICT;

--
-- Constraints for table `userrole`
--
ALTER TABLE `userrole`
  ADD CONSTRAINT `userrole_ibfk_1` FOREIGN KEY (`user_id`) REFERENCES `users` (`user_id`) ON DELETE CASCADE ON UPDATE RESTRICT,
  ADD CONSTRAINT `userrole_ibfk_2` FOREIGN KEY (`role_id`) REFERENCES `roles` (`role_id`) ON DELETE CASCADE ON UPDATE RESTRICT;

--
-- Constraints for table `visits`
--
ALTER TABLE `visits`
  ADD CONSTRAINT `visits_ibfk_1` FOREIGN KEY (`Patient_ID`) REFERENCES `patient` (`Patient_ID`) ON DELETE CASCADE ON UPDATE RESTRICT,
  ADD CONSTRAINT `visits_ibfk_2` FOREIGN KEY (`Doctor_ID`) REFERENCES `doctor` (`Doctor_ID`) ON DELETE CASCADE ON UPDATE RESTRICT;
COMMIT;

/*!40101 SET CHARACTER_SET_CLIENT=@OLD_CHARACTER_SET_CLIENT */;
/*!40101 SET CHARACTER_SET_RESULTS=@OLD_CHARACTER_SET_RESULTS */;
/*!40101 SET COLLATION_CONNECTION=@OLD_COLLATION_CONNECTION */;
